timestamp;elapsed_s;record_frame;peak_id;state;x_px;y_px;initial_x_px;initial_y_px;dx_px;dy_px;displacement_px;confidence;missed_frames;search_scale;area_px;threshold;preset
2026-08-12T04:53:47.402;0.289;1;1;LOCK;1248.3496;908.2203;1248.3496;908.2203;0.0000;0.0000;0.0000;0.9459;0;1.000;85.00;254.00;Базовый
2026-08-12T04:53:47.402;0.289;1;2;LOCK;1306.8770;862.9022;1306.8770;862.9022;0.0000;0.0000;0.0000;0.9088;0;1.000;79.00;252.52;Базовый
2026-08-12T04:53:47.690;0.577;2;1;LOCK;1248.3496;908.2203;1248.3496;908.2203;0.0000;0.0000;0.0000;0.9951;0;1.000;84.00;253.00;Базовый
2026-08-12T04:53:47.690;0.577;2;2;LOCK;1306.8770;862.9022;1306.8770;862.9022;0.0000;0.0000;0.0000;0.9288;0;1.000;77.00;253.00;Базовый
2026-08-12T04:53:47.972;0.859;3;1;LOCK;1248.3496;908.2203;1248.3496;908.2203;0.0000;0.0000;0.0000;0.9415;0;1.000;84.00;254.00;Базовый
2026-08-12T04:53:47.972;0.859;3;2;LOCK;1306.8770;862.9022;1306.8770;862.9022;0.0000;0.0000;0.0000;0.9288;0;1.000;77.00;253.00;Базовый
2026-08-12T04:53:48.264;1.152;4;1;LOCK;1248.3496;908.2203;1248.3496;908.2203;0.0000;0.0000;0.0000;0.9415;0;1.000;84.00;254.00;Базовый
2026-08-12T04:53:48.264;1.152;4;2;LOCK;1306.8770;862.9022;1306.8770;862.9022;0.0000;0.0000;0.0000;0.9288;0;1.000;77.00;253.00;Базовый
2026-08-12T04:53:48.551;1.438;5;1;LOCK;1248.3496;908.2203;1248.3496;908.2203;0.0000;0.0000;0.0000;0.9415;0;1.000;84.00;254.00;Базовый
2026-08-12T04:53:48.551;1.438;5;2;LOCK;1306.8770;862.9022;1306.8770;862.9022;0.0000;0.0000;0.0000;0.9288;0;1.000;77.00;253.00;Базовый
2026-08-12T04:53:48.826;1.714;6;1;LOCK;1248.3496;908.2203;1248.3496;908.2203;0.0000;0.0000;0.0000;0.9717;0;1.000;84.00;254.00;Базовый
2026-08-12T04:53:48.826;1.714;6;2;LOCK;1306.8770;862.9022;1306.8770;862.9022;0.0000;0.0000;0.0000;0.9288;0;1.000;77.00;253.00;Базовый
2026-08-12T04:53:49.104;1.991;7;1;LOCK;1248.3496;908.2203;1248.3496;908.2203;0.0000;0.0000;0.0000;0.9717;0;1.000;84.00;254.00;Базовый
2026-08-12T04:53:49.104;1.991;7;2;LOCK;1306.8770;862.9022;1306.8770;862.9022;0.0000;0.0000;0.0000;0.9288;0;1.000;77.00;253.00;Базовый
2026-08-12T04:53:49.378;2.265;8;1;LOCK;1248.3496;908.2203;1248.3496;908.2203;0.0000;0.0000;0.0000;0.9494;0;1.000;84.00;252.00;Базовый
2026-08-12T04:53:49.378;2.265;8;2;LOCK;1306.8770;862.9022;1306.8770;862.9022;0.0000;0.0000;0.0000;0.9289;0;1.000;77.00;253.00;Базовый
2026-08-12T04:53:49.657;2.544;9;1;LOCK;1248.3496;908.2203;1248.3496;908.2203;0.0000;0.0000;0.0000;0.9940;0;1.000;84.00;254.00;Базовый
2026-08-12T04:53:49.657;2.544;9;2;LOCK;1306.8770;862.9022;1306.8770;862.9022;0.0000;0.0000;0.0000;0.9289;0;1.000;77.00;253.00;Базовый
2026-08-12T04:53:49.953;2.841;10;1;LOCK;1248.3496;908.2203;1248.3496;908.2203;0.0000;0.0000;0.0000;0.9940;0;1.000;84.00;254.00;Базовый
2026-08-12T04:53:49.953;2.841;10;2;LOCK;1306.8770;862.9022;1306.8770;862.9022;0.0000;0.0000;0.0000;0.8928;0;1.000;77.00;253.00;Базовый
2026-08-12T04:53:50.233;3.120;11;1;LOCK;1248.3496;908.2203;1248.3496;908.2203;0.0000;0.0000;0.0000;0.9942;0;1.000;84.00;253.72;Базовый
2026-08-12T04:53:50.233;3.120;11;2;LOCK;1306.8770;862.9022;1306.8770;862.9022;0.0000;0.0000;0.0000;0.8927;0;1.000;77.00;253.00;Базовый
2026-08-12T04:53:50.517;3.405;12;1;LOCK;1248.3496;908.2203;1248.3496;908.2203;0.0000;0.0000;0.0000;0.9942;0;1.000;84.00;253.72;Базовый
2026-08-12T04:53:50.517;3.405;12;2;LOCK;1306.8770;862.9022;1306.8770;862.9022;0.0000;0.0000;0.0000;0.8927;0;1.000;77.00;253.00;Базовый
2026-08-12T04:53:50.794;3.681;13;1;LOCK;1248.3496;908.2203;1248.3496;908.2203;0.0000;0.0000;0.0000;0.9942;0;1.000;84.00;253.72;Базовый
2026-08-12T04:53:50.794;3.681;13;2;LOCK;1306.8770;862.9022;1306.8770;862.9022;0.0000;0.0000;0.0000;0.8927;0;1.000;77.00;253.00;Базовый
2026-08-12T04:53:51.077;3.964;14;1;LOCK;1248.3496;908.2203;1248.3496;908.2203;0.0000;0.0000;0.0000;0.9943;0;1.000;84.00;254.00;Базовый
2026-08-12T04:53:51.077;3.964;14;2;LOCK;1306.8770;862.9022;1306.8770;862.9022;0.0000;0.0000;0.0000;0.8927;0;1.000;77.00;253.00;Базовый
2026-08-12T04:53:51.351;4.238;15;1;LOCK;1248.3496;908.2203;1248.3496;908.2203;0.0000;0.0000;0.0000;0.9278;0;1.000;84.00;253.00;Базовый
2026-08-12T04:53:51.351;4.238;15;2;LOCK;1306.8770;862.9022;1306.8770;862.9022;0.0000;0.0000;0.0000;0.9664;0;1.000;77.00;252.00;Базовый
2026-08-12T04:53:51.633;4.520;16;1;LOCK;1248.3496;908.2203;1248.3496;908.2203;0.0000;0.0000;0.0000;0.9411;0;1.000;84.00;254.00;Базовый
2026-08-12T04:53:51.633;4.520;16;2;LOCK;1306.8770;862.9022;1306.8770;862.9022;0.0000;0.0000;0.0000;0.9663;0;1.000;77.00;252.00;Базовый
2026-08-12T04:53:51.915;4.802;17;1;LOCK;1248.3496;908.2203;1248.3496;908.2203;0.0000;0.0000;0.0000;0.9397;0;1.000;84.00;254.00;Базовый
2026-08-12T04:53:51.915;4.802;17;2;LOCK;1306.8770;862.9022;1306.8770;862.9022;0.0000;0.0000;0.0000;0.9721;0;1.000;77.00;253.00;Базовый
2026-08-12T04:53:52.197;5.084;18;1;LOCK;1248.3496;908.2203;1248.3496;908.2203;0.0000;0.0000;0.0000;0.9397;0;1.000;84.00;254.00;Базовый
2026-08-12T04:53:52.197;5.084;18;2;LOCK;1306.8770;862.9022;1306.8770;862.9022;0.0000;0.0000;0.0000;0.9632;0;1.000;77.00;253.00;Базовый
2026-08-12T04:53:52.477;5.364;19;1;LOCK;1248.3496;908.2203;1248.3496;908.2203;0.0000;0.0000;0.0000;0.9397;0;1.000;84.00;254.00;Базовый
2026-08-12T04:53:52.477;5.364;19;2;LOCK;1306.8770;862.9022;1306.8770;862.9022;0.0000;0.0000;0.0000;0.9590;0;1.000;77.00;253.00;Базовый
2026-08-12T04:53:52.768;5.655;20;1;LOCK;1248.3496;908.2203;1248.3496;908.2203;0.0000;0.0000;0.0000;0.9397;0;1.000;84.00;254.00;Базовый
2026-08-12T04:53:52.768;5.655;20;2;LOCK;1306.8770;862.9022;1306.8770;862.9022;0.0000;0.0000;0.0000;0.9590;0;1.000;77.00;253.00;Базовый
2026-08-12T04:53:53.058;5.945;21;1;LOCK;1248.3496;908.2203;1248.3496;908.2203;0.0000;0.0000;0.0000;0.9397;0;1.000;84.00;254.00;Базовый
2026-08-12T04:53:53.058;5.945;21;2;LOCK;1306.8770;862.9022;1306.8770;862.9022;0.0000;0.0000;0.0000;0.9590;0;1.000;77.00;253.00;Базовый
2026-08-12T04:53:53.349;6.236;22;1;LOCK;1248.3496;908.2203;1248.3496;908.2203;0.0000;0.0000;0.0000;0.9251;0;1.000;84.00;253.00;Базовый
2026-08-12T04:53:53.349;6.236;22;2;LOCK;1306.8770;862.9022;1306.8770;862.9022;0.0000;0.0000;0.0000;0.9285;0;1.000;77.00;252.00;Базовый
2026-08-12T04:53:53.635;6.522;23;1;LOCK;1248.3496;908.2203;1248.3496;908.2203;0.0000;0.0000;0.0000;0.9363;0;1.000;84.00;255.00;Базовый
2026-08-12T04:53:53.635;6.522;23;2;LOCK;1306.8770;862.9022;1306.8770;862.9022;0.0000;0.0000;0.0000;0.9285;0;1.000;77.00;252.00;Базовый
2026-08-12T04:53:54.032;6.919;24;1;LOCK;1248.3496;908.2203;1248.3496;908.2203;0.0000;0.0000;0.0000;0.9363;0;1.000;84.00;255.00;Базовый
2026-08-12T04:53:54.032;6.919;24;2;LOCK;1306.8770;862.9022;1306.8770;862.9022;0.0000;0.0000;0.0000;0.9285;0;1.000;77.00;252.00;Базовый
2026-08-12T04:53:54.534;7.422;25;1;LOCK;1248.3496;908.2203;1248.3496;908.2203;0.0000;0.0000;0.0000;0.9363;0;1.000;84.00;255.00;Базовый
2026-08-12T04:53:54.534;7.422;25;2;LOCK;1306.8770;862.9022;1306.8770;862.9022;0.0000;0.0000;0.0000;0.9291;0;1.000;77.00;252.00;Базовый
2026-08-12T04:53:54.844;7.732;26;1;LOCK;1248.3496;908.2203;1248.3496;908.2203;0.0000;0.0000;0.0000;0.9363;0;1.000;84.00;255.00;Базовый
2026-08-12T04:53:54.844;7.732;26;2;LOCK;1306.8770;862.9022;1306.8770;862.9022;0.0000;0.0000;0.0000;0.9291;0;1.000;77.00;252.00;Базовый
2026-08-12T04:53:55.144;8.032;27;1;LOCK;1248.3496;908.2203;1248.3496;908.2203;0.0000;0.0000;0.0000;0.9527;0;1.000;84.00;254.00;Базовый
2026-08-12T04:53:55.144;8.032;27;2;LOCK;1306.8770;862.9022;1306.8770;862.9022;0.0000;0.0000;0.0000;0.9291;0;1.000;77.00;252.00;Базовый
2026-08-12T04:53:55.436;8.323;28;1;LOCK;1248.3496;908.2203;1248.3496;908.2203;0.0000;0.0000;0.0000;0.9543;0;1.000;84.00;253.00;Базовый
2026-08-12T04:53:55.436;8.323;28;2;LOCK;1306.8770;862.9022;1306.8770;862.9022;0.0000;0.0000;0.0000;0.9932;0;1.000;77.00;253.00;Базовый
2026-08-12T04:53:55.722;8.609;29;1;LOCK;1248.3496;908.2203;1248.3496;908.2203;0.0000;0.0000;0.0000;0.9945;0;1.000;84.00;253.00;Базовый
2026-08-12T04:53:55.722;8.609;29;2;LOCK;1306.8770;862.9022;1306.8770;862.9022;0.0000;0.0000;0.0000;0.9932;0;1.000;77.00;253.00;Базовый
2026-08-12T04:53:56.015;8.902;30;1;LOCK;1248.3496;908.2203;1248.3496;908.2203;0.0000;0.0000;0.0000;0.9943;0;1.000;84.00;253.00;Базовый
2026-08-12T04:53:56.015;8.902;30;2;LOCK;1306.8770;862.9022;1306.8770;862.9022;0.0000;0.0000;0.0000;0.9939;0;1.000;77.00;253.00;Базовый
2026-08-12T04:53:56.330;9.218;31;1;LOCK;1248.3496;908.2203;1248.3496;908.2203;0.0000;0.0000;0.0000;0.9944;0;1.000;84.00;253.00;Базовый
2026-08-12T04:53:56.330;9.218;31;2;LOCK;1306.8770;862.9022;1306.8770;862.9022;0.0000;0.0000;0.0000;0.9939;0;1.000;77.00;253.00;Базовый
2026-08-12T04:53:56.623;9.511;32;1;LOCK;1248.3496;908.2203;1248.3496;908.2203;0.0000;0.0000;0.0000;0.9944;0;1.000;84.00;253.00;Базовый
2026-08-12T04:53:56.623;9.511;32;2;LOCK;1306.8770;862.9022;1306.8770;862.9022;0.0000;0.0000;0.0000;0.9939;0;1.000;77.00;253.00;Базовый
2026-08-12T04:53:56.917;9.804;33;1;LOCK;1248.3496;908.2203;1248.3496;908.2203;0.0000;0.0000;0.0000;0.9944;0;1.000;84.00;253.00;Базовый
2026-08-12T04:53:56.917;9.804;33;2;LOCK;1306.8770;862.9022;1306.8770;862.9022;0.0000;0.0000;0.0000;0.9939;0;1.000;77.00;253.00;Базовый
2026-08-12T04:53:57.204;10.092;34;1;LOCK;1248.3496;908.2203;1248.3496;908.2203;0.0000;0.0000;0.0000;0.9942;0;1.000;83.00;253.00;Базовый
2026-08-12T04:53:57.204;10.092;34;2;LOCK;1306.8770;862.9022;1306.8770;862.9022;0.0000;0.0000;0.0000;0.9785;0;1.000;76.00;252.00;Базовый
2026-08-12T04:53:57.499;10.387;35;1;LOCK;1248.3496;908.2203;1248.3496;908.2203;0.0000;0.0000;0.0000;0.9446;0;1.000;83.00;253.00;Базовый
2026-08-12T04:53:57.499;10.387;35;2;LOCK;1306.8770;862.9022;1306.8770;862.9022;0.0000;0.0000;0.0000;0.9180;0;1.000;77.00;252.00;Базовый
2026-08-12T04:53:57.789;10.676;36;1;LOCK;1248.3496;908.2203;1248.3496;908.2203;0.0000;0.0000;0.0000;0.9517;0;1.000;83.00;253.00;Базовый
2026-08-12T04:53:57.789;10.676;36;2;LOCK;1306.8770;862.9022;1306.8770;862.9022;0.0000;0.0000;0.0000;0.9392;0;1.000;77.00;252.00;Базовый
2026-08-12T04:53:58.064;10.952;37;1;LOCK;1248.3496;908.2203;1248.3496;908.2203;0.0000;0.0000;0.0000;0.9943;0;1.000;83.00;253.00;Базовый
2026-08-12T04:53:58.064;10.952;37;2;LOCK;1306.8770;862.9022;1306.8770;862.9022;0.0000;0.0000;0.0000;0.9392;0;1.000;77.00;252.00;Базовый
2026-08-12T04:53:58.343;11.230;38;1;LOCK;1248.3496;908.2203;1248.3496;908.2203;0.0000;0.0000;0.0000;0.9944;0;1.000;83.00;253.00;Базовый
2026-08-12T04:53:58.343;11.230;38;2;LOCK;1306.8770;862.9022;1306.8770;862.9022;0.0000;0.0000;0.0000;0.9170;0;1.000;76.00;253.00;Базовый
2026-08-12T04:53:58.633;11.520;39;1;LOCK;1248.3496;908.2203;1248.3496;908.2203;0.0000;0.0000;0.0000;0.9944;0;1.000;83.00;253.00;Базовый
2026-08-12T04:53:58.633;11.520;39;2;LOCK;1306.8770;862.9022;1306.8770;862.9022;0.0000;0.0000;0.0000;0.9170;0;1.000;76.00;253.00;Базовый
2026-08-12T04:53:58.932;11.819;40;1;LOCK;1248.3496;908.2203;1248.3496;908.2203;0.0000;0.0000;0.0000;0.9945;0;1.000;83.00;253.88;Базовый
2026-08-12T04:53:58.932;11.819;40;2;LOCK;1306.8770;862.9022;1306.8770;862.9022;0.0000;0.0000;0.0000;0.9170;0;1.000;76.00;253.00;Базовый
2026-08-12T04:53:59.211;12.098;41;1;LOCK;1248.3496;908.2203;1248.3496;908.2203;0.0000;0.0000;0.0000;0.9365;0;1.000;84.00;253.00;Базовый
2026-08-12T04:53:59.211;12.098;41;2;LOCK;1306.8770;862.9022;1306.8770;862.9022;0.0000;0.0000;0.0000;0.9928;0;1.000;77.00;253.00;Базовый
2026-08-12T04:53:59.490;12.377;42;1;LOCK;1248.3496;908.2203;1248.3496;908.2203;0.0000;0.0000;0.0000;0.9794;0;1.000;84.00;253.00;Базовый
2026-08-12T04:53:59.490;12.377;42;2;LOCK;1306.8770;862.9022;1306.8770;862.9022;0.0000;0.0000;0.0000;0.9930;0;1.000;77.00;253.00;Базовый
2026-08-12T04:53:59.787;12.674;43;1;LOCK;1248.3496;908.2203;1248.3496;908.2203;0.0000;0.0000;0.0000;0.9940;0;1.000;84.00;254.00;Базовый
2026-08-12T04:53:59.787;12.674;43;2;LOCK;1306.8770;862.9022;1306.8770;862.9022;0.0000;0.0000;0.0000;0.9200;0;1.000;77.00;254.00;Базовый
2026-08-12T04:54:00.063;12.950;44;1;LOCK;1248.3496;908.2203;1248.3496;908.2203;0.0000;0.0000;0.0000;0.9940;0;1.000;84.00;254.00;Базовый
2026-08-12T04:54:00.063;12.950;44;2;LOCK;1306.8770;862.9022;1306.8770;862.9022;0.0000;0.0000;0.0000;0.9929;0;1.000;77.00;253.00;Базовый
2026-08-12T04:54:00.338;13.225;45;1;LOCK;1248.3496;908.2203;1248.3496;908.2203;0.0000;0.0000;0.0000;0.9709;0;1.000;84.00;254.72;Базовый
2026-08-12T04:54:00.338;13.225;45;2;LOCK;1306.8770;862.9022;1306.8770;862.9022;0.0000;0.0000;0.0000;0.9929;0;1.000;77.00;253.00;Базовый
2026-08-12T04:54:00.618;13.505;46;1;LOCK;1248.3496;908.2203;1248.3496;908.2203;0.0000;0.0000;0.0000;0.9709;0;1.000;84.00;254.72;Базовый
2026-08-12T04:54:00.618;13.505;46;2;LOCK;1306.8770;862.9022;1306.8770;862.9022;0.0000;0.0000;0.0000;0.9929;0;1.000;77.00;253.00;Базовый
2026-08-12T04:54:00.897;13.785;47;1;LOCK;1248.3496;908.2203;1248.3496;908.2203;0.0000;0.0000;0.0000;0.9709;0;1.000;84.00;254.72;Базовый
2026-08-12T04:54:00.897;13.785;47;2;LOCK;1306.8770;862.9022;1306.8770;862.9022;0.0000;0.0000;0.0000;0.9929;0;1.000;77.00;253.00;Базовый
2026-08-12T04:54:01.185;14.072;48;1;LOCK;1248.3496;908.2203;1248.3496;908.2203;0.0000;0.0000;0.0000;0.9796;0;1.000;84.00;254.00;Базовый
2026-08-12T04:54:01.185;14.072;48;2;LOCK;1306.8770;862.9022;1306.8770;862.9022;0.0000;0.0000;0.0000;0.9133;0;1.000;77.00;253.84;Базовый
2026-08-12T04:54:01.495;14.382;49;1;LOCK;1248.3496;908.2203;1248.3496;908.2203;0.0000;0.0000;0.0000;0.9342;0;1.000;83.00;253.00;Базовый
2026-08-12T04:54:01.495;14.382;49;2;LOCK;1306.8770;862.9022;1306.8770;862.9022;0.0000;0.0000;0.0000;0.9931;0;1.000;77.00;253.00;Базовый
2026-08-12T04:54:01.792;14.680;50;1;LOCK;1248.3496;908.2203;1248.3496;908.2203;0.0000;0.0000;0.0000;0.9575;0;1.000;83.00;253.00;Базовый
2026-08-12T04:54:01.792;14.680;50;2;LOCK;1306.8770;862.9022;1306.8770;862.9022;0.0000;0.0000;0.0000;0.9930;0;1.000;77.00;253.00;Базовый
2026-08-12T04:54:02.110;14.997;51;1;LOCK;1248.3496;908.2203;1248.3496;908.2203;0.0000;0.0000;0.0000;0.9575;0;1.000;83.00;253.00;Базовый
2026-08-12T04:54:02.110;14.997;51;2;LOCK;1306.8770;862.9022;1306.8770;862.9022;0.0000;0.0000;0.0000;0.9929;0;1.000;77.00;253.00;Базовый
2026-08-12T04:54:02.439;15.327;52;1;LOCK;1248.3496;908.2203;1248.3496;908.2203;0.0000;0.0000;0.0000;0.9575;0;1.000;83.00;253.00;Базовый
2026-08-12T04:54:02.439;15.327;52;2;LOCK;1306.8770;862.9022;1306.8770;862.9022;0.0000;0.0000;0.0000;0.9929;0;1.000;77.00;253.00;Базовый
2026-08-12T04:54:02.718;15.606;53;1;LOCK;1248.3496;908.2203;1248.3496;908.2203;0.0000;0.0000;0.0000;0.9559;0;1.000;83.00;253.88;Базовый
2026-08-12T04:54:02.718;15.606;53;2;LOCK;1306.8770;862.9022;1306.8770;862.9022;0.0000;0.0000;0.0000;0.9929;0;1.000;77.00;253.00;Базовый
2026-08-12T04:54:03.015;15.902;54;1;LOCK;1248.3496;908.2203;1248.3496;908.2203;0.0000;0.0000;0.0000;0.9559;0;1.000;83.00;253.88;Базовый
2026-08-12T04:54:03.015;15.902;54;2;LOCK;1306.8770;862.9022;1306.8770;862.9022;0.0000;0.0000;0.0000;0.9929;0;1.000;77.00;253.00;Базовый
2026-08-12T04:54:03.299;16.186;55;1;LOCK;1248.3496;908.2203;1248.3496;908.2203;0.0000;0.0000;0.0000;0.9406;0;1.000;84.00;254.00;Базовый
2026-08-12T04:54:03.299;16.186;55;2;LOCK;1306.8770;862.9022;1306.8770;862.9022;0.0000;0.0000;0.0000;0.9040;0;1.000;77.00;253.00;Базовый
2026-08-12T04:54:03.661;16.548;56;1;LOCK;1248.3496;908.2203;1248.3496;908.2203;0.0000;0.0000;0.0000;0.9949;0;1.000;84.00;253.00;Базовый
2026-08-12T04:54:03.661;16.548;56;2;LOCK;1306.8770;862.9022;1306.8770;862.9022;0.0000;0.0000;0.0000;0.9932;0;1.000;77.00;252.00;Базовый
2026-08-12T04:54:03.945;16.833;57;1;LOCK;1248.3496;908.2203;1248.3496;908.2203;0.0000;0.0000;0.0000;0.9326;0;1.000;84.00;254.00;Базовый
2026-08-12T04:54:03.945;16.833;57;2;LOCK;1306.8770;862.9022;1306.8770;862.9022;0.0000;0.0000;0.0000;0.9932;0;1.000;77.00;253.00;Базовый
2026-08-12T04:54:04.260;17.147;58;1;LOCK;1248.3496;908.2203;1248.3496;908.2203;0.0000;0.0000;0.0000;0.9326;0;1.000;84.00;254.00;Базовый
2026-08-12T04:54:04.260;17.147;58;2;LOCK;1306.8770;862.9022;1306.8770;862.9022;0.0000;0.0000;0.0000;0.9930;0;1.000;77.00;253.00;Базовый
2026-08-12T04:54:04.547;17.435;59;1;LOCK;1248.3496;908.2203;1248.3496;908.2203;0.0000;0.0000;0.0000;0.9326;0;1.000;84.00;254.00;Базовый
2026-08-12T04:54:04.547;17.435;59;2;LOCK;1306.8770;862.9022;1306.8770;862.9022;0.0000;0.0000;0.0000;0.9933;0;1.000;77.00;253.00;Базовый
2026-08-12T04:54:04.833;17.720;60;1;LOCK;1248.3496;908.2203;1248.3496;908.2203;0.0000;0.0000;0.0000;0.9326;0;1.000;84.00;254.00;Базовый
2026-08-12T04:54:04.833;17.720;60;2;LOCK;1306.8770;862.9022;1306.8770;862.9022;0.0000;0.0000;0.0000;0.9933;0;1.000;77.00;253.00;Базовый
2026-08-12T04:54:05.128;18.015;61;1;LOCK;1248.3496;908.2203;1248.3496;908.2203;0.0000;0.0000;0.0000;0.9326;0;1.000;84.00;254.00;Базовый
2026-08-12T04:54:05.128;18.015;61;2;LOCK;1306.8770;862.9022;1306.8770;862.9022;0.0000;0.0000;0.0000;0.9933;0;1.000;77.00;253.00;Базовый
2026-08-12T04:54:05.471;18.358;62;1;LOCK;1248.3496;908.2203;1248.3496;908.2203;0.0000;0.0000;0.0000;0.9541;0;1.000;84.00;253.00;Базовый
2026-08-12T04:54:05.471;18.358;62;2;LOCK;1306.8770;862.9022;1306.8770;862.9022;0.0000;0.0000;0.0000;0.9471;0;1.000;77.00;252.00;Базовый
2026-08-12T04:54:05.810;18.698;63;1;LOCK;1248.3496;908.2203;1248.3496;908.2203;0.0000;0.0000;0.0000;0.9370;0;1.000;84.00;254.00;Базовый
2026-08-12T04:54:05.810;18.698;63;2;LOCK;1306.8770;862.9022;1306.8770;862.9022;0.0000;0.0000;0.0000;0.9933;0;1.000;77.00;253.00;Базовый
2026-08-12T04:54:06.104;18.991;64;1;LOCK;1248.3496;908.2203;1248.3496;908.2203;0.0000;0.0000;0.0000;0.9370;0;1.000;84.00;254.00;Базовый
2026-08-12T04:54:06.104;18.991;64;2;LOCK;1306.8770;862.9022;1306.8770;862.9022;0.0000;0.0000;0.0000;0.9933;0;1.000;77.00;253.00;Базовый
2026-08-12T04:54:06.398;19.285;65;1;LOCK;1248.3496;908.2203;1248.3496;908.2203;0.0000;0.0000;0.0000;0.9370;0;1.000;84.00;254.00;Базовый
2026-08-12T04:54:06.398;19.285;65;2;LOCK;1306.8770;862.9022;1306.8770;862.9022;0.0000;0.0000;0.0000;0.9933;0;1.000;77.00;253.00;Базовый
2026-08-12T04:54:06.705;19.592;66;1;LOCK;1248.3496;908.2203;1248.3496;908.2203;0.0000;0.0000;0.0000;0.9693;0;1.000;84.00;253.00;Базовый
2026-08-12T04:54:06.705;19.592;66;2;LOCK;1306.8770;862.9022;1306.8770;862.9022;0.0000;0.0000;0.0000;0.9933;0;1.000;77.00;253.00;Базовый
2026-08-12T04:54:06.998;19.886;67;1;LOCK;1248.3496;908.2203;1248.3496;908.2203;0.0000;0.0000;0.0000;0.9693;0;1.000;84.00;253.00;Базовый
2026-08-12T04:54:06.998;19.886;67;2;LOCK;1306.8770;862.9022;1306.8770;862.9022;0.0000;0.0000;0.0000;0.9933;0;1.000;77.00;253.00;Базовый
2026-08-12T04:54:07.297;20.184;68;1;LOCK;1248.3496;908.2203;1248.3496;908.2203;0.0000;0.0000;0.0000;0.9191;0;1.000;83.00;253.00;Базовый
2026-08-12T04:54:07.297;20.184;68;2;LOCK;1306.8770;862.9022;1306.8770;862.9022;0.0000;0.0000;0.0000;0.9389;0;1.000;77.00;252.84;Базовый
2026-08-12T04:54:07.577;20.465;69;1;LOCK;1248.3496;908.2203;1248.3496;908.2203;0.0000;0.0000;0.0000;0.9191;0;1.000;83.00;253.00;Базовый
2026-08-12T04:54:07.577;20.465;69;2;LOCK;1306.8770;862.9022;1306.8770;862.9022;0.0000;0.0000;0.0000;0.9932;0;1.000;77.00;253.00;Базовый
2026-08-12T04:54:07.856;20.743;70;1;LOCK;1248.3496;908.2203;1248.3496;908.2203;0.0000;0.0000;0.0000;0.9158;0;1.000;83.00;252.88;Базовый
2026-08-12T04:54:07.856;20.743;70;2;LOCK;1306.8770;862.9022;1306.8770;862.9022;0.0000;0.0000;0.0000;0.9220;0;1.000;77.00;253.00;Базовый
2026-08-12T04:54:08.138;21.025;71;1;LOCK;1248.3496;908.2203;1248.3496;908.2203;0.0000;0.0000;0.0000;0.9158;0;1.000;83.00;253.88;Базовый
2026-08-12T04:54:08.138;21.025;71;2;LOCK;1306.8770;862.9022;1306.8770;862.9022;0.0000;0.0000;0.0000;0.9220;0;1.000;77.00;253.00;Базовый
2026-08-12T04:54:08.417;21.304;72;1;LOCK;1248.3496;908.2203;1248.3496;908.2203;0.0000;0.0000;0.0000;0.9945;0;1.000;83.00;253.00;Базовый
2026-08-12T04:54:08.417;21.304;72;2;LOCK;1306.8770;862.9022;1306.8770;862.9022;0.0000;0.0000;0.0000;0.9220;0;1.000;77.00;253.00;Базовый
2026-08-12T04:54:08.693;21.580;73;1;LOCK;1248.3496;908.2203;1248.3496;908.2203;0.0000;0.0000;0.0000;0.9944;0;1.000;83.00;253.00;Базовый
2026-08-12T04:54:08.693;21.580;73;2;LOCK;1306.8770;862.9022;1306.8770;862.9022;0.0000;0.0000;0.0000;0.9220;0;1.000;77.00;253.00;Базовый
2026-08-12T04:54:08.978;21.865;74;1;LOCK;1248.3496;908.2203;1248.3496;908.2203;0.0000;0.0000;0.0000;0.9944;0;1.000;83.00;253.00;Базовый
2026-08-12T04:54:08.978;21.865;74;2;LOCK;1306.8770;862.9022;1306.8770;862.9022;0.0000;0.0000;0.0000;0.9220;0;1.000;77.00;253.00;Базовый
2026-08-12T04:54:09.259;22.147;75;1;LOCK;1248.3496;908.2203;1248.3496;908.2203;0.0000;0.0000;0.0000;0.9736;0;1.000;84.00;253.00;Базовый
2026-08-12T04:54:09.259;22.147;75;2;LOCK;1306.8770;862.9022;1306.8770;862.9022;0.0000;0.0000;0.0000;0.9935;0;1.000;77.00;253.00;Базовый
2026-08-12T04:54:09.642;22.530;76;1;LOCK;1248.3496;908.2203;1248.3496;908.2203;0.0000;0.0000;0.0000;0.9941;0;1.000;83.00;253.00;Базовый
2026-08-12T04:54:09.642;22.530;76;2;LOCK;1306.8770;862.9022;1306.8770;862.9022;0.0000;0.0000;0.0000;0.9934;0;1.000;77.00;253.00;Базовый
2026-08-12T04:54:09.923;22.810;77;1;LOCK;1248.3496;908.2203;1248.3496;908.2203;0.0000;0.0000;0.0000;0.9941;0;1.000;83.00;253.00;Базовый
2026-08-12T04:54:09.923;22.810;77;2;LOCK;1306.8770;862.9022;1306.8770;862.9022;0.0000;0.0000;0.0000;0.9317;0;1.000;77.00;252.84;Базовый
2026-08-12T04:54:10.197;23.084;78;1;LOCK;1248.3496;908.2203;1248.3496;908.2203;0.0000;0.0000;0.0000;0.9941;0;1.000;83.00;253.00;Базовый
2026-08-12T04:54:10.197;23.084;78;2;LOCK;1306.8770;862.9022;1306.8770;862.9022;0.0000;0.0000;0.0000;0.9317;0;1.000;77.00;252.84;Базовый
2026-08-12T04:54:10.476;23.364;79;1;LOCK;1248.3496;908.2203;1248.3496;908.2203;0.0000;0.0000;0.0000;0.9941;0;1.000;83.00;253.00;Базовый
2026-08-12T04:54:10.476;23.364;79;2;LOCK;1306.8770;862.9022;1306.8770;862.9022;0.0000;0.0000;0.0000;0.9317;0;1.000;77.00;252.84;Базовый
2026-08-12T04:54:10.784;23.671;80;1;LOCK;1248.3496;908.2203;1248.3496;908.2203;0.0000;0.0000;0.0000;0.9941;0;1.000;83.00;253.00;Базовый
2026-08-12T04:54:10.784;23.671;80;2;LOCK;1306.8770;862.9022;1306.8770;862.9022;0.0000;0.0000;0.0000;0.9317;0;1.000;77.00;252.84;Базовый
2026-08-12T04:54:11.063;23.951;81;1;LOCK;1248.3496;908.2203;1248.3496;908.2203;0.0000;0.0000;0.0000;0.9941;0;1.000;83.00;253.00;Базовый
2026-08-12T04:54:11.063;23.951;81;2;LOCK;1306.8770;862.9022;1306.8770;862.9022;0.0000;0.0000;0.0000;0.9317;0;1.000;77.00;252.84;Базовый
2026-08-12T04:54:11.345;24.232;82;1;LOCK;1248.3496;908.2203;1248.3496;908.2203;0.0000;0.0000;0.0000;0.9589;0;1.000;84.00;254.00;Базовый
2026-08-12T04:54:11.345;24.232;82;2;LOCK;1306.8770;862.9022;1306.8770;862.9022;0.0000;0.0000;0.0000;0.9630;0;1.000;77.00;253.00;Базовый
2026-08-12T04:54:11.621;24.509;83;1;LOCK;1248.3496;908.2203;1248.3496;908.2203;0.0000;0.0000;0.0000;0.9943;0;1.000;84.00;254.00;Базовый
2026-08-12T04:54:11.621;24.509;83;2;LOCK;1306.8770;862.9022;1306.8770;862.9022;0.0000;0.0000;0.0000;0.9417;0;1.000;77.00;252.84;Базовый
2026-08-12T04:54:11.913;24.801;84;1;LOCK;1248.3496;908.2203;1248.3496;908.2203;0.0000;0.0000;0.0000;0.9943;0;1.000;84.00;254.00;Базовый
2026-08-12T04:54:11.913;24.801;84;2;LOCK;1306.8770;862.9022;1306.8770;862.9022;0.0000;0.0000;0.0000;0.9656;0;1.000;77.00;252.00;Базовый
2026-08-12T04:54:12.213;25.100;85;1;LOCK;1248.3496;908.2203;1248.3496;908.2203;0.0000;0.0000;0.0000;0.9943;0;1.000;84.00;254.00;Базовый
2026-08-12T04:54:12.213;25.100;85;2;LOCK;1306.8770;862.9022;1306.8770;862.9022;0.0000;0.0000;0.0000;0.9656;0;1.000;77.00;252.00;Базовый
2026-08-12T04:54:12.495;25.383;86;1;LOCK;1248.3496;908.2203;1248.3496;908.2203;0.0000;0.0000;0.0000;0.9943;0;1.000;84.00;254.00;Базовый
2026-08-12T04:54:12.495;25.383;86;2;LOCK;1306.8770;862.9022;1306.8770;862.9022;0.0000;0.0000;0.0000;0.9656;0;1.000;77.00;252.00;Базовый
2026-08-12T04:54:12.810;25.697;87;1;LOCK;1248.3496;908.2203;1248.3496;908.2203;0.0000;0.0000;0.0000;0.9941;0;1.000;84.00;253.00;Базовый
2026-08-12T04:54:12.810;25.697;87;2;LOCK;1306.8770;862.9022;1306.8770;862.9022;0.0000;0.0000;0.0000;0.9657;0;1.000;77.00;252.00;Базовый
2026-08-12T04:54:13.098;25.985;88;1;LOCK;1248.3496;908.2203;1248.3496;908.2203;0.0000;0.0000;0.0000;0.9941;0;1.000;84.00;253.00;Базовый
2026-08-12T04:54:13.098;25.985;88;2;LOCK;1306.8770;862.9022;1306.8770;862.9022;0.0000;0.0000;0.0000;0.9932;0;1.000;77.00;252.00;Базовый
2026-08-12T04:54:13.376;26.263;89;1;LOCK;1248.3496;908.2203;1248.3496;908.2203;0.0000;0.0000;0.0000;0.9843;0;1.000;84.00;253.00;Базовый
2026-08-12T04:54:13.376;26.263;89;2;LOCK;1306.8770;862.9022;1306.8770;862.9022;0.0000;0.0000;0.0000;0.9829;0;1.000;77.00;252.00;Базовый
2026-08-12T04:54:13.659;26.546;90;1;LOCK;1248.3496;908.2203;1248.3496;908.2203;0.0000;0.0000;0.0000;0.9635;0;1.000;81.00;253.00;Базовый
2026-08-12T04:54:13.659;26.546;90;2;LOCK;1306.8770;862.9022;1306.8770;862.9022;0.0000;0.0000;0.0000;0.9928;0;1.000;77.00;252.84;Базовый
2026-08-12T04:54:13.938;26.825;91;1;LOCK;1248.3496;908.2203;1248.3496;908.2203;0.0000;0.0000;0.0000;0.9635;0;1.000;81.00;253.00;Базовый
2026-08-12T04:54:13.938;26.825;91;2;LOCK;1306.8770;862.9022;1306.8770;862.9022;0.0000;0.0000;0.0000;0.9928;0;1.000;77.00;252.84;Базовый
2026-08-12T04:54:14.225;27.112;92;1;LOCK;1248.3496;908.2203;1248.3496;908.2203;0.0000;0.0000;0.0000;0.9497;0;1.000;84.00;253.00;Базовый
2026-08-12T04:54:14.225;27.112;92;2;LOCK;1306.8770;862.9022;1306.8770;862.9022;0.0000;0.0000;0.0000;0.9928;0;1.000;77.00;252.84;Базовый
2026-08-12T04:54:14.505;27.392;93;1;LOCK;1248.3496;908.2203;1248.3496;908.2203;0.0000;0.0000;0.0000;0.9497;0;1.000;84.00;253.00;Базовый
2026-08-12T04:54:14.505;27.392;93;2;LOCK;1306.8770;862.9022;1306.8770;862.9022;0.0000;0.0000;0.0000;0.9444;0;1.000;76.00;252.00;Базовый
2026-08-12T04:54:14.787;27.675;94;1;LOCK;1248.3496;908.2203;1248.3496;908.2203;0.0000;0.0000;0.0000;0.9945;0;1.000;84.00;253.00;Базовый
2026-08-12T04:54:14.787;27.675;94;2;LOCK;1306.8770;862.9022;1306.8770;862.9022;0.0000;0.0000;0.0000;0.9444;0;1.000;76.00;252.00;Базовый
2026-08-12T04:54:15.066;27.953;95;1;LOCK;1248.3496;908.2203;1248.3496;908.2203;0.0000;0.0000;0.0000;0.9945;0;1.000;84.00;253.00;Базовый
2026-08-12T04:54:15.066;27.953;95;2;LOCK;1306.8770;862.9022;1306.8770;862.9022;0.0000;0.0000;0.0000;0.9930;0;1.000;76.00;252.00;Базовый
2026-08-12T04:54:15.350;28.237;96;1;LOCK;1248.3496;908.2203;1248.3496;908.2203;0.0000;0.0000;0.0000;0.9691;0;1.000;84.00;253.00;Базовый
2026-08-12T04:54:15.350;28.237;96;2;LOCK;1306.8770;862.9022;1306.8770;862.9022;0.0000;0.0000;0.0000;0.9161;0;1.000;77.00;253.00;Базовый
2026-08-12T04:54:15.639;28.527;97;1;LOCK;1248.3496;908.2203;1248.3496;908.2203;0.0000;0.0000;0.0000;0.9644;0;1.000;84.00;253.00;Базовый
2026-08-12T04:54:15.639;28.527;97;2;LOCK;1306.8770;862.9022;1306.8770;862.9022;0.0000;0.0000;0.0000;0.9696;0;1.000;77.00;252.84;Базовый
2026-08-12T04:54:15.922;28.809;98;1;LOCK;1248.3496;908.2203;1248.3496;908.2203;0.0000;0.0000;0.0000;0.9643;0;1.000;84.00;253.00;Базовый
2026-08-12T04:54:15.922;28.809;98;2;LOCK;1306.8770;862.9022;1306.8770;862.9022;0.0000;0.0000;0.0000;0.9696;0;1.000;77.00;252.84;Базовый
2026-08-12T04:54:16.203;29.090;99;1;LOCK;1248.3496;908.2203;1248.3496;908.2203;0.0000;0.0000;0.0000;0.9643;0;1.000;84.00;253.00;Базовый
2026-08-12T04:54:16.203;29.090;99;2;LOCK;1306.8770;862.9022;1306.8770;862.9022;0.0000;0.0000;0.0000;0.9228;0;1.000;77.00;253.00;Базовый
2026-08-12T04:54:16.486;29.373;100;1;LOCK;1248.3496;908.2203;1248.3496;908.2203;0.0000;0.0000;0.0000;0.9643;0;1.000;84.00;253.00;Базовый
2026-08-12T04:54:16.486;29.373;100;2;LOCK;1306.8770;862.9022;1306.8770;862.9022;0.0000;0.0000;0.0000;0.9828;0;1.000;77.00;253.00;Базовый
2026-08-12T04:54:16.767;29.655;101;1;LOCK;1248.3496;908.2203;1248.3496;908.2203;0.0000;0.0000;0.0000;0.9643;0;1.000;84.00;253.00;Базовый
2026-08-12T04:54:16.767;29.655;101;2;LOCK;1306.8770;862.9022;1306.8770;862.9022;0.0000;0.0000;0.0000;0.9233;0;1.000;77.00;253.00;Базовый
2026-08-12T04:54:17.045;29.932;102;1;LOCK;1248.3496;908.2203;1248.3496;908.2203;0.0000;0.0000;0.0000;0.9948;0;1.000;84.00;252.00;Базовый
2026-08-12T04:54:17.045;29.932;102;2;LOCK;1306.8770;862.9022;1306.8770;862.9022;0.0000;0.0000;0.0000;0.9221;0;1.000;77.00;253.00;Базовый
2026-08-12T04:54:17.321;30.208;103;1;LOCK;1248.3496;908.2203;1248.3496;908.2203;0.0000;0.0000;0.0000;0.9942;0;1.000;81.00;254.00;Базовый
2026-08-12T04:54:17.321;30.208;103;2;LOCK;1306.8770;862.9022;1306.8770;862.9022;0.0000;0.0000;0.0000;0.9431;0;1.000;77.00;252.00;Базовый
2026-08-12T04:54:17.605;30.493;104;1;LOCK;1248.3496;908.2203;1248.3496;908.2203;0.0000;0.0000;0.0000;0.9941;0;1.000;82.00;254.00;Базовый
2026-08-12T04:54:17.605;30.493;104;2;LOCK;1306.8770;862.9022;1306.8770;862.9022;0.0000;0.0000;0.0000;0.9431;0;1.000;77.00;252.00;Базовый
2026-08-12T04:54:17.882;30.770;105;1;LOCK;1248.3496;908.2203;1248.3496;908.2203;0.0000;0.0000;0.0000;0.9941;0;1.000;82.00;254.00;Базовый
2026-08-12T04:54:17.882;30.770;105;2;LOCK;1306.8770;862.9022;1306.8770;862.9022;0.0000;0.0000;0.0000;0.9411;0;1.000;77.00;252.00;Базовый
2026-08-12T04:54:18.222;31.109;106;1;LOCK;1248.3496;908.2203;1248.3496;908.2203;0.0000;0.0000;0.0000;0.9941;0;1.000;82.00;254.00;Базовый
2026-08-12T04:54:18.222;31.109;106;2;LOCK;1306.8770;862.9022;1306.8770;862.9022;0.0000;0.0000;0.0000;0.9411;0;1.000;77.00;252.00;Базовый
2026-08-12T04:54:18.503;31.390;107;1;LOCK;1248.3496;908.2203;1248.3496;908.2203;0.0000;0.0000;0.0000;0.9941;0;1.000;82.00;254.00;Базовый
2026-08-12T04:54:18.503;31.390;107;2;LOCK;1306.8770;862.9022;1306.8770;862.9022;0.0000;0.0000;0.0000;0.9411;0;1.000;77.00;252.00;Базовый
2026-08-12T04:54:18.787;31.674;108;1;LOCK;1248.3496;908.2203;1248.3496;908.2203;0.0000;0.0000;0.0000;0.9941;0;1.000;82.00;254.00;Базовый
2026-08-12T04:54:18.787;31.674;108;2;LOCK;1306.8770;862.9022;1306.8770;862.9022;0.0000;0.0000;0.0000;0.9411;0;1.000;77.00;252.00;Базовый
2026-08-12T04:54:19.069;31.956;109;1;LOCK;1248.3496;908.2203;1248.3496;908.2203;0.0000;0.0000;0.0000;0.9941;0;1.000;82.00;254.00;Базовый
2026-08-12T04:54:19.069;31.956;109;2;LOCK;1306.8770;862.9022;1306.8770;862.9022;0.0000;0.0000;0.0000;0.9411;0;1.000;77.00;252.00;Базовый
2026-08-12T04:54:19.348;32.235;110;1;LOCK;1248.3496;908.2203;1248.3496;908.2203;0.0000;0.0000;0.0000;0.9406;0;1.000;82.00;253.00;Базовый
2026-08-12T04:54:19.348;32.235;110;2;LOCK;1306.8770;862.9022;1306.8770;862.9022;0.0000;0.0000;0.0000;0.9386;0;1.000;77.00;252.84;Базовый
2026-08-12T04:54:19.632;32.519;111;1;LOCK;1248.3496;908.2203;1248.3496;908.2203;0.0000;0.0000;0.0000;0.9344;0;1.000;82.00;254.00;Базовый
2026-08-12T04:54:19.632;32.519;111;2;LOCK;1306.8770;862.9022;1306.8770;862.9022;0.0000;0.0000;0.0000;0.9409;0;1.000;77.00;254.00;Базовый
2026-08-12T04:54:19.944;32.831;112;1;LOCK;1248.3496;908.2203;1248.3496;908.2203;0.0000;0.0000;0.0000;0.9248;0;1.000;82.00;254.00;Базовый
2026-08-12T04:54:19.944;32.831;112;2;LOCK;1306.8770;862.9022;1306.8770;862.9022;0.0000;0.0000;0.0000;0.9770;0;1.000;77.00;254.00;Базовый
2026-08-12T04:54:20.223;33.110;113;1;LOCK;1248.3496;908.2203;1248.3496;908.2203;0.0000;0.0000;0.0000;0.9248;0;1.000;82.00;254.00;Базовый
2026-08-12T04:54:20.223;33.110;113;2;LOCK;1306.8770;862.9022;1306.8770;862.9022;0.0000;0.0000;0.0000;0.9770;0;1.000;77.00;254.00;Базовый
2026-08-12T04:54:20.540;33.428;114;1;LOCK;1248.3496;908.2203;1248.3496;908.2203;0.0000;0.0000;0.0000;0.9366;0;1.000;82.00;253.04;Базовый
2026-08-12T04:54:20.540;33.428;114;2;LOCK;1306.8770;862.9022;1306.8770;862.9022;0.0000;0.0000;0.0000;0.9770;0;1.000;77.00;254.00;Базовый
2026-08-12T04:54:20.818;33.705;115;1;LOCK;1248.3496;908.2203;1248.3496;908.2203;0.0000;0.0000;0.0000;0.9366;0;1.000;82.00;253.04;Базовый
2026-08-12T04:54:20.818;33.705;115;2;LOCK;1306.8770;862.9022;1306.8770;862.9022;0.0000;0.0000;0.0000;0.9770;0;1.000;77.00;254.00;Базовый
2026-08-12T04:54:21.113;34.001;116;1;LOCK;1248.3496;908.2203;1248.3496;908.2203;0.0000;0.0000;0.0000;0.9366;0;1.000;82.00;253.04;Базовый
2026-08-12T04:54:21.113;34.001;116;2;LOCK;1306.8770;862.9022;1306.8770;862.9022;0.0000;0.0000;0.0000;0.9770;0;1.000;77.00;254.00;Базовый
2026-08-12T04:54:21.396;34.283;117;1;LOCK;1248.3496;908.2203;1248.3496;908.2203;0.0000;0.0000;0.0000;0.9523;0;1.000;83.00;254.00;Базовый
2026-08-12T04:54:21.396;34.283;117;2;LOCK;1306.8770;862.9022;1306.8770;862.9022;0.0000;0.0000;0.0000;0.9548;0;1.000;76.00;253.00;Базовый
2026-08-12T04:54:21.684;34.571;118;1;LOCK;1248.3496;908.2203;1248.3496;908.2203;0.0000;0.0000;0.0000;0.9652;0;1.000;83.00;254.00;Базовый
2026-08-12T04:54:21.684;34.571;118;2;LOCK;1306.8770;862.9022;1306.8770;862.9022;0.0000;0.0000;0.0000;0.9548;0;1.000;76.00;253.00;Базовый
2026-08-12T04:54:21.960;34.848;119;1;LOCK;1248.3496;908.2203;1248.3496;908.2203;0.0000;0.0000;0.0000;0.9652;0;1.000;83.00;254.00;Базовый
2026-08-12T04:54:21.960;34.848;119;2;LOCK;1306.8770;862.9022;1306.8770;862.9022;0.0000;0.0000;0.0000;0.9548;0;1.000;76.00;253.00;Базовый
2026-08-12T04:54:22.256;35.143;120;1;LOCK;1248.3496;908.2203;1248.3496;908.2203;0.0000;0.0000;0.0000;0.9119;0;1.000;83.00;253.00;Базовый
2026-08-12T04:54:22.256;35.143;120;2;LOCK;1306.8770;862.9022;1306.8770;862.9022;0.0000;0.0000;0.0000;0.9548;0;1.000;76.00;253.00;Базовый
2026-08-12T04:54:22.542;35.429;121;1;LOCK;1248.3496;908.2203;1248.3496;908.2203;0.0000;0.0000;0.0000;0.9119;0;1.000;83.00;253.00;Базовый
2026-08-12T04:54:22.542;35.429;121;2;LOCK;1306.8770;862.9022;1306.8770;862.9022;0.0000;0.0000;0.0000;0.9563;0;1.000;76.00;254.00;Базовый
2026-08-12T04:54:22.838;35.725;122;1;LOCK;1248.3496;908.2203;1248.3496;908.2203;0.0000;0.0000;0.0000;0.9119;0;1.000;83.00;253.00;Базовый
2026-08-12T04:54:22.838;35.725;122;2;LOCK;1306.8770;862.9022;1306.8770;862.9022;0.0000;0.0000;0.0000;0.9563;0;1.000;76.00;254.00;Базовый
2026-08-12T04:54:23.119;36.006;123;1;LOCK;1248.3496;908.2203;1248.3496;908.2203;0.0000;0.0000;0.0000;0.9119;0;1.000;83.00;253.00;Базовый
2026-08-12T04:54:23.119;36.006;123;2;LOCK;1306.8770;862.9022;1306.8770;862.9022;0.0000;0.0000;0.0000;0.9616;0;1.000;76.00;253.00;Базовый
2026-08-12T04:54:23.399;36.286;124;1;LOCK;1248.3496;908.2203;1248.3496;908.2203;0.0000;0.0000;0.0000;0.9944;0;1.000;83.00;253.00;Базовый
2026-08-12T04:54:23.399;36.286;124;2;LOCK;1306.8770;862.9022;1306.8770;862.9022;0.0000;0.0000;0.0000;0.9773;0;1.000;74.00;253.00;Базовый
2026-08-12T04:54:23.682;36.570;125;1;LOCK;1248.3496;908.2203;1248.3496;908.2203;0.0000;0.0000;0.0000;0.9401;0;1.000;83.00;253.00;Базовый
2026-08-12T04:54:23.682;36.570;125;2;LOCK;1306.8770;862.9022;1306.8770;862.9022;0.0000;0.0000;0.0000;0.9586;0;1.000;74.00;253.00;Базовый
2026-08-12T04:54:23.979;36.866;126;1;LOCK;1248.3496;908.2203;1248.3496;908.2203;0.0000;0.0000;0.0000;0.9401;0;1.000;81.00;253.00;Базовый
2026-08-12T04:54:23.979;36.866;126;2;LOCK;1306.8770;862.9022;1306.8770;862.9022;0.0000;0.0000;0.0000;0.9586;0;1.000;74.00;253.00;Базовый
2026-08-12T04:54:24.261;37.148;127;1;LOCK;1248.3496;908.2203;1248.3496;908.2203;0.0000;0.0000;0.0000;0.9401;0;1.000;81.00;253.00;Базовый
2026-08-12T04:54:24.261;37.148;127;2;LOCK;1306.8770;862.9022;1306.8770;862.9022;0.0000;0.0000;0.0000;0.9586;0;1.000;74.00;253.00;Базовый
2026-08-12T04:54:24.562;37.449;128;1;LOCK;1248.3496;908.2203;1248.3496;908.2203;0.0000;0.0000;0.0000;0.9401;0;1.000;81.00;253.00;Базовый
2026-08-12T04:54:24.562;37.449;128;2;LOCK;1306.8770;862.9022;1306.8770;862.9022;0.0000;0.0000;0.0000;0.9586;0;1.000;74.00;253.00;Базовый
2026-08-12T04:54:24.839;37.726;129;1;LOCK;1248.3496;908.2203;1248.3496;908.2203;0.0000;0.0000;0.0000;0.9401;0;1.000;81.00;253.00;Базовый
2026-08-12T04:54:24.839;37.726;129;2;LOCK;1306.8770;862.9022;1306.8770;862.9022;0.0000;0.0000;0.0000;0.9586;0;1.000;74.00;253.00;Базовый
2026-08-12T04:54:25.134;38.021;130;1;LOCK;1248.3496;908.2203;1248.3496;908.2203;0.0000;0.0000;0.0000;0.9344;0;1.000;81.00;254.00;Базовый
2026-08-12T04:54:25.134;38.021;130;2;LOCK;1306.8770;862.9022;1306.8770;862.9022;0.0000;0.0000;0.0000;0.9932;0;1.000;77.00;253.00;Базовый
2026-08-12T04:54:25.429;38.317;131;1;LOCK;1248.3496;908.2203;1248.3496;908.2203;0.0000;0.0000;0.0000;0.9942;0;1.000;81.00;253.00;Базовый
2026-08-12T04:54:25.429;38.317;131;2;LOCK;1306.8770;862.9022;1306.8770;862.9022;0.0000;0.0000;0.0000;0.9931;0;1.000;77.00;253.00;Базовый
2026-08-12T04:54:25.733;38.620;132;1;LOCK;1248.3496;908.2203;1248.3496;908.2203;0.0000;0.0000;0.0000;0.9939;0;1.000;81.00;254.00;Базовый
2026-08-12T04:54:25.733;38.620;132;2;LOCK;1306.8770;862.9022;1306.8770;862.9022;0.0000;0.0000;0.0000;0.9931;0;1.000;77.00;253.00;Базовый
2026-08-12T04:54:26.035;38.923;133;1;LOCK;1248.3496;908.2203;1248.3496;908.2203;0.0000;0.0000;0.0000;0.9939;0;1.000;81.00;254.00;Базовый
2026-08-12T04:54:26.035;38.923;133;2;LOCK;1306.8770;862.9022;1306.8770;862.9022;0.0000;0.0000;0.0000;0.9931;0;1.000;77.00;253.00;Базовый
2026-08-12T04:54:26.323;39.211;134;1;LOCK;1248.3496;908.2203;1248.3496;908.2203;0.0000;0.0000;0.0000;0.9943;0;1.000;81.00;254.00;Базовый
2026-08-12T04:54:26.323;39.211;134;2;LOCK;1306.8770;862.9022;1306.8770;862.9022;0.0000;0.0000;0.0000;0.9076;0;1.000;77.00;252.84;Базовый
2026-08-12T04:54:26.615;39.502;135;1;LOCK;1248.3496;908.2203;1248.3496;908.2203;0.0000;0.0000;0.0000;0.9943;0;1.000;81.00;254.00;Базовый
2026-08-12T04:54:26.615;39.502;135;2;LOCK;1306.8770;862.9022;1306.8770;862.9022;0.0000;0.0000;0.0000;0.9076;0;1.000;77.00;252.84;Базовый
2026-08-12T04:54:26.914;39.801;136;1;LOCK;1248.3496;908.2203;1248.3496;908.2203;0.0000;0.0000;0.0000;0.9943;0;1.000;81.00;254.00;Базовый
2026-08-12T04:54:26.914;39.801;136;2;LOCK;1306.8770;862.9022;1306.8770;862.9022;0.0000;0.0000;0.0000;0.9076;0;1.000;77.00;252.84;Базовый
2026-08-12T04:54:27.208;40.095;137;1;LOCK;1248.3496;908.2203;1248.3496;908.2203;0.0000;0.0000;0.0000;0.9487;0;1.000;83.00;253.00;Базовый
2026-08-12T04:54:27.208;40.095;137;2;LOCK;1306.8770;862.9022;1306.8770;862.9022;0.0000;0.0000;0.0000;0.9187;0;1.000;75.00;253.00;Базовый
2026-08-12T04:54:27.513;40.400;138;1;LOCK;1248.3496;908.2203;1248.3496;908.2203;0.0000;0.0000;0.0000;0.9737;0;1.000;83.00;254.00;Базовый
2026-08-12T04:54:27.513;40.400;138;2;LOCK;1306.8770;862.9022;1306.8770;862.9022;0.0000;0.0000;0.0000;0.9389;0;1.000;75.00;253.00;Базовый
2026-08-12T04:54:27.806;40.693;139;1;LOCK;1248.3496;908.2203;1248.3496;908.2203;0.0000;0.0000;0.0000;0.9737;0;1.000;83.00;254.00;Базовый
2026-08-12T04:54:27.806;40.693;139;2;LOCK;1306.8770;862.9022;1306.8770;862.9022;0.0000;0.0000;0.0000;0.9389;0;1.000;75.00;253.00;Базовый
2026-08-12T04:54:28.092;40.979;140;1;LOCK;1248.3496;908.2203;1248.3496;908.2203;0.0000;0.0000;0.0000;0.9737;0;1.000;80.00;254.00;Базовый
2026-08-12T04:54:28.092;40.979;140;2;LOCK;1306.8770;862.9022;1306.8770;862.9022;0.0000;0.0000;0.0000;0.9389;0;1.000;75.00;253.00;Базовый
2026-08-12T04:54:28.372;41.259;141;1;LOCK;1248.3496;908.2203;1248.3496;908.2203;0.0000;0.0000;0.0000;0.9737;0;1.000;80.00;254.00;Базовый
2026-08-12T04:54:28.372;41.259;141;2;LOCK;1306.8770;862.9022;1306.8770;862.9022;0.0000;0.0000;0.0000;0.9837;0;1.000;75.00;253.00;Базовый
2026-08-12T04:54:28.651;41.538;142;1;LOCK;1248.3496;908.2203;1248.3496;908.2203;0.0000;0.0000;0.0000;0.9737;0;1.000;80.00;254.00;Базовый
2026-08-12T04:54:28.651;41.538;142;2;LOCK;1306.8770;862.9022;1306.8770;862.9022;0.0000;0.0000;0.0000;0.9837;0;1.000;75.00;253.00;Базовый
2026-08-12T04:54:28.937;41.824;143;1;LOCK;1248.3496;908.2203;1248.3496;908.2203;0.0000;0.0000;0.0000;0.9737;0;1.000;80.00;254.00;Базовый
2026-08-12T04:54:28.937;41.824;143;2;LOCK;1306.8770;862.9022;1306.8770;862.9022;0.0000;0.0000;0.0000;0.9837;0;1.000;75.00;253.00;Базовый
2026-08-12T04:54:29.220;42.107;144;1;LOCK;1248.3496;908.2203;1248.3496;908.2203;0.0000;0.0000;0.0000;0.9944;0;1.000;81.00;254.00;Базовый
2026-08-12T04:54:29.220;42.107;144;2;LOCK;1306.8770;862.9022;1306.8770;862.9022;0.0000;0.0000;0.0000;0.9082;0;1.000;77.00;253.00;Базовый
2026-08-12T04:54:29.506;42.393;145;1;LOCK;1248.3496;908.2203;1248.3496;908.2203;0.0000;0.0000;0.0000;0.9497;0;1.000;81.00;253.00;Базовый
2026-08-12T04:54:29.506;42.393;145;2;LOCK;1306.8770;862.9022;1306.8770;862.9022;0.0000;0.0000;0.0000;0.9082;0;1.000;77.00;253.00;Базовый
2026-08-12T04:54:29.830;42.718;146;1;LOCK;1248.3496;908.2203;1248.3496;908.2203;0.0000;0.0000;0.0000;0.9619;0;1.000;81.00;253.00;Базовый
2026-08-12T04:54:29.830;42.718;146;2;LOCK;1306.8770;862.9022;1306.8770;862.9022;0.0000;0.0000;0.0000;0.9082;0;1.000;77.00;253.00;Базовый
2026-08-12T04:54:30.109;42.997;147;1;LOCK;1248.3496;908.2203;1248.3496;908.2203;0.0000;0.0000;0.0000;0.9619;0;1.000;81.00;253.00;Базовый
2026-08-12T04:54:30.109;42.997;147;2;LOCK;1306.8770;862.9022;1306.8770;862.9022;0.0000;0.0000;0.0000;0.9082;0;1.000;77.00;253.00;Базовый
2026-08-12T04:54:30.392;43.280;148;1;LOCK;1248.3496;908.2203;1248.3496;908.2203;0.0000;0.0000;0.0000;0.9619;0;1.000;81.00;253.00;Базовый
2026-08-12T04:54:30.392;43.280;148;2;LOCK;1306.8770;862.9022;1306.8770;862.9022;0.0000;0.0000;0.0000;0.9934;0;1.000;77.00;252.00;Базовый
2026-08-12T04:54:30.699;43.587;149;1;LOCK;1248.3496;908.2203;1248.3496;908.2203;0.0000;0.0000;0.0000;0.9555;0;1.000;81.00;253.00;Базовый
2026-08-12T04:54:30.699;43.587;149;2;LOCK;1306.8770;862.9022;1306.8770;862.9022;0.0000;0.0000;0.0000;0.9935;0;1.000;77.00;252.00;Базовый
2026-08-12T04:54:31.021;43.908;150;1;LOCK;1248.3496;908.2203;1248.3496;908.2203;0.0000;0.0000;0.0000;0.9946;0;1.000;81.00;253.00;Базовый
2026-08-12T04:54:31.021;43.908;150;2;LOCK;1306.8770;862.9022;1306.8770;862.9022;0.0000;0.0000;0.0000;0.9935;0;1.000;77.00;252.00;Базовый
2026-08-12T04:54:31.311;44.198;151;1;LOCK;1248.3496;908.2203;1248.3496;908.2203;0.0000;0.0000;0.0000;0.9942;0;1.000;81.00;253.00;Базовый
2026-08-12T04:54:31.311;44.198;151;2;LOCK;1306.8770;862.9022;1306.8770;862.9022;0.0000;0.0000;0.0000;0.9306;0;1.000;77.00;253.00;Базовый
2026-08-12T04:54:31.598;44.485;152;1;LOCK;1248.3496;908.2203;1248.3496;908.2203;0.0000;0.0000;0.0000;0.9223;0;1.000;81.00;253.00;Базовый
2026-08-12T04:54:31.598;44.485;152;2;LOCK;1306.8770;862.9022;1306.8770;862.9022;0.0000;0.0000;0.0000;0.8926;0;1.000;77.00;253.84;Базовый
2026-08-12T04:54:31.958;44.845;153;1;LOCK;1248.3496;908.2203;1248.3496;908.2203;0.0000;0.0000;0.0000;0.9223;0;1.000;81.00;253.00;Базовый
2026-08-12T04:54:31.958;44.845;153;2;LOCK;1306.8770;862.9022;1306.8770;862.9022;0.0000;0.0000;0.0000;0.8926;0;1.000;77.00;253.84;Базовый
2026-08-12T04:54:32.254;45.141;154;1;LOCK;1248.3496;908.2203;1248.3496;908.2203;0.0000;0.0000;0.0000;0.9223;0;1.000;81.00;253.00;Базовый
2026-08-12T04:54:32.254;45.141;154;2;LOCK;1306.8770;862.9022;1306.8770;862.9022;0.0000;0.0000;0.0000;0.9443;0;1.000;77.00;253.00;Базовый
2026-08-12T04:54:32.548;45.435;155;1;LOCK;1248.3496;908.2203;1248.3496;908.2203;0.0000;0.0000;0.0000;0.9223;0;1.000;81.00;253.00;Базовый
2026-08-12T04:54:32.548;45.435;155;2;LOCK;1306.8770;862.9022;1306.8770;862.9022;0.0000;0.0000;0.0000;0.9443;0;1.000;77.00;253.00;Базовый
2026-08-12T04:54:32.830;45.717;156;1;LOCK;1248.3496;908.2203;1248.3496;908.2203;0.0000;0.0000;0.0000;0.9223;0;1.000;81.00;253.00;Базовый
2026-08-12T04:54:32.830;45.717;156;2;LOCK;1306.8770;862.9022;1306.8770;862.9022;0.0000;0.0000;0.0000;0.9443;0;1.000;77.00;253.00;Базовый
2026-08-12T04:54:33.117;46.004;157;1;LOCK;1248.3496;908.2203;1248.3496;908.2203;0.0000;0.0000;0.0000;0.9223;0;1.000;81.00;253.00;Базовый
2026-08-12T04:54:33.117;46.004;157;2;LOCK;1306.8770;862.9022;1306.8770;862.9022;0.0000;0.0000;0.0000;0.9443;0;1.000;77.00;253.00;Базовый
2026-08-12T04:54:33.591;46.479;158;1;LOCK;1248.3496;908.2203;1248.3496;908.2203;0.0000;0.0000;0.0000;0.8939;0;1.000;84.00;253.00;Базовый
2026-08-12T04:54:33.591;46.479;158;2;LOCK;1306.8770;862.9022;1306.8770;862.9022;0.0000;0.0000;0.0000;0.9294;0;1.000;76.00;254.00;Базовый
2026-08-12T04:54:33.870;46.757;159;1;LOCK;1248.3496;908.2203;1248.3496;908.2203;0.0000;0.0000;0.0000;0.9194;0;1.000;84.00;253.00;Базовый
2026-08-12T04:54:33.870;46.757;159;2;LOCK;1306.8770;862.9022;1306.8770;862.9022;0.0000;0.0000;0.0000;0.9545;0;1.000;77.00;253.00;Базовый
2026-08-12T04:54:34.210;47.098;160;1;LOCK;1248.3496;908.2203;1248.3496;908.2203;0.0000;0.0000;0.0000;0.9194;0;1.000;84.00;253.00;Базовый
2026-08-12T04:54:34.210;47.098;160;2;LOCK;1306.8770;862.9022;1306.8770;862.9022;0.0000;0.0000;0.0000;0.9545;0;1.000;77.00;253.00;Базовый
2026-08-12T04:54:34.490;47.377;161;1;LOCK;1248.3496;908.2203;1248.3496;908.2203;0.0000;0.0000;0.0000;0.9194;0;1.000;84.00;253.00;Базовый
2026-08-12T04:54:34.490;47.377;161;2;LOCK;1306.8770;862.9022;1306.8770;862.9022;0.0000;0.0000;0.0000;0.9545;0;1.000;77.00;253.00;Базовый
2026-08-12T04:54:34.769;47.657;162;1;LOCK;1248.3496;908.2203;1248.3496;908.2203;0.0000;0.0000;0.0000;0.9933;0;1.000;84.00;252.00;Базовый
2026-08-12T04:54:34.769;47.657;162;2;LOCK;1306.8770;862.9022;1306.8770;862.9022;0.0000;0.0000;0.0000;0.9374;0;1.000;77.00;253.00;Базовый
2026-08-12T04:54:35.053;47.941;163;1;LOCK;1248.3496;908.2203;1248.3496;908.2203;0.0000;0.0000;0.0000;0.9768;0;1.000;84.00;254.00;Базовый
2026-08-12T04:54:35.053;47.941;163;2;LOCK;1306.8770;862.9022;1306.8770;862.9022;0.0000;0.0000;0.0000;0.9527;0;1.000;77.00;253.00;Базовый
2026-08-12T04:54:35.340;48.227;164;1;LOCK;1248.3496;908.2203;1248.3496;908.2203;0.0000;0.0000;0.0000;0.9249;0;1.000;81.00;252.20;Базовый
2026-08-12T04:54:35.340;48.227;164;2;LOCK;1306.8770;862.9022;1306.8770;862.9022;0.0000;0.0000;0.0000;0.9503;0;1.000;77.00;252.00;Базовый
2026-08-12T04:54:35.632;48.519;165;1;LOCK;1248.3496;908.2203;1248.3496;908.2203;0.0000;0.0000;0.0000;0.9249;0;1.000;81.00;254.20;Базовый
2026-08-12T04:54:35.632;48.519;165;2;LOCK;1306.8770;862.9022;1306.8770;862.9022;0.0000;0.0000;0.0000;0.9442;0;1.000;75.00;253.00;Базовый
2026-08-12T04:54:35.914;48.802;166;1;LOCK;1248.3496;908.2203;1248.3496;908.2203;0.0000;0.0000;0.0000;0.9249;0;1.000;81.00;254.20;Базовый
2026-08-12T04:54:35.914;48.802;166;2;LOCK;1306.8770;862.9022;1306.8770;862.9022;0.0000;0.0000;0.0000;0.9436;0;1.000;77.00;253.00;Базовый
2026-08-12T04:54:36.204;49.091;167;1;LOCK;1248.3496;908.2203;1248.3496;908.2203;0.0000;0.0000;0.0000;0.9249;0;1.000;81.00;254.20;Базовый
2026-08-12T04:54:36.204;49.091;167;2;LOCK;1306.8770;862.9022;1306.8770;862.9022;0.0000;0.0000;0.0000;0.9436;0;1.000;77.00;253.00;Базовый
2026-08-12T04:54:36.485;49.372;168;1;LOCK;1248.3496;908.2203;1248.3496;908.2203;0.0000;0.0000;0.0000;0.9249;0;1.000;81.00;254.20;Базовый
2026-08-12T04:54:36.485;49.372;168;2;LOCK;1306.8770;862.9022;1306.8770;862.9022;0.0000;0.0000;0.0000;0.9436;0;1.000;77.00;253.00;Базовый
2026-08-12T04:54:36.769;49.656;169;1;LOCK;1248.3496;908.2203;1248.3496;908.2203;0.0000;0.0000;0.0000;0.9249;0;1.000;81.00;254.20;Базовый
2026-08-12T04:54:36.769;49.656;169;2;LOCK;1306.8770;862.9022;1306.8770;862.9022;0.0000;0.0000;0.0000;0.9436;0;1.000;77.00;253.00;Базовый
2026-08-12T04:54:37.050;49.937;170;1;LOCK;1248.3496;908.2203;1248.3496;908.2203;0.0000;0.0000;0.0000;0.9249;0;1.000;81.00;254.20;Базовый
2026-08-12T04:54:37.050;49.937;170;2;LOCK;1306.8770;862.9022;1306.8770;862.9022;0.0000;0.0000;0.0000;0.9436;0;1.000;77.00;253.00;Базовый
2026-08-12T04:54:37.330;50.217;171;1;LOCK;1248.3496;908.2203;1248.3496;908.2203;0.0000;0.0000;0.0000;0.9469;0;1.000;81.00;253.00;Базовый
2026-08-12T04:54:37.330;50.217;171;2;LOCK;1306.8770;862.9022;1306.8770;862.9022;0.0000;0.0000;0.0000;0.9287;0;1.000;76.00;252.00;Базовый
2026-08-12T04:54:37.626;50.513;172;1;LOCK;1248.3496;908.2203;1248.3496;908.2203;0.0000;0.0000;0.0000;0.9366;0;1.000;81.00;253.00;Базовый
2026-08-12T04:54:37.626;50.513;172;2;LOCK;1306.8770;862.9022;1306.8770;862.9022;0.0000;0.0000;0.0000;0.9116;0;1.000;76.00;254.00;Базовый
2026-08-12T04:54:37.913;50.800;173;1;LOCK;1248.3496;908.2203;1248.3496;908.2203;0.0000;0.0000;0.0000;0.9167;0;1.000;81.00;254.00;Базовый
2026-08-12T04:54:37.913;50.800;173;2;LOCK;1306.8770;862.9022;1306.8770;862.9022;0.0000;0.0000;0.0000;0.9117;0;1.000;77.00;253.84;Базовый
2026-08-12T04:54:38.214;51.101;174;1;LOCK;1248.3496;908.2203;1248.3496;908.2203;0.0000;0.0000;0.0000;0.9167;0;1.000;81.00;254.00;Базовый
2026-08-12T04:54:38.214;51.101;174;2;LOCK;1306.8770;862.9022;1306.8770;862.9022;0.0000;0.0000;0.0000;0.9117;0;1.000;77.00;253.84;Базовый
2026-08-12T04:54:38.517;51.405;175;1;LOCK;1248.3496;908.2203;1248.3496;908.2203;0.0000;0.0000;0.0000;0.9231;0;1.000;81.00;254.00;Базовый
2026-08-12T04:54:38.517;51.405;175;2;LOCK;1306.8770;862.9022;1306.8770;862.9022;0.0000;0.0000;0.0000;0.9117;0;1.000;77.00;253.84;Базовый
2026-08-12T04:54:38.816;51.703;176;1;LOCK;1248.3496;908.2203;1248.3496;908.2203;0.0000;0.0000;0.0000;0.9231;0;1.000;81.00;254.00;Базовый
2026-08-12T04:54:38.816;51.703;176;2;LOCK;1306.8770;862.9022;1306.8770;862.9022;0.0000;0.0000;0.0000;0.9117;0;1.000;77.00;253.84;Базовый
2026-08-12T04:54:39.097;51.984;177;1;LOCK;1248.3496;908.2203;1248.3496;908.2203;0.0000;0.0000;0.0000;0.9419;0;1.000;81.00;253.00;Базовый
2026-08-12T04:54:39.097;51.984;177;2;LOCK;1306.8770;862.9022;1306.8770;862.9022;0.0000;0.0000;0.0000;0.9117;0;1.000;77.00;253.84;Базовый
2026-08-12T04:54:39.389;52.276;178;1;LOCK;1248.3496;908.2203;1248.3496;908.2203;0.0000;0.0000;0.0000;0.9943;0;1.000;84.00;253.00;Базовый
2026-08-12T04:54:39.389;52.276;178;2;LOCK;1306.8770;862.9022;1306.8770;862.9022;0.0000;0.0000;0.0000;0.9513;0;1.000;73.00;254.00;Базовый
2026-08-12T04:54:39.704;52.592;179;1;LOCK;1248.3496;908.2203;1248.3496;908.2203;0.0000;0.0000;0.0000;0.9211;0;1.000;84.00;253.00;Базовый
2026-08-12T04:54:39.704;52.592;179;2;LOCK;1306.8770;862.9022;1306.8770;862.9022;0.0000;0.0000;0.0000;0.9513;0;1.000;73.00;254.00;Базовый
2026-08-12T04:54:39.987;52.874;180;1;LOCK;1248.3496;908.2203;1248.3496;908.2203;0.0000;0.0000;0.0000;0.9210;0;1.000;82.00;253.00;Базовый
2026-08-12T04:54:39.987;52.874;180;2;LOCK;1306.8770;862.9022;1306.8770;862.9022;0.0000;0.0000;0.0000;0.9515;0;1.000;74.00;253.00;Базовый
2026-08-12T04:54:40.292;53.179;181;1;LOCK;1248.3496;908.2203;1248.3496;908.2203;0.0000;0.0000;0.0000;0.9210;0;1.000;82.00;253.00;Базовый
2026-08-12T04:54:40.292;53.179;181;2;LOCK;1306.8770;862.9022;1306.8770;862.9022;0.0000;0.0000;0.0000;0.9515;0;1.000;74.00;253.00;Базовый
2026-08-12T04:54:40.579;53.467;182;1;LOCK;1248.3496;908.2203;1248.3496;908.2203;0.0000;0.0000;0.0000;0.9210;0;1.000;82.00;253.00;Базовый
2026-08-12T04:54:40.579;53.467;182;2;LOCK;1306.8770;862.9022;1306.8770;862.9022;0.0000;0.0000;0.0000;0.9515;0;1.000;74.00;253.00;Базовый
2026-08-12T04:54:40.875;53.763;183;1;LOCK;1248.3496;908.2203;1248.3496;908.2203;0.0000;0.0000;0.0000;0.9210;0;1.000;82.00;253.00;Базовый
2026-08-12T04:54:40.875;53.763;183;2;LOCK;1306.8770;862.9022;1306.8770;862.9022;0.0000;0.0000;0.0000;0.9515;0;1.000;75.00;253.00;Базовый
2026-08-12T04:54:41.170;54.058;184;1;LOCK;1248.3496;908.2203;1248.3496;908.2203;0.0000;0.0000;0.0000;0.9210;0;1.000;82.00;253.00;Базовый
2026-08-12T04:54:41.170;54.058;184;2;LOCK;1306.8770;862.9022;1306.8770;862.9022;0.0000;0.0000;0.0000;0.9515;0;1.000;75.00;253.00;Базовый
2026-08-12T04:54:41.451;54.338;185;1;LOCK;1248.3496;908.2203;1248.3496;908.2203;0.0000;0.0000;0.0000;0.9509;0;1.000;81.00;252.00;Базовый
2026-08-12T04:54:41.451;54.338;185;2;LOCK;1306.8770;862.9022;1306.8770;862.9022;0.0000;0.0000;0.0000;0.9931;0;1.000;76.00;253.00;Базовый
2026-08-12T04:54:41.730;54.617;186;1;LOCK;1248.3496;908.2203;1248.3496;908.2203;0.0000;0.0000;0.0000;0.9469;0;1.000;81.00;254.00;Базовый
2026-08-12T04:54:41.730;54.617;186;2;LOCK;1306.8770;862.9022;1306.8770;862.9022;0.0000;0.0000;0.0000;0.9931;0;1.000;76.00;253.00;Базовый
2026-08-12T04:54:42.011;54.899;187;1;LOCK;1248.3496;908.2203;1248.3496;908.2203;0.0000;0.0000;0.0000;0.9944;0;1.000;81.00;253.00;Базовый
2026-08-12T04:54:42.011;54.899;187;2;LOCK;1306.8770;862.9022;1306.8770;862.9022;0.0000;0.0000;0.0000;0.9931;0;1.000;76.00;253.00;Базовый
2026-08-12T04:54:42.486;55.373;188;1;LOCK;1248.3496;908.2203;1248.3496;908.2203;0.0000;0.0000;0.0000;0.9944;0;1.000;81.00;253.00;Базовый
2026-08-12T04:54:42.486;55.373;188;2;LOCK;1306.8770;862.9022;1306.8770;862.9022;0.0000;0.0000;0.0000;0.9930;0;1.000;76.00;253.00;Базовый
2026-08-12T04:54:42.771;55.659;189;1;LOCK;1248.3496;908.2203;1248.3496;908.2203;0.0000;0.0000;0.0000;0.9405;0;1.000;81.00;254.00;Базовый
2026-08-12T04:54:42.771;55.659;189;2;LOCK;1306.8770;862.9022;1306.8770;862.9022;0.0000;0.0000;0.0000;0.9930;0;1.000;76.00;254.00;Базовый
2026-08-12T04:54:43.053;55.940;190;1;LOCK;1248.3496;908.2203;1248.3496;908.2203;0.0000;0.0000;0.0000;0.9405;0;1.000;83.00;253.88;Базовый
2026-08-12T04:54:43.053;55.940;190;2;LOCK;1306.8770;862.9022;1306.8770;862.9022;0.0000;0.0000;0.0000;0.9930;0;1.000;76.00;254.00;Базовый
2026-08-12T04:54:43.343;56.230;191;1;LOCK;1248.3496;908.2203;1248.3496;908.2203;0.0000;0.0000;0.0000;0.9507;0;1.000;82.00;253.00;Базовый
2026-08-12T04:54:43.343;56.230;191;2;LOCK;1306.8770;862.9022;1306.8770;862.9022;0.0000;0.0000;0.0000;0.9236;0;1.000;75.00;252.00;Базовый
2026-08-12T04:54:43.735;56.623;192;1;LOCK;1248.3496;908.2203;1248.3496;908.2203;0.0000;0.0000;0.0000;0.9926;0;1.000;82.00;253.00;Базовый
2026-08-12T04:54:43.735;56.623;192;2;LOCK;1306.8770;862.9022;1306.8770;862.9022;0.0000;0.0000;0.0000;0.9281;0;1.000;75.00;252.00;Базовый
2026-08-12T04:54:44.014;56.901;193;1;LOCK;1248.3496;908.2203;1248.3496;908.2203;0.0000;0.0000;0.0000;0.9820;0;1.000;82.00;254.00;Базовый
2026-08-12T04:54:44.014;56.901;193;2;LOCK;1306.8770;862.9022;1306.8770;862.9022;0.0000;0.0000;0.0000;0.9102;0;1.000;75.00;252.00;Базовый
2026-08-12T04:54:44.298;57.186;194;1;LOCK;1248.3496;908.2203;1248.3496;908.2203;0.0000;0.0000;0.0000;0.9800;0;1.000;82.00;254.00;Базовый
2026-08-12T04:54:44.298;57.186;194;2;LOCK;1306.8770;862.9022;1306.8770;862.9022;0.0000;0.0000;0.0000;0.9121;0;1.000;75.00;253.00;Базовый
2026-08-12T04:54:44.650;57.538;195;1;LOCK;1248.3496;908.2203;1248.3496;908.2203;0.0000;0.0000;0.0000;0.9800;0;1.000;82.00;254.00;Базовый
2026-08-12T04:54:44.650;57.538;195;2;LOCK;1306.8770;862.9022;1306.8770;862.9022;0.0000;0.0000;0.0000;0.9121;0;1.000;75.00;253.00;Базовый
2026-08-12T04:54:45.287;58.174;196;1;LOCK;1248.3496;908.2203;1248.3496;908.2203;0.0000;0.0000;0.0000;0.9800;0;1.000;82.00;254.00;Базовый
2026-08-12T04:54:45.287;58.174;196;2;LOCK;1306.8770;862.9022;1306.8770;862.9022;0.0000;0.0000;0.0000;0.9121;0;1.000;75.00;253.00;Базовый
2026-08-12T04:54:45.584;58.472;197;1;LOCK;1248.3496;908.2203;1248.3496;908.2203;0.0000;0.0000;0.0000;0.9800;0;1.000;82.00;254.00;Базовый
2026-08-12T04:54:45.584;58.472;197;2;LOCK;1306.8770;862.9022;1306.8770;862.9022;0.0000;0.0000;0.0000;0.9121;0;1.000;75.00;253.00;Базовый
2026-08-12T04:54:45.878;58.766;198;1;LOCK;1248.3496;908.2203;1248.3496;908.2203;0.0000;0.0000;0.0000;0.9800;0;1.000;82.00;254.00;Базовый
2026-08-12T04:54:45.878;58.766;198;2;LOCK;1306.8770;862.9022;1306.8770;862.9022;0.0000;0.0000;0.0000;0.9121;0;1.000;75.00;253.00;Базовый
2026-08-12T04:54:46.175;59.062;199;1;LOCK;1248.3496;908.2203;1248.3496;908.2203;0.0000;0.0000;0.0000;0.9800;0;1.000;82.00;254.00;Базовый
2026-08-12T04:54:46.175;59.062;199;2;LOCK;1306.8770;862.9022;1306.8770;862.9022;0.0000;0.0000;0.0000;0.9121;0;1.000;75.00;253.00;Базовый
2026-08-12T04:54:46.497;59.384;200;1;LOCK;1248.3496;908.2203;1248.3496;908.2203;0.0000;0.0000;0.0000;0.9392;0;1.000;83.00;253.00;Базовый
2026-08-12T04:54:46.497;59.384;200;2;LOCK;1306.8770;862.9022;1306.8770;862.9022;0.0000;0.0000;0.0000;0.9939;0;1.000;75.00;253.00;Базовый
2026-08-12T04:54:46.820;59.707;201;1;LOCK;1248.3496;908.2203;1248.3496;908.2203;0.0000;0.0000;0.0000;0.9942;0;1.000;83.00;254.00;Базовый
2026-08-12T04:54:46.820;59.707;201;2;LOCK;1306.8770;862.9022;1306.8770;862.9022;0.0000;0.0000;0.0000;0.9940;0;1.000;75.00;252.00;Базовый
2026-08-12T04:54:47.106;59.993;202;1;LOCK;1248.3496;908.2203;1248.3496;908.2203;0.0000;0.0000;0.0000;0.9942;0;1.000;83.00;254.00;Базовый
2026-08-12T04:54:47.106;59.993;202;2;LOCK;1306.8770;862.9022;1306.8770;862.9022;0.0000;0.0000;0.0000;0.9940;0;1.000;75.00;252.00;Базовый
2026-08-12T04:54:47.579;60.467;203;1;LOCK;1248.3496;908.2203;1248.3496;908.2203;0.0000;0.0000;0.0000;0.9942;0;1.000;83.00;254.00;Базовый
2026-08-12T04:54:47.579;60.467;203;2;LOCK;1306.8770;862.9022;1306.8770;862.9022;0.0000;0.0000;0.0000;0.9940;0;1.000;75.00;252.00;Базовый
2026-08-12T04:54:48.238;61.125;204;1;LOCK;1248.3496;908.2203;1248.3496;908.2203;0.0000;0.0000;0.0000;0.9370;0;1.000;82.00;253.00;Базовый
2026-08-12T04:54:48.238;61.125;204;2;LOCK;1306.8770;862.9022;1306.8770;862.9022;0.0000;0.0000;0.0000;0.9212;0;1.000;75.00;252.00;Базовый
2026-08-12T04:54:49.154;62.041;205;1;LOCK;1248.3496;908.2203;1248.3496;908.2203;0.0000;0.0000;0.0000;0.9370;0;1.000;82.00;253.00;Базовый
2026-08-12T04:54:49.154;62.041;205;2;LOCK;1306.8770;862.9022;1306.8770;862.9022;0.0000;0.0000;0.0000;0.9204;0;1.000;76.00;252.00;Базовый
2026-08-12T04:54:49.443;62.330;206;1;LOCK;1248.3496;908.2203;1248.3496;908.2203;0.0000;0.0000;0.0000;0.9292;0;1.000;81.00;253.00;Базовый
2026-08-12T04:54:49.443;62.330;206;2;LOCK;1306.8770;862.9022;1306.8770;862.9022;0.0000;0.0000;0.0000;0.9204;0;1.000;76.00;252.00;Базовый
2026-08-12T04:54:49.730;62.617;207;1;LOCK;1248.3496;908.2203;1248.3496;908.2203;0.0000;0.0000;0.0000;0.9292;0;1.000;81.00;253.00;Базовый
2026-08-12T04:54:49.730;62.617;207;2;LOCK;1306.8770;862.9022;1306.8770;862.9022;0.0000;0.0000;0.0000;0.9204;0;1.000;76.00;252.00;Базовый
2026-08-12T04:54:50.022;62.909;208;1;LOCK;1248.3496;908.2203;1248.3496;908.2203;0.0000;0.0000;0.0000;0.9292;0;1.000;81.00;253.00;Базовый
2026-08-12T04:54:50.022;62.909;208;2;LOCK;1306.8770;862.9022;1306.8770;862.9022;0.0000;0.0000;0.0000;0.9204;0;1.000;76.00;252.00;Базовый
2026-08-12T04:54:50.316;63.203;209;1;LOCK;1248.3496;908.2203;1248.3496;908.2203;0.0000;0.0000;0.0000;0.8936;0;1.000;81.00;253.00;Базовый
2026-08-12T04:54:50.316;63.203;209;2;LOCK;1306.8770;862.9022;1306.8770;862.9022;0.0000;0.0000;0.0000;0.9398;0;1.000;75.00;254.00;Базовый
2026-08-12T04:54:50.599;63.486;210;1;LOCK;1248.3496;908.2203;1248.3496;908.2203;0.0000;0.0000;0.0000;0.9939;0;1.000;83.00;253.00;Базовый
2026-08-12T04:54:50.599;63.486;210;2;LOCK;1306.8770;862.9022;1306.8770;862.9022;0.0000;0.0000;0.0000;0.9582;0;1.000;75.00;253.00;Базовый
2026-08-12T04:54:50.893;63.781;211;1;LOCK;1248.3496;908.2203;1248.3496;908.2203;0.0000;0.0000;0.0000;0.9939;0;1.000;83.00;253.00;Базовый
2026-08-12T04:54:50.893;63.781;211;2;LOCK;1306.8770;862.9022;1306.8770;862.9022;0.0000;0.0000;0.0000;0.9363;0;1.000;75.00;253.16;Базовый
2026-08-12T04:54:51.182;64.069;212;1;LOCK;1248.3496;908.2203;1248.3496;908.2203;0.0000;0.0000;0.0000;0.9939;0;1.000;83.00;253.00;Базовый
2026-08-12T04:54:51.182;64.069;212;2;LOCK;1306.8770;862.9022;1306.8770;862.9022;0.0000;0.0000;0.0000;0.9582;0;1.000;75.00;254.00;Базовый
2026-08-12T04:54:51.458;64.345;213;1;LOCK;1248.3496;908.2203;1248.3496;908.2203;0.0000;0.0000;0.0000;0.9469;0;1.000;84.00;254.00;Базовый
2026-08-12T04:54:51.458;64.345;213;2;LOCK;1306.8770;862.9022;1306.8770;862.9022;0.0000;0.0000;0.0000;0.9054;0;1.000;74.00;253.32;Базовый
2026-08-12T04:54:51.747;64.635;214;1;LOCK;1248.3496;908.2203;1248.3496;908.2203;0.0000;0.0000;0.0000;0.9948;0;1.000;84.00;253.00;Базовый
2026-08-12T04:54:51.747;64.635;214;2;LOCK;1306.8770;862.9022;1306.8770;862.9022;0.0000;0.0000;0.0000;0.9054;0;1.000;74.00;253.32;Базовый
2026-08-12T04:54:52.047;64.935;215;1;LOCK;1248.3496;908.2203;1248.3496;908.2203;0.0000;0.0000;0.0000;0.9948;0;1.000;84.00;253.00;Базовый
2026-08-12T04:54:52.047;64.935;215;2;LOCK;1306.8770;862.9022;1306.8770;862.9022;0.0000;0.0000;0.0000;0.9485;0;1.000;74.00;253.00;Базовый
2026-08-12T04:54:52.573;65.461;216;1;LOCK;1248.3496;908.2203;1248.3496;908.2203;0.0000;0.0000;0.0000;0.9948;0;1.000;84.00;253.00;Базовый
2026-08-12T04:54:52.573;65.461;216;2;LOCK;1306.8770;862.9022;1306.8770;862.9022;0.0000;0.0000;0.0000;0.9485;0;1.000;74.00;253.00;Базовый
2026-08-12T04:54:52.862;65.750;217;1;LOCK;1248.3496;908.2203;1248.3496;908.2203;0.0000;0.0000;0.0000;0.9843;0;1.000;84.00;253.72;Базовый
2026-08-12T04:54:52.862;65.750;217;2;LOCK;1306.8770;862.9022;1306.8770;862.9022;0.0000;0.0000;0.0000;0.9476;0;1.000;76.00;253.00;Базовый
2026-08-12T04:54:53.154;66.041;218;1;LOCK;1248.3496;908.2203;1248.3496;908.2203;0.0000;0.0000;0.0000;0.9942;0;1.000;80.00;252.00;Базовый
2026-08-12T04:54:53.154;66.041;218;2;LOCK;1306.8770;862.9022;1306.8770;862.9022;0.0000;0.0000;0.0000;0.9937;0;1.000;75.00;253.00;Базовый
2026-08-12T04:54:53.434;66.322;219;1;LOCK;1248.3496;908.2203;1248.3496;908.2203;0.0000;0.0000;0.0000;0.9938;0;1.000;80.00;253.00;Базовый
2026-08-12T04:54:53.434;66.322;219;2;LOCK;1306.8770;862.9022;1306.8770;862.9022;0.0000;0.0000;0.0000;0.9941;0;1.000;75.00;253.00;Базовый
2026-08-12T04:54:53.728;66.615;220;1;LOCK;1248.3496;908.2203;1248.3496;908.2203;0.0000;0.0000;0.0000;0.9260;0;1.000;80.00;253.00;Базовый
2026-08-12T04:54:53.728;66.615;220;2;LOCK;1306.8770;862.9022;1306.8770;862.9022;0.0000;0.0000;0.0000;0.9941;0;1.000;75.00;253.00;Базовый
2026-08-12T04:54:54.018;66.905;221;1;LOCK;1248.3496;908.2203;1248.3496;908.2203;0.0000;0.0000;0.0000;0.9260;0;1.000;80.00;253.00;Базовый
2026-08-12T04:54:54.018;66.905;221;2;LOCK;1306.8770;862.9022;1306.8770;862.9022;0.0000;0.0000;0.0000;0.9362;0;1.000;75.00;252.16;Базовый
2026-08-12T04:54:54.302;67.190;222;1;LOCK;1248.3496;908.2203;1248.3496;908.2203;0.0000;0.0000;0.0000;0.9863;0;1.000;81.00;253.00;Базовый
2026-08-12T04:54:54.302;67.190;222;2;LOCK;1306.8770;862.9022;1306.8770;862.9022;0.0000;0.0000;0.0000;0.9362;0;1.000;75.00;252.16;Базовый
2026-08-12T04:54:54.587;67.475;223;1;LOCK;1248.3496;908.2203;1248.3496;908.2203;0.0000;0.0000;0.0000;0.9863;0;1.000;81.00;253.00;Базовый
2026-08-12T04:54:54.587;67.475;223;2;LOCK;1306.8770;862.9022;1306.8770;862.9022;0.0000;0.0000;0.0000;0.9362;0;1.000;75.00;252.16;Базовый
2026-08-12T04:54:54.875;67.763;224;1;LOCK;1248.3496;908.2203;1248.3496;908.2203;0.0000;0.0000;0.0000;0.9835;0;1.000;81.00;252.20;Базовый
2026-08-12T04:54:54.875;67.763;224;2;LOCK;1306.8770;862.9022;1306.8770;862.9022;0.0000;0.0000;0.0000;0.9946;0;1.000;75.00;253.00;Базовый
2026-08-12T04:54:55.158;68.045;225;1;LOCK;1248.3496;908.2203;1248.3496;908.2203;0.0000;0.0000;0.0000;0.8939;0;1.000;84.00;253.00;Базовый
2026-08-12T04:54:55.158;68.045;225;2;LOCK;1306.8770;862.9022;1306.8770;862.9022;0.0000;0.0000;0.0000;0.9205;0;1.000;75.00;253.00;Базовый
2026-08-12T04:54:55.520;68.408;226;1;LOCK;1248.3496;908.2203;1248.3496;908.2203;0.0000;0.0000;0.0000;0.9942;0;1.000;84.00;252.00;Базовый
2026-08-12T04:54:55.520;68.408;226;2;LOCK;1306.8770;862.9022;1306.8770;862.9022;0.0000;0.0000;0.0000;0.9115;0;1.000;75.00;253.00;Базовый
2026-08-12T04:54:55.810;68.697;227;1;LOCK;1248.3496;908.2203;1248.3496;908.2203;0.0000;0.0000;0.0000;0.9942;0;1.000;84.00;253.00;Базовый
2026-08-12T04:54:55.810;68.697;227;2;LOCK;1306.8770;862.9022;1306.8770;862.9022;0.0000;0.0000;0.0000;0.9115;0;1.000;75.00;253.00;Базовый
2026-08-12T04:54:56.097;68.985;228;1;LOCK;1248.3496;908.2203;1248.3496;908.2203;0.0000;0.0000;0.0000;0.9943;0;1.000;82.00;253.00;Базовый
2026-08-12T04:54:56.097;68.985;228;2;LOCK;1306.8770;862.9022;1306.8770;862.9022;0.0000;0.0000;0.0000;0.9089;0;1.000;75.00;253.00;Базовый
2026-08-12T04:54:56.390;69.277;229;1;LOCK;1248.3496;908.2203;1248.3496;908.2203;0.0000;0.0000;0.0000;0.9940;0;1.000;83.00;253.00;Базовый
2026-08-12T04:54:56.390;69.277;229;2;LOCK;1306.8770;862.9022;1306.8770;862.9022;0.0000;0.0000;0.0000;0.9089;0;1.000;75.00;253.00;Базовый
2026-08-12T04:54:56.669;69.557;230;1;LOCK;1248.3496;908.2203;1248.3496;908.2203;0.0000;0.0000;0.0000;0.9941;0;1.000;83.00;253.00;Базовый
2026-08-12T04:54:56.669;69.557;230;2;LOCK;1306.8770;862.9022;1306.8770;862.9022;0.0000;0.0000;0.0000;0.9089;0;1.000;75.00;253.00;Базовый
2026-08-12T04:54:56.968;69.855;231;1;LOCK;1248.3496;908.2203;1248.3496;908.2203;0.0000;0.0000;0.0000;0.9941;0;1.000;83.00;253.00;Базовый
2026-08-12T04:54:56.968;69.855;231;2;LOCK;1306.8770;862.9022;1306.8770;862.9022;0.0000;0.0000;0.0000;0.9089;0;1.000;75.00;253.00;Базовый
2026-08-12T04:55:02.049;74.936;232;1;LOCK;1248.3496;908.2203;1248.3496;908.2203;0.0000;0.0000;0.0000;0.9944;0;1.000;81.00;254.00;Базовый
2026-08-12T04:55:02.049;74.936;232;2;LOCK;1306.8770;862.9022;1306.8770;862.9022;0.0000;0.0000;0.0000;0.9097;0;1.000;75.00;252.16;Базовый
2026-08-12T04:55:02.586;75.473;233;1;LOCK;1248.3496;908.2203;1248.3496;908.2203;0.0000;0.0000;0.0000;0.8940;0;1.000;81.00;254.00;Базовый
2026-08-12T04:55:02.586;75.473;233;2;LOCK;1306.8770;862.9022;1306.8770;862.9022;0.0000;0.0000;0.0000;0.9839;0;1.000;75.00;252.00;Базовый
2026-08-12T04:55:02.944;75.831;234;1;LOCK;1248.3496;908.2203;1248.3496;908.2203;0.0000;0.0000;0.0000;0.9393;0;1.000;81.00;253.00;Базовый
2026-08-12T04:55:02.944;75.831;234;2;LOCK;1306.8770;862.9022;1306.8770;862.9022;0.0000;0.0000;0.0000;0.9839;0;1.000;75.00;253.00;Базовый
2026-08-12T04:55:03.230;76.118;235;1;LOCK;1248.3496;908.2203;1248.3496;908.2203;0.0000;0.0000;0.0000;0.9949;0;1.000;83.00;253.88;Базовый
2026-08-12T04:55:03.230;76.118;235;2;LOCK;1306.8770;862.9022;1306.8770;862.9022;0.0000;0.0000;0.0000;0.9283;0;1.000;75.00;253.00;Базовый
2026-08-12T04:55:03.766;76.653;236;1;LOCK;1248.3496;908.2203;1248.3496;908.2203;0.0000;0.0000;0.0000;0.9665;0;1.000;83.00;253.00;Базовый
2026-08-12T04:55:03.766;76.653;236;2;LOCK;1306.8770;862.9022;1306.8770;862.9022;0.0000;0.0000;0.0000;0.9707;0;1.000;75.00;252.00;Базовый
2026-08-12T04:55:04.049;76.936;237;1;LOCK;1248.3496;908.2203;1248.3496;908.2203;0.0000;0.0000;0.0000;0.9947;0;1.000;83.00;252.00;Базовый
2026-08-12T04:55:04.049;76.936;237;2;LOCK;1306.8770;862.9022;1306.8770;862.9022;0.0000;0.0000;0.0000;0.9707;0;1.000;75.00;252.00;Базовый
2026-08-12T04:55:04.367;77.255;238;1;LOCK;1248.3496;908.2203;1248.3496;908.2203;0.0000;0.0000;0.0000;0.9947;0;1.000;83.00;252.00;Базовый
2026-08-12T04:55:04.367;77.255;238;2;LOCK;1306.8770;862.9022;1306.8770;862.9022;0.0000;0.0000;0.0000;0.9707;0;1.000;75.00;252.00;Базовый
2026-08-12T04:55:04.694;77.582;239;1;LOCK;1248.3496;908.2203;1248.3496;908.2203;0.0000;0.0000;0.0000;0.9947;0;1.000;83.00;252.00;Базовый
2026-08-12T04:55:04.694;77.582;239;2;LOCK;1306.8770;862.9022;1306.8770;862.9022;0.0000;0.0000;0.0000;0.9707;0;1.000;75.00;252.00;Базовый
2026-08-12T04:55:05.034;77.922;240;1;LOCK;1248.3496;908.2203;1248.3496;908.2203;0.0000;0.0000;0.0000;0.9565;0;1.000;83.00;252.88;Базовый
2026-08-12T04:55:05.034;77.922;240;2;LOCK;1306.8770;862.9022;1306.8770;862.9022;0.0000;0.0000;0.0000;0.9840;0;1.000;75.00;252.00;Базовый
2026-08-12T04:55:05.336;78.223;241;1;LOCK;1248.3496;908.2203;1248.3496;908.2203;0.0000;0.0000;0.0000;0.9362;0;1.000;82.00;252.00;Базовый
2026-08-12T04:55:05.336;78.223;241;2;LOCK;1306.8770;862.9022;1306.8770;862.9022;0.0000;0.0000;0.0000;0.9269;0;1.000;75.00;252.00;Базовый
2026-08-12T04:55:05.681;78.568;242;1;LOCK;1248.3496;908.2203;1248.3496;908.2203;0.0000;0.0000;0.0000;0.9511;0;1.000;82.00;253.00;Базовый
2026-08-12T04:55:05.681;78.568;242;2;LOCK;1306.8770;862.9022;1306.8770;862.9022;0.0000;0.0000;0.0000;0.9399;0;1.000;75.00;252.00;Базовый
2026-08-12T04:55:05.979;78.867;243;1;LOCK;1248.3496;908.2203;1248.3496;908.2203;0.0000;0.0000;0.0000;0.9391;0;1.000;82.00;253.00;Базовый
2026-08-12T04:55:05.979;78.867;243;2;LOCK;1306.8770;862.9022;1306.8770;862.9022;0.0000;0.0000;0.0000;0.9298;0;1.000;75.00;253.16;Базовый
2026-08-12T04:55:06.257;79.145;244;1;LOCK;1248.3496;908.2203;1248.3496;908.2203;0.0000;0.0000;0.0000;0.9391;0;1.000;82.00;253.00;Базовый
2026-08-12T04:55:06.257;79.145;244;2;LOCK;1306.8770;862.9022;1306.8770;862.9022;0.0000;0.0000;0.0000;0.9298;0;1.000;75.00;253.16;Базовый
2026-08-12T04:55:06.538;79.425;245;1;LOCK;1248.3496;908.2203;1248.3496;908.2203;0.0000;0.0000;0.0000;0.9391;0;1.000;82.00;253.00;Базовый
2026-08-12T04:55:06.538;79.425;245;2;LOCK;1306.8770;862.9022;1306.8770;862.9022;0.0000;0.0000;0.0000;0.9298;0;1.000;75.00;253.16;Базовый
2026-08-12T04:55:06.818;79.706;246;1;LOCK;1248.3496;908.2203;1248.3496;908.2203;0.0000;0.0000;0.0000;0.9391;0;1.000;82.00;253.00;Базовый
2026-08-12T04:55:06.818;79.706;246;2;LOCK;1306.8770;862.9022;1306.8770;862.9022;0.0000;0.0000;0.0000;0.9638;0;1.000;75.00;253.00;Базовый
2026-08-12T04:55:07.101;79.988;247;1;LOCK;1248.3496;908.2203;1248.3496;908.2203;0.0000;0.0000;0.0000;0.9391;0;1.000;82.00;253.00;Базовый
2026-08-12T04:55:07.101;79.988;247;2;LOCK;1306.8770;862.9022;1306.8770;862.9022;0.0000;0.0000;0.0000;0.9638;0;1.000;75.00;253.00;Базовый
2026-08-12T04:55:07.387;80.274;248;1;LOCK;1248.3496;908.2203;1248.3496;908.2203;0.0000;0.0000;0.0000;0.9919;0;1.000;83.00;253.00;Базовый
2026-08-12T04:55:07.387;80.274;248;2;LOCK;1306.8770;862.9022;1306.8770;862.9022;0.0000;0.0000;0.0000;0.9333;0;1.000;75.00;252.00;Базовый
2026-08-12T04:55:07.699;80.586;249;1;LOCK;1248.3496;908.2203;1248.3496;908.2203;0.0000;0.0000;0.0000;0.9359;0;1.000;83.00;253.00;Базовый
2026-08-12T04:55:07.699;80.586;249;2;LOCK;1306.8770;862.9022;1306.8770;862.9022;0.0000;0.0000;0.0000;0.9333;0;1.000;75.00;252.00;Базовый
2026-08-12T04:55:07.996;80.883;250;1;LOCK;1248.3496;908.2203;1248.3496;908.2203;0.0000;0.0000;0.0000;0.9263;0;1.000;83.00;253.88;Базовый
2026-08-12T04:55:07.996;80.883;250;2;LOCK;1306.8770;862.9022;1306.8770;862.9022;0.0000;0.0000;0.0000;0.9229;0;1.000;75.00;253.00;Базовый
2026-08-12T04:55:08.289;81.176;251;1;LOCK;1248.3496;908.2203;1248.3496;908.2203;0.0000;0.0000;0.0000;0.9263;0;1.000;83.00;253.88;Базовый
2026-08-12T04:55:08.289;81.176;251;2;LOCK;1306.8770;862.9022;1306.8770;862.9022;0.0000;0.0000;0.0000;0.9207;0;1.000;75.00;253.00;Базовый
2026-08-12T04:55:08.583;81.471;252;1;LOCK;1248.3496;908.2203;1248.3496;908.2203;0.0000;0.0000;0.0000;0.9943;0;1.000;83.00;253.00;Базовый
2026-08-12T04:55:08.583;81.471;252;2;LOCK;1306.8770;862.9022;1306.8770;862.9022;0.0000;0.0000;0.0000;0.9207;0;1.000;75.00;253.00;Базовый
2026-08-12T04:55:08.865;81.752;253;1;LOCK;1248.3496;908.2203;1248.3496;908.2203;0.0000;0.0000;0.0000;0.9943;0;1.000;83.00;253.00;Базовый
2026-08-12T04:55:08.865;81.752;253;2;LOCK;1306.8770;862.9022;1306.8770;862.9022;0.0000;0.0000;0.0000;0.9207;0;1.000;75.00;253.00;Базовый
2026-08-12T04:55:09.141;82.028;254;1;LOCK;1248.3496;908.2203;1248.3496;908.2203;0.0000;0.0000;0.0000;0.8944;0;1.000;83.00;252.00;Базовый
2026-08-12T04:55:09.141;82.028;254;2;LOCK;1306.8770;862.9022;1306.8770;862.9022;0.0000;0.0000;0.0000;0.9125;0;1.000;75.00;253.00;Базовый
2026-08-12T04:55:09.461;82.348;255;1;LOCK;1248.3496;908.2203;1248.3496;908.2203;0.0000;0.0000;0.0000;0.9250;0;1.000;81.00;254.00;Базовый
2026-08-12T04:55:09.461;82.348;255;2;LOCK;1306.8770;862.9022;1306.8770;862.9022;0.0000;0.0000;0.0000;0.9139;0;1.000;75.00;252.16;Базовый
2026-08-12T04:55:09.747;82.634;256;1;LOCK;1248.3496;908.2203;1248.3496;908.2203;0.0000;0.0000;0.0000;0.9250;0;1.000;81.00;254.00;Базовый
2026-08-12T04:55:09.747;82.634;256;2;LOCK;1306.8770;862.9022;1306.8770;862.9022;0.0000;0.0000;0.0000;0.9304;0;1.000;75.00;253.00;Базовый
2026-08-12T04:55:10.028;82.915;257;1;LOCK;1248.3496;908.2203;1248.3496;908.2203;0.0000;0.0000;0.0000;0.9250;0;1.000;81.00;254.00;Базовый
2026-08-12T04:55:10.028;82.915;257;2;LOCK;1306.8770;862.9022;1306.8770;862.9022;0.0000;0.0000;0.0000;0.9380;0;1.000;75.00;253.00;Базовый
2026-08-12T04:55:10.309;83.196;258;1;LOCK;1248.3496;908.2203;1248.3496;908.2203;0.0000;0.0000;0.0000;0.9250;0;1.000;81.00;254.00;Базовый
2026-08-12T04:55:10.309;83.196;258;2;LOCK;1306.8770;862.9022;1306.8770;862.9022;0.0000;0.0000;0.0000;0.9380;0;1.000;75.00;253.00;Базовый
2026-08-12T04:55:10.585;83.473;259;1;LOCK;1248.3496;908.2203;1248.3496;908.2203;0.0000;0.0000;0.0000;0.9250;0;1.000;81.00;254.00;Базовый
2026-08-12T04:55:10.585;83.473;259;2;LOCK;1306.8770;862.9022;1306.8770;862.9022;0.0000;0.0000;0.0000;0.9380;0;1.000;75.00;253.00;Базовый
2026-08-12T04:55:10.864;83.752;260;1;LOCK;1248.3496;908.2203;1248.3496;908.2203;0.0000;0.0000;0.0000;0.9250;0;1.000;83.00;254.00;Базовый
2026-08-12T04:55:10.864;83.752;260;2;LOCK;1306.8770;862.9022;1306.8770;862.9022;0.0000;0.0000;0.0000;0.9380;0;1.000;75.00;253.00;Базовый
2026-08-12T04:55:11.152;84.039;261;1;LOCK;1248.3496;908.2203;1248.3496;908.2203;0.0000;0.0000;0.0000;0.9944;0;1.000;84.00;253.00;Базовый
2026-08-12T04:55:11.152;84.039;261;2;LOCK;1306.8770;862.9022;1306.8770;862.9022;0.0000;0.0000;0.0000;0.8932;0;1.000;75.00;253.00;Базовый
2026-08-12T04:55:11.434;84.322;262;1;LOCK;1248.3496;908.2203;1248.3496;908.2203;0.0000;0.0000;0.0000;0.9488;0;1.000;84.00;253.00;Базовый
2026-08-12T04:55:11.434;84.322;262;2;LOCK;1306.8770;862.9022;1306.8770;862.9022;0.0000;0.0000;0.0000;0.9470;0;1.000;75.00;253.00;Базовый
2026-08-12T04:55:11.722;84.610;263;1;LOCK;1248.3496;908.2203;1248.3496;908.2203;0.0000;0.0000;0.0000;0.9943;0;1.000;81.00;254.00;Базовый
2026-08-12T04:55:11.722;84.610;263;2;LOCK;1306.8770;862.9022;1306.8770;862.9022;0.0000;0.0000;0.0000;0.9494;0;1.000;75.00;253.00;Базовый
2026-08-12T04:55:12.600;85.487;264;1;LOCK;1248.3496;908.2203;1248.3496;908.2203;0.0000;0.0000;0.0000;0.9943;0;1.000;83.00;254.00;Базовый
2026-08-12T04:55:12.600;85.487;264;2;LOCK;1306.8770;862.9022;1306.8770;862.9022;0.0000;0.0000;0.0000;0.9494;0;1.000;75.00;253.00;Базовый
2026-08-12T04:55:12.906;85.793;265;1;LOCK;1248.3496;908.2203;1248.3496;908.2203;0.0000;0.0000;0.0000;0.9942;0;1.000;80.00;254.00;Базовый
2026-08-12T04:55:12.906;85.793;265;2;LOCK;1306.8770;862.9022;1306.8770;862.9022;0.0000;0.0000;0.0000;0.9431;0;1.000;75.00;253.00;Базовый
2026-08-12T04:55:13.186;86.073;266;1;LOCK;1248.3496;908.2203;1248.3496;908.2203;0.0000;0.0000;0.0000;0.9294;0;1.000;81.00;253.00;Базовый
2026-08-12T04:55:13.186;86.073;266;2;LOCK;1306.8770;862.9022;1306.8770;862.9022;0.0000;0.0000;0.0000;0.9188;0;1.000;74.00;253.00;Базовый
2026-08-12T04:55:13.464;86.351;267;1;LOCK;1248.3496;908.2203;1248.3496;908.2203;0.0000;0.0000;0.0000;0.9247;0;1.000;81.00;253.00;Базовый
2026-08-12T04:55:13.464;86.351;267;2;LOCK;1306.8770;862.9022;1306.8770;862.9022;0.0000;0.0000;0.0000;0.9259;0;1.000;74.00;254.00;Базовый
2026-08-12T04:55:13.755;86.642;268;1;LOCK;1248.3496;908.2203;1248.3496;908.2203;0.0000;0.0000;0.0000;0.9247;0;1.000;81.00;254.00;Базовый
2026-08-12T04:55:13.755;86.642;268;2;LOCK;1306.8770;862.9022;1306.8770;862.9022;0.0000;0.0000;0.0000;0.9259;0;1.000;75.00;254.00;Базовый
2026-08-12T04:55:14.036;86.923;269;1;LOCK;1248.3496;908.2203;1248.3496;908.2203;0.0000;0.0000;0.0000;0.9247;0;1.000;81.00;254.00;Базовый
2026-08-12T04:55:14.036;86.923;269;2;LOCK;1306.8770;862.9022;1306.8770;862.9022;0.0000;0.0000;0.0000;0.9259;0;1.000;75.00;254.00;Базовый
2026-08-12T04:55:14.316;87.203;270;1;LOCK;1248.3496;908.2203;1248.3496;908.2203;0.0000;0.0000;0.0000;0.9187;0;1.000;81.00;254.00;Базовый
2026-08-12T04:55:14.316;87.203;270;2;LOCK;1306.8770;862.9022;1306.8770;862.9022;0.0000;0.0000;0.0000;0.9840;0;1.000;75.00;253.16;Базовый
2026-08-12T04:55:14.593;87.480;271;1;LOCK;1248.3496;908.2203;1248.3496;908.2203;0.0000;0.0000;0.0000;0.9187;0;1.000;84.00;254.00;Базовый
2026-08-12T04:55:14.593;87.480;271;2;LOCK;1306.8770;862.9022;1306.8770;862.9022;0.0000;0.0000;0.0000;0.9840;0;1.000;75.00;253.16;Базовый
2026-08-12T04:55:14.876;87.764;272;1;LOCK;1248.3496;908.2203;1248.3496;908.2203;0.0000;0.0000;0.0000;0.9947;0;1.000;84.00;253.00;Базовый
2026-08-12T04:55:14.876;87.764;272;2;LOCK;1306.8770;862.9022;1306.8770;862.9022;0.0000;0.0000;0.0000;0.9840;0;1.000;75.00;253.16;Базовый
2026-08-12T04:55:15.156;88.043;273;1;LOCK;1248.3496;908.2203;1248.3496;908.2203;0.0000;0.0000;0.0000;0.9943;0;1.000;81.00;254.00;Базовый
2026-08-12T04:55:15.156;88.043;273;2;LOCK;1306.8770;862.9022;1306.8770;862.9022;0.0000;0.0000;0.0000;0.9391;0;1.000;75.00;253.00;Базовый
2026-08-12T04:55:15.434;88.322;274;1;LOCK;1248.3496;908.2203;1248.3496;908.2203;0.0000;0.0000;0.0000;0.9943;0;1.000;81.00;254.00;Базовый
2026-08-12T04:55:15.434;88.322;274;2;LOCK;1306.8770;862.9022;1306.8770;862.9022;0.0000;0.0000;0.0000;0.9307;0;1.000;75.00;253.00;Базовый
2026-08-12T04:55:15.746;88.633;275;1;LOCK;1248.3496;908.2203;1248.3496;908.2203;0.0000;0.0000;0.0000;0.9943;0;1.000;81.00;254.00;Базовый
2026-08-12T04:55:15.746;88.633;275;2;LOCK;1306.8770;862.9022;1306.8770;862.9022;0.0000;0.0000;0.0000;0.9307;0;1.000;75.00;253.00;Базовый
2026-08-12T04:55:16.029;88.916;276;1;LOCK;1248.3496;908.2203;1248.3496;908.2203;0.0000;0.0000;0.0000;0.9943;0;1.000;81.00;254.00;Базовый
2026-08-12T04:55:16.029;88.916;276;2;LOCK;1306.8770;862.9022;1306.8770;862.9022;0.0000;0.0000;0.0000;0.9391;0;1.000;75.00;254.00;Базовый
2026-08-12T04:55:16.400;89.288;277;1;LOCK;1248.3496;908.2203;1248.3496;908.2203;0.0000;0.0000;0.0000;0.9943;0;1.000;81.00;254.00;Базовый
2026-08-12T04:55:16.400;89.288;277;2;LOCK;1306.8770;862.9022;1306.8770;862.9022;0.0000;0.0000;0.0000;0.9941;0;1.000;75.00;253.00;Базовый
2026-08-12T04:55:16.709;89.597;278;1;LOCK;1248.3496;908.2203;1248.3496;908.2203;0.0000;0.0000;0.0000;0.9943;0;1.000;81.00;254.00;Базовый
2026-08-12T04:55:16.709;89.597;278;2;LOCK;1306.8770;862.9022;1306.8770;862.9022;0.0000;0.0000;0.0000;0.9941;0;1.000;75.00;253.00;Базовый
2026-08-12T04:55:16.995;89.883;279;1;LOCK;1248.3496;908.2203;1248.3496;908.2203;0.0000;0.0000;0.0000;0.9943;0;1.000;81.00;254.00;Базовый
2026-08-12T04:55:16.995;89.883;279;2;LOCK;1306.8770;862.9022;1306.8770;862.9022;0.0000;0.0000;0.0000;0.9941;0;1.000;75.00;253.00;Базовый
2026-08-12T04:55:17.279;90.166;280;1;LOCK;1248.3496;908.2203;1248.3496;908.2203;0.0000;0.0000;0.0000;0.9943;0;1.000;81.00;254.00;Базовый
2026-08-12T04:55:17.279;90.166;280;2;LOCK;1306.8770;862.9022;1306.8770;862.9022;0.0000;0.0000;0.0000;0.9941;0;1.000;75.00;253.00;Базовый
2026-08-12T04:55:17.561;90.448;281;1;LOCK;1248.3496;908.2203;1248.3496;908.2203;0.0000;0.0000;0.0000;0.9165;0;1.000;82.00;253.00;Базовый
2026-08-12T04:55:17.561;90.448;281;2;LOCK;1306.8770;862.9022;1306.8770;862.9022;0.0000;0.0000;0.0000;0.9939;0;1.000;74.00;252.00;Базовый
2026-08-12T04:55:17.870;90.757;282;1;LOCK;1248.3496;908.2203;1248.3496;908.2203;0.0000;0.0000;0.0000;0.9165;0;1.000;82.00;253.00;Базовый
2026-08-12T04:55:17.870;90.757;282;2;LOCK;1306.8770;862.9022;1306.8770;862.9022;0.0000;0.0000;0.0000;0.9938;0;1.000;73.00;254.00;Базовый
2026-08-12T04:55:18.151;91.038;283;1;LOCK;1248.3496;908.2203;1248.3496;908.2203;0.0000;0.0000;0.0000;0.9551;0;1.000;82.00;254.00;Базовый
2026-08-12T04:55:18.151;91.038;283;2;LOCK;1306.8770;862.9022;1306.8770;862.9022;0.0000;0.0000;0.0000;0.9103;0;1.000;75.00;254.00;Базовый
2026-08-12T04:55:18.673;91.560;284;1;LOCK;1248.3496;908.2203;1248.3496;908.2203;0.0000;0.0000;0.0000;0.9551;0;1.000;82.00;254.00;Базовый
2026-08-12T04:55:18.673;91.560;284;2;LOCK;1306.8770;862.9022;1306.8770;862.9022;0.0000;0.0000;0.0000;0.9103;0;1.000;75.00;254.00;Базовый
2026-08-12T04:55:18.957;91.844;285;1;LOCK;1248.3496;908.2203;1248.3496;908.2203;0.0000;0.0000;0.0000;0.9551;0;1.000;82.00;254.00;Базовый
2026-08-12T04:55:18.957;91.844;285;2;LOCK;1306.8770;862.9022;1306.8770;862.9022;0.0000;0.0000;0.0000;0.9307;0;1.000;75.00;254.00;Базовый
2026-08-12T04:55:19.249;92.136;286;1;LOCK;1248.3496;908.2203;1248.3496;908.2203;0.0000;0.0000;0.0000;0.9942;0;1.000;84.00;253.00;Базовый
2026-08-12T04:55:19.249;92.136;286;2;LOCK;1306.8770;862.9022;1306.8770;862.9022;0.0000;0.0000;0.0000;0.9937;0;1.000;74.00;253.00;Базовый
2026-08-12T04:55:19.710;92.597;287;1;LOCK;1248.3496;908.2203;1248.3496;908.2203;0.0000;0.0000;0.0000;0.9192;0;1.000;83.00;253.00;Базовый
2026-08-12T04:55:19.710;92.597;287;2;LOCK;1306.8770;862.9022;1306.8770;862.9022;0.0000;0.0000;0.0000;0.9701;0;1.000;74.00;253.00;Базовый
2026-08-12T04:55:19.994;92.881;288;1;LOCK;1248.3496;908.2203;1248.3496;908.2203;0.0000;0.0000;0.0000;0.9942;0;1.000;83.00;253.00;Базовый
2026-08-12T04:55:19.994;92.881;288;2;LOCK;1306.8770;862.9022;1306.8770;862.9022;0.0000;0.0000;0.0000;0.9701;0;1.000;75.00;253.00;Базовый
2026-08-12T04:55:20.301;93.189;289;1;LOCK;1248.3496;908.2203;1248.3496;908.2203;0.0000;0.0000;0.0000;0.9942;0;1.000;83.00;253.00;Базовый
2026-08-12T04:55:20.301;93.189;289;2;LOCK;1306.8770;862.9022;1306.8770;862.9022;0.0000;0.0000;0.0000;0.9701;0;1.000;75.00;253.00;Базовый
2026-08-12T04:55:20.584;93.472;290;1;LOCK;1248.3496;908.2203;1248.3496;908.2203;0.0000;0.0000;0.0000;0.9942;0;1.000;83.00;253.00;Базовый
2026-08-12T04:55:20.584;93.472;290;2;LOCK;1306.8770;862.9022;1306.8770;862.9022;0.0000;0.0000;0.0000;0.9701;0;1.000;75.00;253.00;Базовый
2026-08-12T04:55:20.868;93.755;291;1;LOCK;1248.3496;908.2203;1248.3496;908.2203;0.0000;0.0000;0.0000;0.9942;0;1.000;83.00;253.00;Базовый
2026-08-12T04:55:20.868;93.755;291;2;LOCK;1306.8770;862.9022;1306.8770;862.9022;0.0000;0.0000;0.0000;0.9701;0;1.000;75.00;253.00;Базовый
2026-08-12T04:55:21.148;94.035;292;1;LOCK;1248.3496;908.2203;1248.3496;908.2203;0.0000;0.0000;0.0000;0.9391;0;1.000;84.00;253.00;Базовый
2026-08-12T04:55:21.148;94.035;292;2;LOCK;1306.8770;862.9022;1306.8770;862.9022;0.0000;0.0000;0.0000;0.9109;0;1.000;75.00;253.00;Базовый
2026-08-12T04:55:21.431;94.318;293;1;LOCK;1248.3496;908.2203;1248.3496;908.2203;0.0000;0.0000;0.0000;0.9402;0;1.000;84.00;252.00;Базовый
2026-08-12T04:55:21.431;94.318;293;2;LOCK;1306.8770;862.9022;1306.8770;862.9022;0.0000;0.0000;0.0000;0.9055;0;1.000;75.00;253.00;Базовый
2026-08-12T04:55:21.712;94.599;294;1;LOCK;1248.3496;908.2203;1248.3496;908.2203;0.0000;0.0000;0.0000;0.9354;0;1.000;84.00;253.00;Базовый
2026-08-12T04:55:21.712;94.599;294;2;LOCK;1306.8770;862.9022;1306.8770;862.9022;0.0000;0.0000;0.0000;0.9086;0;1.000;75.00;253.00;Базовый
2026-08-12T04:55:22.106;94.993;295;1;LOCK;1248.3496;908.2203;1248.3496;908.2203;0.0000;0.0000;0.0000;0.9350;0;1.000;84.00;253.00;Базовый
2026-08-12T04:55:22.106;94.993;295;2;LOCK;1306.8770;862.9022;1306.8770;862.9022;0.0000;0.0000;0.0000;0.9064;0;1.000;75.00;252.16;Базовый
2026-08-12T04:55:22.437;95.324;296;1;LOCK;1248.3496;908.2203;1248.3496;908.2203;0.0000;0.0000;0.0000;0.9350;0;1.000;84.00;253.00;Базовый
2026-08-12T04:55:22.437;95.324;296;2;LOCK;1306.8770;862.9022;1306.8770;862.9022;0.0000;0.0000;0.0000;0.9064;0;1.000;75.00;252.16;Базовый
2026-08-12T04:55:22.748;95.635;297;1;LOCK;1248.3496;908.2203;1248.3496;908.2203;0.0000;0.0000;0.0000;0.9944;0;1.000;84.00;253.00;Базовый
2026-08-12T04:55:22.748;95.635;297;2;LOCK;1306.8770;862.9022;1306.8770;862.9022;0.0000;0.0000;0.0000;0.9064;0;1.000;75.00;252.16;Базовый
2026-08-12T04:55:23.034;95.921;298;1;LOCK;1248.3496;908.2203;1248.3496;908.2203;0.0000;0.0000;0.0000;0.9944;0;1.000;84.00;253.00;Базовый
2026-08-12T04:55:23.034;95.921;298;2;LOCK;1306.8770;862.9022;1306.8770;862.9022;0.0000;0.0000;0.0000;0.9064;0;1.000;75.00;252.16;Базовый
2026-08-12T04:55:23.319;96.206;299;1;LOCK;1248.3496;908.2203;1248.3496;908.2203;0.0000;0.0000;0.0000;0.9942;0;1.000;84.00;253.00;Базовый
2026-08-12T04:55:23.319;96.206;299;2;LOCK;1306.8770;862.9022;1306.8770;862.9022;0.0000;0.0000;0.0000;0.9386;0;1.000;74.00;253.00;Базовый
2026-08-12T04:55:23.735;96.623;300;1;LOCK;1248.3496;908.2203;1248.3496;908.2203;0.0000;0.0000;0.0000;0.9943;0;1.000;84.00;253.00;Базовый
2026-08-12T04:55:23.735;96.623;300;2;LOCK;1306.8770;862.9022;1306.8770;862.9022;0.0000;0.0000;0.0000;0.9340;0;1.000;74.00;253.00;Базовый
2026-08-12T04:55:24.068;96.956;301;1;LOCK;1248.3496;908.2203;1248.3496;908.2203;0.0000;0.0000;0.0000;0.9942;0;1.000;84.00;252.00;Базовый
2026-08-12T04:55:24.068;96.956;301;2;LOCK;1306.8770;862.9022;1306.8770;862.9022;0.0000;0.0000;0.0000;0.9345;0;1.000;74.00;253.32;Базовый
2026-08-12T04:55:24.389;97.276;302;1;LOCK;1248.3496;908.2203;1248.3496;908.2203;0.0000;0.0000;0.0000;0.9933;0;1.000;84.00;252.00;Базовый
2026-08-12T04:55:24.389;97.276;302;2;LOCK;1306.8770;862.9022;1306.8770;862.9022;0.0000;0.0000;0.0000;0.9345;0;1.000;74.00;253.32;Базовый
2026-08-12T04:55:24.684;97.571;303;1;LOCK;1248.3496;908.2203;1248.3496;908.2203;0.0000;0.0000;0.0000;0.9933;0;1.000;84.00;252.00;Базовый
2026-08-12T04:55:24.684;97.571;303;2;LOCK;1306.8770;862.9022;1306.8770;862.9022;0.0000;0.0000;0.0000;0.9345;0;1.000;74.00;253.32;Базовый
2026-08-12T04:55:24.964;97.852;304;1;LOCK;1248.3496;908.2203;1248.3496;908.2203;0.0000;0.0000;0.0000;0.9534;0;1.000;84.00;253.00;Базовый
2026-08-12T04:55:24.964;97.852;304;2;LOCK;1306.8770;862.9022;1306.8770;862.9022;0.0000;0.0000;0.0000;0.9461;0;1.000;74.00;253.00;Базовый
2026-08-12T04:55:25.242;98.129;305;1;LOCK;1248.3496;908.2203;1248.3496;908.2203;0.0000;0.0000;0.0000;0.9944;0;1.000;83.00;253.00;Базовый
2026-08-12T04:55:25.242;98.129;305;2;LOCK;1306.8770;862.9022;1306.8770;862.9022;0.0000;0.0000;0.0000;0.9940;0;1.000;75.00;252.00;Базовый
2026-08-12T04:55:25.533;98.420;306;1;LOCK;1248.3496;908.2203;1248.3496;908.2203;0.0000;0.0000;0.0000;0.9931;0;1.000;84.00;253.00;Базовый
2026-08-12T04:55:25.533;98.420;306;2;LOCK;1306.8770;862.9022;1306.8770;862.9022;0.0000;0.0000;0.0000;0.9399;0;1.000;74.00;253.00;Базовый
2026-08-12T04:55:25.821;98.708;307;1;LOCK;1248.3496;908.2203;1248.3496;908.2203;0.0000;0.0000;0.0000;0.9376;0;1.000;85.00;254.00;Базовый
2026-08-12T04:55:25.821;98.708;307;2;LOCK;1306.8770;862.9022;1306.8770;862.9022;0.0000;0.0000;0.0000;0.9186;0;1.000;74.00;252.32;Базовый
2026-08-12T04:55:26.102;98.989;308;1;LOCK;1248.3496;908.2203;1248.3496;908.2203;0.0000;0.0000;0.0000;0.9343;0;1.000;85.00;254.00;Базовый
2026-08-12T04:55:26.102;98.989;308;2;LOCK;1306.8770;862.9022;1306.8770;862.9022;0.0000;0.0000;0.0000;0.9186;0;1.000;75.00;252.16;Базовый
2026-08-12T04:55:26.405;99.292;309;1;LOCK;1248.3496;908.2203;1248.3496;908.2203;0.0000;0.0000;0.0000;0.9731;0;1.000;85.00;253.00;Базовый
2026-08-12T04:55:26.405;99.292;309;2;LOCK;1306.8770;862.9022;1306.8770;862.9022;0.0000;0.0000;0.0000;0.9186;0;1.000;75.00;252.16;Базовый
2026-08-12T04:55:26.693;99.580;310;1;LOCK;1248.3496;908.2203;1248.3496;908.2203;0.0000;0.0000;0.0000;0.9656;0;1.000;85.00;253.00;Базовый
2026-08-12T04:55:26.693;99.580;310;2;LOCK;1306.8770;862.9022;1306.8770;862.9022;0.0000;0.0000;0.0000;0.9937;0;1.000;75.00;252.00;Базовый
2026-08-12T04:55:26.983;99.871;311;1;LOCK;1248.3496;908.2203;1248.3496;908.2203;0.0000;0.0000;0.0000;0.9947;0;1.000;80.00;253.00;Базовый
2026-08-12T04:55:26.983;99.871;311;2;LOCK;1306.8770;862.9022;1306.8770;862.9022;0.0000;0.0000;0.0000;0.9937;0;1.000;75.00;252.00;Базовый
2026-08-12T04:55:27.265;100.152;312;1;LOCK;1248.3496;908.2203;1248.3496;908.2203;0.0000;0.0000;0.0000;0.9935;0;1.000;83.00;252.00;Базовый
2026-08-12T04:55:27.265;100.152;312;2;LOCK;1306.8770;862.9022;1306.8770;862.9022;0.0000;0.0000;0.0000;0.9177;0;1.000;75.00;252.00;Базовый
2026-08-12T04:55:27.608;100.496;313;1;LOCK;1248.3496;908.2203;1248.3496;908.2203;0.0000;0.0000;0.0000;0.9937;0;1.000;84.00;252.00;Базовый
2026-08-12T04:55:27.608;100.496;313;2;LOCK;1306.8770;862.9022;1306.8770;862.9022;0.0000;0.0000;0.0000;0.9356;0;1.000;75.00;252.00;Базовый
2026-08-12T04:55:27.888;100.776;314;1;LOCK;1248.3496;908.2203;1248.3496;908.2203;0.0000;0.0000;0.0000;0.9937;0;1.000;84.00;252.00;Базовый
2026-08-12T04:55:27.888;100.776;314;2;LOCK;1306.8770;862.9022;1306.8770;862.9022;0.0000;0.0000;0.0000;0.9356;0;1.000;75.00;252.00;Базовый
2026-08-12T04:55:28.279;101.166;315;1;LOCK;1248.3496;908.2203;1248.3496;908.2203;0.0000;0.0000;0.0000;0.9941;0;1.000;83.00;250.00;Базовый
2026-08-12T04:55:28.279;101.166;315;2;LOCK;1306.8770;862.9022;1306.8770;862.9022;0.0000;0.0000;0.0000;0.9356;0;1.000;75.00;252.00;Базовый
2026-08-12T04:55:28.672;101.559;316;1;LOCK;1248.3496;908.2203;1248.3496;908.2203;0.0000;0.0000;0.0000;0.9644;0;1.000;77.00;251.84;Базовый
2026-08-12T04:55:28.672;101.559;316;2;LOCK;1306.8770;862.9022;1306.8770;862.9022;0.0000;0.0000;0.0000;0.9356;0;1.000;75.00;252.00;Базовый
2026-08-12T04:55:29.007;101.895;317;1;LOCK;1247.7987;908.1652;1248.3496;908.2203;-0.5508;-0.0551;0.5536;0.9982;0;1.000;62.00;252.00;Базовый
2026-08-12T04:55:29.007;101.895;317;2;LOCK;1306.8770;862.9022;1306.8770;862.9022;0.0000;0.0000;0.0000;0.9356;0;1.000;75.00;252.00;Базовый
2026-08-12T04:55:29.311;102.199;318;1;LOCK;1246.6854;908.0216;1248.3496;908.2203;-1.6642;-0.1988;1.6760;0.9960;0;1.000;67.00;253.00;Базовый
2026-08-12T04:55:29.311;102.199;318;2;LOCK;1306.8770;862.9022;1306.8770;862.9022;0.0000;0.0000;0.0000;0.9942;0;1.000;75.00;252.00;Базовый
2026-08-12T04:55:29.595;102.482;319;1;LOCK;1245.2662;906.5821;1248.3496;908.2203;-3.0833;-1.6383;3.4916;0.9591;0;1.000;77.00;249.00;Базовый
2026-08-12T04:55:29.595;102.482;319;2;LOCK;1306.8770;862.9022;1306.8770;862.9022;0.0000;0.0000;0.0000;0.9941;0;1.000;75.00;253.16;Базовый
2026-08-12T04:55:29.870;102.758;320;1;LOCK;1244.1414;904.9721;1248.3496;908.2203;-4.2082;-3.2482;5.3160;0.9825;0;1.000;85.00;251.56;Базовый
2026-08-12T04:55:29.870;102.758;320;2;LOCK;1306.8770;862.9022;1306.8770;862.9022;0.0000;0.0000;0.0000;0.9939;0;1.000;75.00;253.00;Базовый
2026-08-12T04:55:30.151;103.038;321;1;LOCK;1243.3601;903.6187;1248.3496;908.2203;-4.9895;-4.6016;6.7875;0.9809;0;1.000;87.00;251.00;Базовый
2026-08-12T04:55:30.151;103.038;321;2;LOCK;1306.8770;862.9022;1306.8770;862.9022;0.0000;0.0000;0.0000;0.9939;0;1.000;75.00;253.00;Базовый
2026-08-12T04:55:30.515;103.403;322;1;LOCK;1242.7661;902.4367;1248.3496;908.2203;-5.5835;-5.7837;8.0390;0.9609;0;1.000;81.00;252.00;Базовый
2026-08-12T04:55:30.515;103.403;322;2;LOCK;1306.8770;862.9022;1306.8770;862.9022;0.0000;0.0000;0.0000;0.9941;0;1.000;75.00;252.00;Базовый
2026-08-12T04:55:31.062;103.949;323;1;LOCK;1241.9762;901.4692;1248.3496;908.2203;-6.3733;-6.7511;9.2842;0.9369;0;1.000;75.00;252.16;Базовый
2026-08-12T04:55:31.062;103.949;323;2;LOCK;1306.8770;862.9022;1306.8770;862.9022;0.0000;0.0000;0.0000;0.9941;0;1.000;75.00;252.00;Базовый
2026-08-12T04:55:31.481;104.368;324;1;LOCK;1240.6056;901.9172;1248.3496;908.2203;-7.7440;-6.3031;9.9849;0.9844;0;1.000;80.00;250.36;Базовый
2026-08-12T04:55:31.481;104.368;324;2;LOCK;1306.8770;862.9022;1306.8770;862.9022;0.0000;0.0000;0.0000;0.9940;0;1.000;74.00;252.00;Базовый
2026-08-12T04:55:32.355;105.242;325;1;LOCK;1239.3018;902.9522;1248.3496;908.2203;-9.0477;-5.2681;10.4697;0.9765;0;1.000;68.00;251.00;Базовый
2026-08-12T04:55:32.355;105.242;325;2;LOCK;1306.8770;862.9022;1306.8770;862.9022;0.0000;0.0000;0.0000;0.9939;0;1.000;75.00;252.00;Базовый
2026-08-12T04:55:32.762;105.649;326;1;LOCK;1240.0744;904.6883;1248.3496;908.2203;-8.2751;-3.5321;8.9974;0.8962;0;1.000;76.00;252.00;Базовый
2026-08-12T04:55:32.762;105.649;326;2;LOCK;1306.8770;862.9022;1306.8770;862.9022;0.0000;0.0000;0.0000;0.9940;0;1.000;75.00;254.00;Базовый
2026-08-12T04:55:33.046;105.933;327;1;LOCK;1240.6274;905.9229;1248.3496;908.2203;-7.7221;-2.2974;8.0566;0.9520;0;1.000;83.00;252.00;Базовый
2026-08-12T04:55:33.046;105.933;327;2;LOCK;1306.8770;862.9022;1306.8770;862.9022;0.0000;0.0000;0.0000;0.9940;0;1.000;75.00;254.00;Базовый
2026-08-12T04:55:33.329;106.217;328;1;LOCK;1240.4289;906.6906;1248.3496;908.2203;-7.9206;-1.5298;8.0670;0.8880;0;1.000;85.00;251.00;Базовый
2026-08-12T04:55:33.329;106.217;328;2;LOCK;1306.8770;862.9022;1306.8770;862.9022;0.0000;0.0000;0.0000;0.9188;0;1.000;74.00;253.00;Базовый
2026-08-12T04:55:33.616;106.503;329;1;LOCK;1239.8169;907.0344;1248.3496;908.2203;-8.5326;-1.1859;8.6147;0.9167;0;1.000;82.00;252.00;Базовый
2026-08-12T04:55:33.616;106.503;329;2;LOCK;1306.8770;862.9022;1306.8770;862.9022;0.0000;0.0000;0.0000;0.9944;0;1.000;74.00;253.00;Базовый
2026-08-12T04:55:33.911;106.798;330;1;LOCK;1238.5062;905.9754;1248.3496;908.2203;-9.8433;-2.2449;10.0961;0.9274;0;1.000;77.00;251.00;Базовый
2026-08-12T04:55:33.911;106.798;330;2;LOCK;1306.8770;862.9022;1306.8770;862.9022;0.0000;0.0000;0.0000;0.9944;0;1.000;74.00;253.00;Базовый
2026-08-12T04:55:34.212;107.100;331;1;LOCK;1237.2710;904.0563;1248.3496;908.2203;-11.0786;-4.1641;11.8353;0.9277;0;1.000;77.00;252.00;Базовый
2026-08-12T04:55:34.212;107.100;331;2;LOCK;1306.8770;862.9022;1306.8770;862.9022;0.0000;0.0000;0.0000;0.9944;0;1.000;74.00;253.00;Базовый
2026-08-12T04:55:34.576;107.464;332;1;LOCK;1236.3999;901.6077;1248.3496;908.2203;-11.9497;-6.6126;13.6573;0.9558;0;1.000;89.00;253.00;Базовый
2026-08-12T04:55:34.576;107.464;332;2;LOCK;1306.8770;862.9022;1306.8770;862.9022;0.0000;0.0000;0.0000;0.9188;0;1.000;74.00;253.00;Базовый
2026-08-12T04:55:35.011;107.898;333;1;LOCK;1235.9590;897.6268;1248.3496;908.2203;-12.3906;-10.5935;16.3018;0.9227;0;1.000;84.00;250.00;Базовый
2026-08-12T04:55:35.011;107.898;333;2;LOCK;1306.8770;862.9022;1306.8770;862.9022;0.0000;0.0000;0.0000;0.9188;0;1.000;74.00;253.00;Базовый
2026-08-12T04:55:35.379;108.266;334;1;LOCK;1235.7223;894.3305;1248.3496;908.2203;-12.6273;-13.8898;18.7717;0.9412;0;1.000;94.00;253.12;Базовый
2026-08-12T04:55:35.379;108.266;334;2;LOCK;1306.8770;862.9022;1306.8770;862.9022;0.0000;0.0000;0.0000;0.9525;0;1.000;73.00;253.00;Базовый
2026-08-12T04:55:35.677;108.564;335;1;LOCK;1236.1279;893.8154;1248.3496;908.2203;-12.2217;-14.4049;18.8910;0.9224;0;1.000;79.00;252.00;Базовый
2026-08-12T04:55:35.677;108.564;335;2;LOCK;1306.8770;862.9022;1306.8770;862.9022;0.0000;0.0000;0.0000;0.9941;0;1.000;73.00;253.00;Базовый
2026-08-12T04:55:35.988;108.876;336;1;LOCK;1237.7207;895.2702;1248.3496;908.2203;-10.6289;-12.9501;16.7535;0.9458;0;1.000;82.00;251.04;Базовый
2026-08-12T04:55:35.988;108.876;336;2;LOCK;1306.8770;862.9022;1306.8770;862.9022;0.0000;0.0000;0.0000;0.9531;0;1.000;73.00;253.00;Базовый
2026-08-12T04:55:36.396;109.283;337;1;LOCK;1239.4313;897.6800;1248.3496;908.2203;-8.9182;-10.5403;13.8070;0.9225;0;1.000;73.00;250.00;Базовый
2026-08-12T04:55:36.396;109.283;337;2;LOCK;1306.8770;862.9022;1306.8770;862.9022;0.0000;0.0000;0.0000;0.9531;0;1.000;73.00;253.00;Базовый
2026-08-12T04:55:36.694;109.581;338;1;LOCK;1241.8632;900.3808;1248.3496;908.2203;-6.4863;-7.8395;10.1750;0.9175;0;1.000;78.00;252.00;Базовый
2026-08-12T04:55:36.694;109.581;338;2;LOCK;1306.8770;862.9022;1306.8770;862.9022;0.0000;0.0000;0.0000;0.9561;0;1.000;73.00;252.48;Базовый
2026-08-12T04:55:36.977;109.865;339;1;LOCK;1243.9663;903.0535;1248.3496;908.2203;-4.3832;-5.1668;6.7756;0.8748;0;1.000;75.00;251.00;Базовый
2026-08-12T04:55:36.977;109.865;339;2;LOCK;1306.8770;862.9022;1306.8770;862.9022;0.0000;0.0000;0.0000;0.9945;0;1.000;73.00;254.00;Базовый
2026-08-12T04:55:37.262;110.149;340;1;LOCK;1245.5312;904.8394;1248.3496;908.2203;-2.8184;-3.3810;4.4016;0.8993;0;1.000;80.00;253.00;Базовый
2026-08-12T04:55:37.262;110.149;340;2;LOCK;1306.8770;862.9022;1306.8770;862.9022;0.0000;0.0000;0.0000;0.9485;0;1.000;75.00;253.00;Базовый
2026-08-12T04:55:37.575;110.462;341;1;LOCK;1246.5834;906.0205;1248.3496;908.2203;-1.7661;-2.1999;2.8211;0.9253;0;1.000;82.00;252.00;Базовый
2026-08-12T04:55:37.575;110.462;341;2;LOCK;1306.8770;862.9022;1306.8770;862.9022;0.0000;0.0000;0.0000;0.9485;0;1.000;75.00;253.00;Базовый
2026-08-12T04:55:37.940;110.827;342;1;LOCK;1247.2715;906.7787;1248.3496;908.2203;-1.0780;-1.4416;1.8001;0.9750;0;1.000;86.00;253.00;Базовый
2026-08-12T04:55:37.940;110.827;342;2;LOCK;1306.8770;862.9022;1306.8770;862.9022;0.0000;0.0000;0.0000;0.9461;0;1.000;75.00;253.00;Базовый
2026-08-12T04:55:38.231;111.119;343;1;LOCK;1247.7046;907.2608;1248.3496;908.2203;-0.6449;-0.9595;1.1561;0.9480;0;1.000;84.00;253.00;Базовый
2026-08-12T04:55:38.231;111.119;343;2;LOCK;1306.8770;862.9022;1306.8770;862.9022;0.0000;0.0000;0.0000;0.9461;0;1.000;75.00;253.00;Базовый
2026-08-12T04:55:38.553;111.441;344;1;LOCK;1248.0039;907.5918;1248.3496;908.2203;-0.3456;-0.6286;0.7173;0.9421;0;1.000;84.00;253.00;Базовый
2026-08-12T04:55:38.553;111.441;344;2;LOCK;1306.8770;862.9022;1306.8770;862.9022;0.0000;0.0000;0.0000;0.9357;0;1.000;75.00;253.00;Базовый
2026-08-12T04:55:38.838;111.726;345;1;LOCK;1248.2131;907.8304;1248.3496;908.2203;0.0000;0.0000;0.0000;0.9271;0;1.000;84.00;252.00;Базовый
2026-08-12T04:55:38.838;111.726;345;2;LOCK;1306.8770;862.9022;1306.8770;862.9022;0.0000;0.0000;0.0000;0.9350;0;1.000;75.00;253.00;Базовый
2026-08-12T04:55:39.147;112.034;346;1;LOCK;1248.2859;907.9043;1248.3496;908.2203;0.0000;0.0000;0.0000;0.9928;0;1.000;84.00;253.00;Базовый
2026-08-12T04:55:39.147;112.034;346;2;LOCK;1306.8770;862.9022;1306.8770;862.9022;0.0000;0.0000;0.0000;0.9948;0;1.000;72.00;253.00;Базовый
2026-08-12T04:55:39.432;112.320;347;1;LOCK;1248.2859;907.9043;1248.3496;908.2203;0.0000;0.0000;0.0000;0.9932;0;1.000;85.00;252.56;Базовый
2026-08-12T04:55:39.432;112.320;347;2;LOCK;1306.8770;862.9022;1306.8770;862.9022;0.0000;0.0000;0.0000;0.9948;0;1.000;72.00;253.00;Базовый
2026-08-12T04:55:39.719;112.606;348;1;LOCK;1248.2859;907.9043;1248.3496;908.2203;0.0000;0.0000;0.0000;0.9927;0;1.000;85.00;253.00;Базовый
2026-08-12T04:55:39.719;112.606;348;2;LOCK;1306.8770;862.9022;1306.8770;862.9022;0.0000;0.0000;0.0000;0.9289;0;1.000;73.00;253.00;Базовый
2026-08-12T04:55:40.005;112.893;349;1;LOCK;1248.2859;907.9043;1248.3496;908.2203;0.0000;0.0000;0.0000;0.9929;0;1.000;84.00;253.00;Базовый
2026-08-12T04:55:40.005;112.893;349;2;LOCK;1306.8770;862.9022;1306.8770;862.9022;0.0000;0.0000;0.0000;0.9289;0;1.000;73.00;253.00;Базовый
2026-08-12T04:55:40.474;113.361;350;1;LOCK;1248.2859;907.9043;1248.3496;908.2203;0.0000;0.0000;0.0000;0.9476;0;1.000;84.00;253.00;Базовый
2026-08-12T04:55:40.474;113.361;350;2;LOCK;1306.8770;862.9022;1306.8770;862.9022;0.0000;0.0000;0.0000;0.9285;0;1.000;73.00;253.00;Базовый
2026-08-12T04:55:40.791;113.679;351;1;LOCK;1248.2859;907.9043;1248.3496;908.2203;0.0000;0.0000;0.0000;0.9365;0;1.000;81.00;253.00;Базовый
2026-08-12T04:55:40.791;113.679;351;2;LOCK;1306.8770;862.9022;1306.8770;862.9022;0.0000;0.0000;0.0000;0.9285;0;1.000;73.00;253.00;Базовый
2026-08-12T04:55:41.117;114.005;352;1;LOCK;1248.2859;907.9043;1248.3496;908.2203;0.0000;0.0000;0.0000;0.9516;0;1.000;83.00;253.00;Базовый
2026-08-12T04:55:41.117;114.005;352;2;LOCK;1306.8770;862.9022;1306.8770;862.9022;0.0000;0.0000;0.0000;0.9864;0;1.000;75.00;253.00;Базовый
2026-08-12T04:55:41.410;114.297;353;1;LOCK;1248.3752;907.9874;1248.3496;908.2203;0.0000;0.0000;0.0000;0.8920;0;1.000;77.00;246.00;Базовый
2026-08-12T04:55:41.410;114.297;353;2;LOCK;1306.8770;862.9022;1306.8770;862.9022;0.0000;0.0000;0.0000;0.9867;0;1.000;75.00;253.16;Базовый
2026-08-12T04:55:41.712;114.599;354;1;HOLD;1248.3752;907.9874;1248.3496;908.2203;0.0000;0.0000;0.0000;0.4877;1;1.120;1.00;124.14;Базовый
2026-08-12T04:55:41.712;114.599;354;2;LOCK;1306.8770;862.9022;1306.8770;862.9022;0.0000;0.0000;0.0000;0.9230;0;1.000;75.00;253.00;Базовый
2026-08-12T04:55:42.040;114.927;355;1;HOLD;1248.3752;907.9874;1248.3496;908.2203;0.0000;0.0000;0.0000;0.4731;3;1.360;1.00;124.14;Базовый
2026-08-12T04:55:42.040;114.927;355;2;LOCK;1306.8770;862.9022;1306.8770;862.9022;0.0000;0.0000;0.0000;0.9944;0;1.000;75.00;253.00;Базовый
2026-08-12T04:55:42.351;115.239;356;1;LOCK;1248.4934;908.1498;1248.3496;908.2203;0.0000;0.0000;0.0000;0.9666;0;1.114;81.00;252.20;Базовый
2026-08-12T04:55:42.351;115.239;356;2;LOCK;1306.8770;862.9022;1306.8770;862.9022;0.0000;0.0000;0.0000;0.9945;0;1.000;74.00;253.00;Базовый
2026-08-12T04:55:42.637;115.524;357;1;LOCK;1248.4934;908.1498;1248.3496;908.2203;0.0000;0.0000;0.0000;0.9946;0;1.000;86.00;253.00;Базовый
2026-08-12T04:55:42.637;115.524;357;2;LOCK;1306.8770;862.9022;1306.8770;862.9022;0.0000;0.0000;0.0000;0.9946;0;1.000;74.00;253.00;Базовый
2026-08-12T04:55:42.937;115.825;358;1;LOCK;1248.4934;908.1498;1248.3496;908.2203;0.0000;0.0000;0.0000;0.9589;0;1.000;85.00;253.00;Базовый
2026-08-12T04:55:42.937;115.825;358;2;LOCK;1306.8770;862.9022;1306.8770;862.9022;0.0000;0.0000;0.0000;0.9944;0;1.000;75.00;253.00;Базовый
2026-08-12T04:55:43.218;116.106;359;1;LOCK;1248.4934;908.1498;1248.3496;908.2203;0.0000;0.0000;0.0000;0.9145;0;1.000;82.00;252.00;Базовый
2026-08-12T04:55:43.218;116.106;359;2;LOCK;1306.8770;862.9022;1306.8770;862.9022;0.0000;0.0000;0.0000;0.9866;0;1.000;73.00;253.48;Базовый
2026-08-12T04:55:43.523;116.411;360;1;LOCK;1248.4934;908.1498;1248.3496;908.2203;0.0000;0.0000;0.0000;0.8942;0;1.000;81.00;254.00;Базовый
2026-08-12T04:55:43.523;116.411;360;2;LOCK;1306.8770;862.9022;1306.8770;862.9022;0.0000;0.0000;0.0000;0.9492;0;1.000;73.00;254.00;Базовый
2026-08-12T04:55:43.803;116.691;361;1;LOCK;1248.4934;908.1498;1248.3496;908.2203;0.0000;0.0000;0.0000;0.8940;0;1.000;83.00;254.00;Базовый
2026-08-12T04:55:43.803;116.691;361;2;LOCK;1306.8770;862.9022;1306.8770;862.9022;0.0000;0.0000;0.0000;0.9492;0;1.000;73.00;254.00;Базовый
2026-08-12T04:55:44.091;116.978;362;1;LOCK;1248.4934;908.1498;1248.3496;908.2203;0.0000;0.0000;0.0000;0.8939;0;1.000;83.00;253.88;Базовый
2026-08-12T04:55:44.091;116.978;362;2;LOCK;1306.8770;862.9022;1306.8770;862.9022;0.0000;0.0000;0.0000;0.9492;0;1.000;73.00;254.00;Базовый
2026-08-12T04:55:44.408;117.295;363;1;LOCK;1248.4934;908.1498;1248.3496;908.2203;0.0000;0.0000;0.0000;0.9428;0;1.000;84.00;253.00;Базовый
2026-08-12T04:55:44.408;117.295;363;2;LOCK;1306.8770;862.9022;1306.8770;862.9022;0.0000;0.0000;0.0000;0.9938;0;1.000;75.00;254.00;Базовый
2026-08-12T04:55:44.686;117.574;364;1;LOCK;1248.4934;908.1498;1248.3496;908.2203;0.0000;0.0000;0.0000;0.9399;0;1.000;83.00;253.00;Базовый
2026-08-12T04:55:44.686;117.574;364;2;LOCK;1306.8770;862.9022;1306.8770;862.9022;0.0000;0.0000;0.0000;0.9937;0;1.000;75.00;254.00;Базовый
2026-08-12T04:55:44.981;117.868;365;1;LOCK;1248.4934;908.1498;1248.3496;908.2203;0.0000;0.0000;0.0000;0.9948;0;1.000;83.00;252.00;Базовый
2026-08-12T04:55:44.981;117.868;365;2;LOCK;1306.8770;862.9022;1306.8770;862.9022;0.0000;0.0000;0.0000;0.9937;0;1.000;75.00;254.00;Базовый
2026-08-12T04:55:45.315;118.203;366;1;LOCK;1248.4934;908.1498;1248.3496;908.2203;0.0000;0.0000;0.0000;0.9485;0;1.000;84.00;253.00;Базовый
2026-08-12T04:55:45.315;118.203;366;2;LOCK;1306.8770;862.9022;1306.8770;862.9022;0.0000;0.0000;0.0000;0.9613;0;1.000;75.00;253.00;Базовый
2026-08-12T04:55:45.640;118.528;367;1;LOCK;1248.4934;908.1498;1248.3496;908.2203;0.0000;0.0000;0.0000;0.9465;0;1.000;84.00;253.00;Базовый
2026-08-12T04:55:45.640;118.528;367;2;LOCK;1306.8770;862.9022;1306.8770;862.9022;0.0000;0.0000;0.0000;0.9706;0;1.000;75.00;252.00;Базовый
2026-08-12T04:55:46.172;119.059;368;1;LOCK;1248.4934;908.1498;1248.3496;908.2203;0.0000;0.0000;0.0000;0.9416;0;1.000;84.00;253.00;Базовый
2026-08-12T04:55:46.172;119.059;368;2;LOCK;1306.8770;862.9022;1306.8770;862.9022;0.0000;0.0000;0.0000;0.9941;0;1.000;75.00;252.00;Базовый
2026-08-12T04:55:46.523;119.411;369;1;LOCK;1248.4934;908.1498;1248.3496;908.2203;0.0000;0.0000;0.0000;0.9330;0;1.000;84.00;253.00;Базовый
2026-08-12T04:55:46.523;119.411;369;2;LOCK;1306.8770;862.9022;1306.8770;862.9022;0.0000;0.0000;0.0000;0.9426;0;1.000;76.00;253.00;Базовый
2026-08-12T04:55:46.799;119.686;370;1;LOCK;1248.4934;908.1498;1248.3496;908.2203;0.0000;0.0000;0.0000;0.9330;0;1.000;84.00;253.00;Базовый
2026-08-12T04:55:46.799;119.686;370;2;LOCK;1306.8770;862.9022;1306.8770;862.9022;0.0000;0.0000;0.0000;0.9640;0;1.000;75.00;253.00;Базовый
2026-08-12T04:55:47.111;119.999;371;1;LOCK;1248.4934;908.1498;1248.3496;908.2203;0.0000;0.0000;0.0000;0.9086;0;1.000;83.00;253.00;Базовый
2026-08-12T04:55:47.111;119.999;371;2;LOCK;1306.8770;862.9022;1306.8770;862.9022;0.0000;0.0000;0.0000;0.9941;0;1.000;72.00;253.00;Базовый
2026-08-12T04:55:47.445;120.332;372;1;LOCK;1248.4934;908.1498;1248.3496;908.2203;0.0000;0.0000;0.0000;0.9347;0;1.000;83.00;254.00;Базовый
2026-08-12T04:55:47.445;120.332;372;2;LOCK;1306.8770;862.9022;1306.8770;862.9022;0.0000;0.0000;0.0000;0.9481;0;1.000;73.00;253.00;Базовый
2026-08-12T04:55:47.867;120.754;373;1;LOCK;1248.4934;908.1498;1248.3496;908.2203;0.0000;0.0000;0.0000;0.9229;0;1.000;83.00;254.00;Базовый
2026-08-12T04:55:47.867;120.754;373;2;LOCK;1306.8770;862.9022;1306.8770;862.9022;0.0000;0.0000;0.0000;0.9943;0;1.000;75.00;254.00;Базовый
2026-08-12T04:55:48.893;121.781;374;1;LOCK;1248.4934;908.1498;1248.3496;908.2203;0.0000;0.0000;0.0000;0.9946;0;1.000;83.00;253.00;Базовый
2026-08-12T04:55:48.893;121.781;374;2;LOCK;1306.8770;862.9022;1306.8770;862.9022;0.0000;0.0000;0.0000;0.9339;0;1.000;75.00;252.00;Базовый
2026-08-12T04:55:49.209;122.097;375;1;LOCK;1248.4934;908.1498;1248.3496;908.2203;0.0000;0.0000;0.0000;0.9945;0;1.000;81.00;253.00;Базовый
2026-08-12T04:55:49.209;122.097;375;2;LOCK;1306.8770;862.9022;1306.8770;862.9022;0.0000;0.0000;0.0000;0.9660;0;1.000;74.00;254.00;Базовый
2026-08-12T04:55:49.539;122.426;376;1;LOCK;1248.4934;908.1498;1248.3496;908.2203;0.0000;0.0000;0.0000;0.9947;0;1.000;84.00;252.00;Базовый
2026-08-12T04:55:49.539;122.426;376;2;LOCK;1306.8770;862.9022;1306.8770;862.9022;0.0000;0.0000;0.0000;0.9944;0;1.000;73.00;253.00;Базовый
2026-08-12T04:55:49.822;122.709;377;1;LOCK;1248.4934;908.1498;1248.3496;908.2203;0.0000;0.0000;0.0000;0.9947;0;1.000;84.00;252.00;Базовый
2026-08-12T04:55:49.822;122.709;377;2;LOCK;1306.8770;862.9022;1306.8770;862.9022;0.0000;0.0000;0.0000;0.9348;0;1.000;74.00;253.00;Базовый
2026-08-12T04:55:50.178;123.065;378;1;LOCK;1248.4934;908.1498;1248.3496;908.2203;0.0000;0.0000;0.0000;0.9566;0;1.000;84.00;253.00;Базовый
2026-08-12T04:55:50.178;123.065;378;2;LOCK;1306.8770;862.9022;1306.8770;862.9022;0.0000;0.0000;0.0000;0.9496;0;1.000;74.00;253.32;Базовый
2026-08-12T04:55:50.760;123.648;379;1;LOCK;1248.4934;908.1498;1248.3496;908.2203;0.0000;0.0000;0.0000;0.9566;0;1.000;84.00;253.00;Базовый
2026-08-12T04:55:50.760;123.648;379;2;LOCK;1306.8770;862.9022;1306.8770;862.9022;0.0000;0.0000;0.0000;0.9304;0;1.000;62.00;251.24;Базовый
2026-08-12T04:55:51.044;123.932;380;1;LOCK;1248.4934;908.1498;1248.3496;908.2203;0.0000;0.0000;0.0000;0.9321;0;1.000;85.00;253.00;Базовый
2026-08-12T04:55:51.044;123.932;380;2;LOCK;1306.8770;862.9022;1306.8770;862.9022;0.0000;0.0000;0.0000;0.9950;0;1.000;16.00;235.00;Базовый
2026-08-12T04:55:51.333;124.220;381;1;LOCK;1248.4934;908.1498;1248.3496;908.2203;0.0000;0.0000;0.0000;0.9843;0;1.000;85.00;253.00;Базовый
2026-08-12T04:55:51.333;124.220;381;2;LOCK;1306.8701;864.2707;1306.8770;862.9022;-0.0069;1.3685;1.3685;0.9999;0;1.000;13.00;225.40;Базовый
2026-08-12T04:55:51.671;124.558;382;1;LOCK;1248.4934;908.1498;1248.3496;908.2203;0.0000;0.0000;0.0000;0.9385;0;1.000;84.00;254.00;Базовый
2026-08-12T04:55:51.671;124.558;382;2;LOCK;1306.7655;866.2935;1306.8770;862.9022;-0.1114;3.3913;3.3932;0.9714;0;1.000;10.00;230.90;Базовый
2026-08-12T04:55:51.955;124.842;383;1;LOCK;1248.4934;908.1498;1248.3496;908.2203;0.0000;0.0000;0.0000;0.9480;0;1.000;86.00;253.40;Базовый
2026-08-12T04:55:51.955;124.842;383;2;LOCK;1308.2022;867.2254;1306.8770;862.9022;1.3252;4.3233;4.5218;0.9533;0;1.000;10.00;238.90;Базовый
2026-08-12T04:55:52.377;125.265;384;1;LOCK;1248.4934;908.1498;1248.3496;908.2203;0.0000;0.0000;0.0000;0.9480;0;1.000;85.00;253.56;Базовый
2026-08-12T04:55:52.377;125.265;384;2;LOCK;1310.3562;867.4170;1306.8770;862.9022;3.4792;4.5149;5.6999;0.9439;0;1.000;9.00;226.00;Базовый
2026-08-12T04:55:52.679;125.567;385;1;LOCK;1248.4934;908.1498;1248.3496;908.2203;0.0000;0.0000;0.0000;0.9480;0;1.000;87.00;253.24;Базовый
2026-08-12T04:55:52.679;125.567;385;2;LOCK;1308.8691;868.6481;1306.8770;862.9022;1.9921;5.7460;6.0815;0.9481;0;1.000;8.00;224.90;Базовый
2026-08-12T04:55:52.997;125.884;386;1;LOCK;1248.4934;908.1498;1248.3496;908.2203;0.0000;0.0000;0.0000;0.9480;0;1.000;86.00;253.40;Базовый
2026-08-12T04:55:52.997;125.884;386;2;LOCK;1310.7438;868.2867;1306.8770;862.9022;3.8668;5.3845;6.6291;0.9399;0;1.000;10.00;216.60;Базовый
2026-08-12T04:55:53.280;126.167;387;1;LOCK;1248.4934;908.1498;1248.3496;908.2203;0.0000;0.0000;0.0000;0.9531;0;1.000;82.00;253.00;Базовый
2026-08-12T04:55:53.280;126.167;387;2;LOCK;1311.9169;868.1237;1306.8770;862.9022;5.0399;5.2215;7.2571;0.9386;0;1.000;9.00;217.40;Базовый
2026-08-12T04:55:53.580;126.467;388;1;LOCK;1248.4934;908.1498;1248.3496;908.2203;0.0000;0.0000;0.0000;0.9950;0;1.000;81.00;253.00;Базовый
2026-08-12T04:55:53.580;126.467;388;2;LOCK;1312.6476;868.0817;1306.8770;862.9022;5.7706;5.1795;7.7542;0.9313;0;1.000;9.00;218.40;Базовый
2026-08-12T04:55:54.029;126.916;389;1;LOCK;1248.4934;908.1498;1248.3496;908.2203;0.0000;0.0000;0.0000;0.9950;0;1.000;81.00;253.00;Базовый
2026-08-12T04:55:54.029;126.916;389;2;LOCK;1313.1096;868.0894;1306.8770;862.9022;6.2327;5.1872;8.1088;0.9285;0;1.000;9.00;226.60;Базовый
2026-08-12T04:55:54.329;127.217;390;1;LOCK;1248.4934;908.1498;1248.3496;908.2203;0.0000;0.0000;0.0000;0.9950;0;1.000;81.00;253.00;Базовый
2026-08-12T04:55:54.329;127.217;390;2;LOCK;1310.3482;866.1908;1306.8770;862.9022;3.4712;3.2887;4.7817;0.9000;0;1.000;49.00;248.00;Базовый
2026-08-12T04:55:54.625;127.512;391;1;LOCK;1248.4934;908.1498;1248.3496;908.2203;0.0000;0.0000;0.0000;0.9950;0;1.000;81.00;253.00;Базовый
2026-08-12T04:55:54.625;127.512;391;2;LOCK;1307.7818;864.5396;1306.8770;862.9022;0.9048;1.6374;1.8708;0.9066;0;1.000;65.00;250.00;Базовый
2026-08-12T04:55:54.908;127.795;392;1;LOCK;1248.4934;908.1498;1248.3496;908.2203;0.0000;0.0000;0.0000;0.9950;0;1.000;81.00;253.00;Базовый
2026-08-12T04:55:54.908;127.795;392;2;LOCK;1305.5069;863.2833;1306.8770;862.9022;-1.3701;0.3812;1.4222;0.8634;0;1.000;62.00;249.00;Базовый
2026-08-12T04:55:55.212;128.100;393;1;LOCK;1248.4934;908.1498;1248.3496;908.2203;0.0000;0.0000;0.0000;0.9947;0;1.000;81.00;254.00;Базовый
2026-08-12T04:55:55.212;128.100;393;2;LOCK;1303.1839;862.1640;1306.8770;862.9022;-3.6931;-0.7382;3.7661;0.9556;0;1.000;58.00;249.00;Базовый
2026-08-12T04:55:55.497;128.384;394;1;LOCK;1248.4934;908.1498;1248.3496;908.2203;0.0000;0.0000;0.0000;0.9947;0;1.000;82.00;253.04;Базовый
2026-08-12T04:55:55.497;128.384;394;2;LOCK;1300.9994;861.2213;1306.8770;862.9022;-5.8776;-1.6809;6.1132;0.9735;0;1.000;63.00;251.00;Базовый
2026-08-12T04:55:55.846;128.734;395;1;LOCK;1248.4934;908.1498;1248.3496;908.2203;0.0000;0.0000;0.0000;0.9947;0;1.000;82.00;253.00;Базовый
2026-08-12T04:55:55.846;128.734;395;2;LOCK;1299.0717;859.8447;1306.8770;862.9022;-7.8053;-3.0575;8.3827;0.9645;0;1.000;70.00;249.96;Базовый
2026-08-12T04:55:56.140;129.027;396;1;LOCK;1248.4934;908.1498;1248.3496;908.2203;0.0000;0.0000;0.0000;0.9947;0;1.000;82.00;253.00;Базовый
2026-08-12T04:55:56.140;129.027;396;2;LOCK;1297.5041;857.8385;1306.8770;862.9022;-9.3729;-5.0637;10.6533;0.9606;0;1.000;66.00;250.00;Базовый
2026-08-12T04:55:56.487;129.374;397;1;LOCK;1248.4934;908.1498;1248.3496;908.2203;0.0000;0.0000;0.0000;0.9947;0;1.000;82.00;253.00;Базовый
2026-08-12T04:55:56.487;129.374;397;2;LOCK;1296.1558;855.8230;1306.8770;862.9022;-10.7211;-7.0792;12.8475;0.9535;0;1.000;72.00;251.00;Базовый
2026-08-12T04:55:56.807;129.695;398;1;LOCK;1248.4934;908.1498;1248.3496;908.2203;0.0000;0.0000;0.0000;0.9947;0;1.000;85.00;253.00;Базовый
2026-08-12T04:55:56.807;129.695;398;2;LOCK;1294.8581;853.7275;1306.8770;862.9022;-12.0189;-9.1746;15.1204;0.9711;0;1.000;83.00;252.00;Базовый
2026-08-12T04:55:57.088;129.975;399;1;LOCK;1248.4934;908.1498;1248.3496;908.2203;0.0000;0.0000;0.0000;0.9125;0;1.000;84.00;253.00;Базовый
2026-08-12T04:55:57.088;129.975;399;2;LOCK;1294.0836;852.4369;1306.8770;862.9022;-12.7934;-10.4653;16.5286;0.9100;0;1.000;65.00;251.76;Базовый
2026-08-12T04:55:57.365;130.252;400;1;LOCK;1248.4934;908.1498;1248.3496;908.2203;0.0000;0.0000;0.0000;0.9167;0;1.000;84.00;253.00;Базовый
2026-08-12T04:55:57.365;130.252;400;2;LOCK;1294.3238;852.3941;1306.8770;862.9022;-12.5532;-10.5080;16.3708;0.9786;0;1.000;58.00;250.00;Базовый
2026-08-12T04:55:57.661;130.549;401;1;LOCK;1248.4934;908.1498;1248.3496;908.2203;0.0000;0.0000;0.0000;0.9231;0;1.000;83.00;253.00;Базовый
2026-08-12T04:55:57.661;130.549;401;2;LOCK;1295.4846;853.0409;1306.8770;862.9022;-11.3924;-9.8612;15.0675;0.8981;0;1.000;61.00;249.40;Базовый
2026-08-12T04:55:57.958;130.845;402;1;LOCK;1248.4934;908.1498;1248.3496;908.2203;0.0000;0.0000;0.0000;0.9231;0;1.000;83.00;253.00;Базовый
2026-08-12T04:55:57.958;130.845;402;2;LOCK;1297.2473;854.0897;1306.8770;862.9022;-9.6297;-8.8124;13.0534;0.9467;0;1.000;58.00;252.00;Базовый
2026-08-12T04:56:01.153;134.040;403;1;LOCK;1248.4934;908.1498;1248.3496;908.2203;0.0000;0.0000;0.0000;0.9231;0;1.000;83.00;254.00;Базовый
2026-08-12T04:56:01.153;134.040;403;2;LOCK;1298.8873;855.1442;1306.8770;862.9022;-7.9897;-7.7579;11.1365;0.9516;0;1.000;64.00;251.00;Базовый
2026-08-12T04:56:01.707;134.594;404;1;LOCK;1248.4934;908.1498;1248.3496;908.2203;0.0000;0.0000;0.0000;0.9234;0;1.000;81.00;253.00;Базовый
2026-08-12T04:56:01.707;134.594;404;2;LOCK;1301.1454;857.6576;1306.8770;862.9022;-5.7316;-5.2445;7.7690;0.9022;0;1.000;61.00;251.40;Базовый
2026-08-12T04:56:02.705;135.593;405;1;LOCK;1248.4934;908.1498;1248.3496;908.2203;0.0000;0.0000;0.0000;0.9253;0;1.000;81.00;253.00;Базовый
2026-08-12T04:56:02.705;135.593;405;2;LOCK;1302.8651;859.5257;1306.8770;862.9022;-4.0119;-3.3764;5.2436;0.8752;0;1.000;67.00;249.00;Базовый
2026-08-12T04:56:02.990;135.878;406;1;LOCK;1248.4934;908.1498;1248.3496;908.2203;0.0000;0.0000;0.0000;0.9946;0;1.000;85.00;253.00;Базовый
2026-08-12T04:56:02.990;135.878;406;2;LOCK;1304.0629;860.8563;1306.8770;862.9022;-2.8141;-2.0458;3.4792;0.9626;0;1.000;71.00;252.80;Базовый
2026-08-12T04:56:03.282;136.169;407;1;LOCK;1248.4934;908.1498;1248.3496;908.2203;0.0000;0.0000;0.0000;0.9712;0;1.000;84.00;252.00;Базовый
2026-08-12T04:56:03.282;136.169;407;2;LOCK;1304.8328;861.7130;1306.8770;862.9022;-2.0442;-1.1891;2.3649;0.9307;0;1.000;68.00;253.00;Базовый
2026-08-12T04:56:03.678;136.565;408;1;LOCK;1248.4934;908.1498;1248.3496;908.2203;0.0000;0.0000;0.0000;0.9954;0;1.000;84.00;253.00;Базовый
2026-08-12T04:56:03.678;136.565;408;2;LOCK;1305.3163;862.2563;1306.8770;862.9022;-1.5607;-0.6459;1.6890;0.9388;0;1.000;69.00;253.00;Базовый
2026-08-12T04:56:03.960;136.848;409;1;LOCK;1248.4934;908.1498;1248.3496;908.2203;0.0000;0.0000;0.0000;0.9950;0;1.000;84.00;253.00;Базовый
2026-08-12T04:56:03.960;136.848;409;2;LOCK;1305.6763;862.5863;1306.8770;862.9022;-1.2007;-0.3158;1.2415;0.9210;0;1.000;71.00;253.00;Базовый
2026-08-12T04:56:04.261;137.148;410;1;LOCK;1248.4934;908.1498;1248.3496;908.2203;0.0000;0.0000;0.0000;0.9949;0;1.000;85.00;252.00;Базовый
2026-08-12T04:56:04.261;137.148;410;2;LOCK;1305.9119;862.7506;1306.8770;862.9022;-0.9651;-0.1515;0.9769;0.9293;0;1.000;75.00;252.00;Базовый
2026-08-12T04:56:04.583;137.470;411;1;LOCK;1248.4934;908.1498;1248.3496;908.2203;0.0000;0.0000;0.0000;0.9949;0;1.000;84.00;252.00;Базовый
2026-08-12T04:56:04.583;137.470;411;2;LOCK;1306.0148;862.8073;1306.8770;862.9022;-0.8621;-0.0948;0.8673;0.8928;0;1.000;73.00;252.00;Базовый
2026-08-12T04:56:04.871;137.758;412;1;LOCK;1248.4934;908.1498;1248.3496;908.2203;0.0000;0.0000;0.0000;0.9949;0;1.000;84.00;252.00;Базовый
2026-08-12T04:56:04.871;137.758;412;2;LOCK;1306.0148;862.8073;1306.8770;862.9022;-0.8621;-0.0948;0.8673;0.9311;0;1.000;70.00;252.00;Базовый
2026-08-12T04:56:05.220;138.107;413;1;LOCK;1248.4934;908.1498;1248.3496;908.2203;0.0000;0.0000;0.0000;0.9594;0;1.000;83.00;253.00;Базовый
2026-08-12T04:56:05.220;138.107;413;2;LOCK;1306.0148;862.8073;1306.8770;862.9022;-0.8621;-0.0948;0.8673;0.9453;0;1.000;70.00;252.00;Базовый
2026-08-12T04:56:05.522;138.409;414;1;LOCK;1248.4934;908.1498;1248.3496;908.2203;0.0000;0.0000;0.0000;0.9510;0;1.000;84.00;254.00;Базовый
2026-08-12T04:56:05.522;138.409;414;2;LOCK;1306.0148;862.8073;1306.8770;862.9022;-0.8621;-0.0948;0.8673;0.9281;0;1.000;69.00;252.00;Базовый
2026-08-12T04:56:05.808;138.695;415;1;LOCK;1248.4934;908.1498;1248.3496;908.2203;0.0000;0.0000;0.0000;0.9510;0;1.000;84.00;254.00;Базовый
2026-08-12T04:56:05.808;138.695;415;2;LOCK;1306.0148;862.8073;1306.8770;862.9022;-0.8621;-0.0948;0.8673;0.9938;0;1.000;68.00;250.00;Базовый
2026-08-12T04:56:06.109;138.996;416;1;LOCK;1248.4934;908.1498;1248.3496;908.2203;0.0000;0.0000;0.0000;0.9510;0;1.000;84.00;254.00;Базовый
2026-08-12T04:56:06.109;138.996;416;2;LOCK;1306.0148;862.8073;1306.8770;862.9022;-0.8621;-0.0948;0.8673;0.9280;0;1.000;69.00;252.00;Базовый
2026-08-12T04:56:06.389;139.277;417;1;LOCK;1248.4934;908.1498;1248.3496;908.2203;0.0000;0.0000;0.0000;0.9541;0;1.000;84.00;254.00;Базовый
2026-08-12T04:56:06.389;139.277;417;2;LOCK;1306.0148;862.8073;1306.8770;862.9022;-0.8621;-0.0948;0.8673;0.9944;0;1.000;75.00;252.00;Базовый
2026-08-12T04:56:06.671;139.559;418;1;LOCK;1248.4934;908.1498;1248.3496;908.2203;0.0000;0.0000;0.0000;0.9541;0;1.000;84.00;254.00;Базовый
2026-08-12T04:56:06.671;139.559;418;2;LOCK;1306.0148;862.8073;1306.8770;862.9022;-0.8621;-0.0948;0.8673;0.9944;0;1.000;75.00;252.00;Базовый
2026-08-12T04:56:06.963;139.851;419;1;LOCK;1248.4934;908.1498;1248.3496;908.2203;0.0000;0.0000;0.0000;0.9541;0;1.000;84.00;254.00;Базовый
2026-08-12T04:56:06.963;139.851;419;2;LOCK;1306.0148;862.8073;1306.8770;862.9022;-0.8621;-0.0948;0.8673;0.9941;0;1.000;71.00;253.00;Базовый
2026-08-12T04:56:07.264;140.151;420;1;LOCK;1248.4934;908.1498;1248.3496;908.2203;0.0000;0.0000;0.0000;0.9584;0;1.000;84.00;253.00;Базовый
2026-08-12T04:56:07.264;140.151;420;2;LOCK;1306.0148;862.8073;1306.8770;862.9022;-0.8621;-0.0948;0.8673;0.9394;0;1.000;72.00;253.00;Базовый
2026-08-12T04:56:07.593;140.481;421;1;LOCK;1248.4934;908.1498;1248.3496;908.2203;0.0000;0.0000;0.0000;0.9585;0;1.000;84.00;252.00;Базовый
2026-08-12T04:56:07.593;140.481;421;2;LOCK;1306.0148;862.8073;1306.8770;862.9022;-0.8621;-0.0948;0.8673;0.9948;0;1.000;75.00;254.00;Базовый
2026-08-12T04:56:07.891;140.779;422;1;LOCK;1248.4934;908.1498;1248.3496;908.2203;0.0000;0.0000;0.0000;0.9585;0;1.000;84.00;252.00;Базовый
2026-08-12T04:56:07.891;140.779;422;2;LOCK;1306.0148;862.8073;1306.8770;862.9022;-0.8621;-0.0948;0.8673;0.9664;0;1.000;73.00;253.00;Базовый
2026-08-12T04:56:08.192;141.080;423;1;LOCK;1248.4934;908.1498;1248.3496;908.2203;0.0000;0.0000;0.0000;0.9585;0;1.000;84.00;252.00;Базовый
2026-08-12T04:56:08.192;141.080;423;2;LOCK;1306.0148;862.8073;1306.8770;862.9022;-0.8621;-0.0948;0.8673;0.9492;0;1.000;75.00;253.00;Базовый
2026-08-12T04:56:08.499;141.386;424;1;LOCK;1248.4934;908.1498;1248.3496;908.2203;0.0000;0.0000;0.0000;0.9585;0;1.000;84.00;252.00;Базовый
2026-08-12T04:56:08.499;141.386;424;2;LOCK;1306.0918;862.8729;1306.8770;862.9022;-0.7852;-0.0293;0.7857;0.9571;0;1.000;74.00;253.00;Базовый
2026-08-12T04:56:08.786;141.673;425;1;LOCK;1248.4934;908.1498;1248.3496;908.2203;0.0000;0.0000;0.0000;0.9585;0;1.000;83.00;252.00;Базовый
2026-08-12T04:56:08.786;141.673;425;2;LOCK;1306.0918;862.8729;1306.8770;862.9022;-0.7852;-0.0293;0.7857;0.9571;0;1.000;74.00;253.00;Базовый
2026-08-12T04:56:09.068;141.955;426;1;LOCK;1248.4934;908.1498;1248.3496;908.2203;0.0000;0.0000;0.0000;0.9942;0;1.000;84.00;253.00;Базовый
2026-08-12T04:56:09.068;141.955;426;2;LOCK;1306.0918;862.8729;1306.8770;862.9022;-0.7852;-0.0293;0.7857;0.9348;0;1.000;74.00;253.00;Базовый
2026-08-12T04:56:09.356;142.244;427;1;LOCK;1248.4934;908.1498;1248.3496;908.2203;0.0000;0.0000;0.0000;0.9577;0;1.000;84.00;253.00;Базовый
2026-08-12T04:56:09.356;142.244;427;2;LOCK;1306.0918;862.8729;1306.8770;862.9022;-0.7852;-0.0293;0.7857;0.9871;0;1.000;71.00;253.00;Базовый
2026-08-12T04:56:10.042;142.930;428;1;LOCK;1248.4934;908.1498;1248.3496;908.2203;0.0000;0.0000;0.0000;0.9938;0;1.000;84.00;253.00;Базовый
2026-08-12T04:56:10.042;142.930;428;2;LOCK;1306.0918;862.8729;1306.8770;862.9022;-0.7852;-0.0293;0.7857;0.9943;0;1.000;72.00;253.00;Базовый
2026-08-12T04:56:10.487;143.374;429;1;LOCK;1248.4934;908.1498;1248.3496;908.2203;0.0000;0.0000;0.0000;0.9680;0;1.000;84.00;253.00;Базовый
2026-08-12T04:56:10.487;143.374;429;2;LOCK;1306.0918;862.8729;1306.8770;862.9022;-0.7852;-0.0293;0.7857;0.9819;0;1.000;71.00;252.00;Базовый
2026-08-12T04:56:10.791;143.678;430;1;LOCK;1248.4934;908.1498;1248.3496;908.2203;0.0000;0.0000;0.0000;0.9681;0;1.000;82.00;253.00;Базовый
2026-08-12T04:56:10.791;143.678;430;2;LOCK;1306.0918;862.8729;1306.8770;862.9022;-0.7852;-0.0293;0.7857;0.9954;0;1.000;74.00;252.00;Базовый
2026-08-12T04:56:11.073;143.960;431;1;LOCK;1248.4934;908.1498;1248.3496;908.2203;0.0000;0.0000;0.0000;0.9947;0;1.000;83.00;253.00;Базовый
2026-08-12T04:56:11.073;143.960;431;2;LOCK;1306.0918;862.8729;1306.8770;862.9022;-0.7852;-0.0293;0.7857;0.9096;0;1.000;74.00;253.00;Базовый
2026-08-12T04:56:11.366;144.253;432;1;LOCK;1248.4934;908.1498;1248.3496;908.2203;0.0000;0.0000;0.0000;0.9946;0;1.000;83.00;253.00;Базовый
2026-08-12T04:56:11.366;144.253;432;2;LOCK;1306.0918;862.8729;1306.8770;862.9022;-0.7852;-0.0293;0.7857;0.9740;0;1.000;71.00;252.00;Базовый
2026-08-12T04:56:11.751;144.638;433;1;LOCK;1248.4934;908.1498;1248.3496;908.2203;0.0000;0.0000;0.0000;0.9942;0;1.000;85.00;254.00;Базовый
2026-08-12T04:56:11.751;144.638;433;2;LOCK;1306.0918;862.8729;1306.8770;862.9022;-0.7852;-0.0293;0.7857;0.9945;0;1.000;69.00;251.00;Базовый
2026-08-12T04:56:12.072;144.960;434;1;LOCK;1248.4934;908.1498;1248.3496;908.2203;0.0000;0.0000;0.0000;0.9948;0;1.000;83.00;254.00;Базовый
2026-08-12T04:56:12.072;144.960;434;2;LOCK;1306.0918;862.8729;1306.8770;862.9022;-0.7852;-0.0293;0.7857;0.9544;0;1.000;69.00;251.00;Базовый
2026-08-12T04:56:12.436;145.324;435;1;LOCK;1248.4934;908.1498;1248.3496;908.2203;0.0000;0.0000;0.0000;0.9948;0;1.000;83.00;254.00;Базовый
2026-08-12T04:56:12.436;145.324;435;2;LOCK;1306.0918;862.8729;1306.8770;862.9022;-0.7852;-0.0293;0.7857;0.9947;0;1.000;73.00;254.00;Базовый
2026-08-12T04:56:12.754;145.641;436;1;LOCK;1248.4934;908.1498;1248.3496;908.2203;0.0000;0.0000;0.0000;0.9949;0;1.000;81.00;254.00;Базовый
2026-08-12T04:56:12.754;145.641;436;2;LOCK;1306.0918;862.8729;1306.8770;862.9022;-0.7852;-0.0293;0.7857;0.9952;0;1.000;73.00;253.48;Базовый
2026-08-12T04:56:13.033;145.921;437;1;LOCK;1248.4934;908.1498;1248.3496;908.2203;0.0000;0.0000;0.0000;0.9948;0;1.000;81.00;253.00;Базовый
2026-08-12T04:56:13.033;145.921;437;2;LOCK;1306.0918;862.8729;1306.8770;862.9022;-0.7852;-0.0293;0.7857;0.9163;0;1.000;76.00;254.00;Базовый
2026-08-12T04:56:13.330;146.217;438;1;LOCK;1248.4934;908.1498;1248.3496;908.2203;0.0000;0.0000;0.0000;0.9945;0;1.000;81.00;254.00;Базовый
2026-08-12T04:56:13.330;146.217;438;2;LOCK;1306.0918;862.8729;1306.8770;862.9022;-0.7852;-0.0293;0.7857;0.9340;0;1.000;84.00;253.00;Базовый
2026-08-12T04:56:13.613;146.500;439;1;LOCK;1248.4934;908.1498;1248.3496;908.2203;0.0000;0.0000;0.0000;0.9942;0;1.000;81.00;253.00;Базовый
2026-08-12T04:56:13.613;146.500;439;2;LOCK;1306.0918;862.8729;1306.8770;862.9022;-0.7852;-0.0293;0.7857;0.9433;0;1.000;84.00;251.72;Базовый
2026-08-12T04:56:13.896;146.783;440;1;LOCK;1248.4934;908.1498;1248.3496;908.2203;0.0000;0.0000;0.0000;0.9942;0;1.000;81.00;253.00;Базовый
2026-08-12T04:56:13.896;146.783;440;2;LOCK;1306.0918;862.8729;1306.8770;862.9022;-0.7852;-0.0293;0.7857;0.9365;0;1.000;79.00;250.00;Базовый
2026-08-12T04:56:14.205;147.092;441;1;LOCK;1248.4934;908.1498;1248.3496;908.2203;0.0000;0.0000;0.0000;0.9941;0;1.000;81.00;253.00;Базовый
2026-08-12T04:56:14.205;147.092;441;2;LOCK;1306.0918;862.8729;1306.8770;862.9022;-0.7852;-0.0293;0.7857;0.9727;0;1.000;70.00;251.00;Базовый
2026-08-12T04:56:14.558;147.445;442;1;LOCK;1248.4934;908.1498;1248.3496;908.2203;0.0000;0.0000;0.0000;0.9943;0;1.000;83.00;254.00;Базовый
2026-08-12T04:56:14.558;147.445;442;2;LOCK;1306.1459;862.9652;1306.8770;862.9022;-0.7311;0.0631;0.7338;0.9945;0;1.000;70.00;252.00;Базовый
2026-08-12T04:56:15.164;148.052;443;1;LOCK;1248.4934;908.1498;1248.3496;908.2203;0.0000;0.0000;0.0000;0.9943;0;1.000;83.00;254.00;Базовый
2026-08-12T04:56:15.164;148.052;443;2;LOCK;1306.2051;863.0625;1306.8770;862.9022;-0.6719;0.1603;0.6908;0.9961;0;1.000;56.00;249.20;Базовый
2026-08-12T04:56:15.467;148.354;444;1;LOCK;1248.4934;908.1498;1248.3496;908.2203;0.0000;0.0000;0.0000;0.9945;0;1.000;87.00;253.00;Базовый
2026-08-12T04:56:15.467;148.354;444;2;LOCK;1306.2051;863.0625;1306.8770;862.9022;-0.6719;0.1603;0.6908;0.9819;0;1.000;59.00;252.00;Базовый
2026-08-12T04:56:15.770;148.657;445;1;LOCK;1248.4934;908.1498;1248.3496;908.2203;0.0000;0.0000;0.0000;0.9948;0;1.000;87.00;253.00;Базовый
2026-08-12T04:56:15.770;148.657;445;2;LOCK;1306.2051;863.0625;1306.8770;862.9022;-0.6719;0.1603;0.6908;0.9481;0;1.000;63.00;253.08;Базовый
2026-08-12T04:56:16.057;148.944;446;1;LOCK;1248.4934;908.1498;1248.3496;908.2203;0.0000;0.0000;0.0000;0.9946;0;1.000;84.00;253.00;Базовый
2026-08-12T04:56:16.057;148.944;446;2;LOCK;1306.2051;863.0625;1306.8770;862.9022;-0.6719;0.1603;0.6908;0.9792;0;1.000;64.00;253.00;Базовый
2026-08-12T04:56:16.336;149.223;447;1;LOCK;1248.4934;908.1498;1248.3496;908.2203;0.0000;0.0000;0.0000;0.9946;0;1.000;84.00;253.00;Базовый
2026-08-12T04:56:16.336;149.223;447;2;LOCK;1306.2051;863.0625;1306.8770;862.9022;-0.6719;0.1603;0.6908;0.9967;0;1.000;65.00;250.76;Базовый
2026-08-12T04:56:16.613;149.501;448;1;LOCK;1248.4934;908.1498;1248.3496;908.2203;0.0000;0.0000;0.0000;0.9946;0;1.000;84.00;253.00;Базовый
2026-08-12T04:56:16.613;149.501;448;2;LOCK;1306.2051;863.0625;1306.8770;862.9022;-0.6719;0.1603;0.6908;0.9955;0;1.000;68.00;249.00;Базовый
2026-08-12T04:56:16.894;149.782;449;1;LOCK;1248.4934;908.1498;1248.3496;908.2203;0.0000;0.0000;0.0000;0.9946;0;1.000;84.00;253.00;Базовый
2026-08-12T04:56:16.894;149.782;449;2;LOCK;1306.2051;863.0625;1306.8770;862.9022;-0.6719;0.1603;0.6908;0.9878;0;1.000;66.00;253.00;Базовый
2026-08-12T04:56:17.682;150.569;450;1;LOCK;1248.4934;908.1498;1248.3496;908.2203;0.0000;0.0000;0.0000;0.9293;0;1.000;85.00;252.00;Базовый
2026-08-12T04:56:17.682;150.569;450;2;LOCK;1306.2051;863.0625;1306.8770;862.9022;-0.6719;0.1603;0.6908;0.9392;0;1.000;66.00;252.00;Базовый
2026-08-12T04:56:18.079;150.966;451;1;LOCK;1248.4934;908.1498;1248.3496;908.2203;0.0000;0.0000;0.0000;0.9362;0;1.000;84.00;254.00;Базовый
2026-08-12T04:56:18.079;150.966;451;2;LOCK;1306.2051;863.0625;1306.8770;862.9022;-0.6719;0.1603;0.6908;0.9952;0;1.000;66.00;254.00;Базовый
2026-08-12T04:56:18.359;151.247;452;1;LOCK;1248.4934;908.1498;1248.3496;908.2203;0.0000;0.0000;0.0000;0.9361;0;1.000;86.00;254.00;Базовый
2026-08-12T04:56:18.359;151.247;452;2;LOCK;1306.2051;863.0625;1306.8770;862.9022;-0.6719;0.1603;0.6908;0.9960;0;1.000;61.00;249.40;Базовый
2026-08-12T04:56:18.665;151.552;453;1;LOCK;1248.4934;908.1498;1248.3496;908.2203;0.0000;0.0000;0.0000;0.9252;0;1.000;82.00;254.00;Базовый
2026-08-12T04:56:18.665;151.552;453;2;LOCK;1306.4864;863.1749;1306.8770;862.9022;0.0000;0.0000;0.0000;0.8963;0;1.000;18.00;237.56;Базовый
2026-08-12T04:56:18.946;151.834;454;1;LOCK;1248.4934;908.1498;1248.3496;908.2203;0.0000;0.0000;0.0000;0.9943;0;1.000;82.00;253.00;Базовый
2026-08-12T04:56:18.946;151.834;454;2;LOCK;1308.1798;864.5257;1306.8770;862.9022;1.3028;1.6235;2.0816;0.9967;0;1.000;15.00;237.52;Базовый
2026-08-12T04:56:19.276;152.163;455;1;LOCK;1248.4934;908.1498;1248.3496;908.2203;0.0000;0.0000;0.0000;0.9531;0;1.000;85.00;253.00;Базовый
2026-08-12T04:56:19.276;152.163;455;2;LOCK;1310.3781;866.3781;1306.8770;862.9022;3.5011;3.4759;4.9336;0.9840;0;1.000;15.00;240.52;Базовый
2026-08-12T04:56:19.573;152.460;456;1;LOCK;1248.4934;908.1498;1248.3496;908.2203;0.0000;0.0000;0.0000;0.9159;0;1.000;85.00;254.00;Базовый
2026-08-12T04:56:19.573;152.460;456;2;LOCK;1308.8280;865.2252;1306.8770;862.9022;1.9510;2.3231;3.0336;0.9816;0;1.000;62.00;250.00;Базовый
2026-08-12T04:56:19.887;152.774;457;1;LOCK;1248.4934;908.1498;1248.3496;908.2203;0.0000;0.0000;0.0000;0.9746;0;1.000;84.00;254.00;Базовый
2026-08-12T04:56:19.887;152.774;457;2;LOCK;1307.8508;864.4705;1306.8770;862.9022;0.9738;1.5683;1.8460;0.9437;0;1.000;62.00;253.00;Базовый
2026-08-12T04:56:20.187;153.075;458;1;LOCK;1248.4934;908.1498;1248.3496;908.2203;0.0000;0.0000;0.0000;0.9746;0;1.000;84.00;254.00;Базовый
2026-08-12T04:56:20.187;153.075;458;2;LOCK;1307.2500;864.0076;1306.8770;862.9022;0.3730;1.1055;1.1667;0.9969;0;1.000;62.00;251.00;Базовый
2026-08-12T04:56:20.587;153.475;459;1;LOCK;1248.4934;908.1498;1248.3496;908.2203;0.0000;0.0000;0.0000;0.9564;0;1.000;84.00;254.00;Базовый
2026-08-12T04:56:20.587;153.475;459;2;LOCK;1306.8589;863.6882;1306.8770;862.9022;-0.0181;0.7861;0.7863;0.9454;0;1.000;62.00;252.00;Базовый
2026-08-12T04:56:20.902;153.789;460;1;LOCK;1248.4934;908.1498;1248.3496;908.2203;0.0000;0.0000;0.0000;0.9564;0;1.000;84.00;254.00;Базовый
2026-08-12T04:56:20.902;153.789;460;2;LOCK;1306.6283;863.5135;1306.8770;862.9022;-0.2487;0.6114;0.6601;0.9980;0;1.000;60.00;247.00;Базовый
2026-08-12T04:56:21.205;154.092;461;1;LOCK;1248.4934;908.1498;1248.3496;908.2203;0.0000;0.0000;0.0000;0.9944;0;1.000;84.00;252.00;Базовый
2026-08-12T04:56:21.205;154.092;461;2;LOCK;1306.6283;863.5135;1306.8770;862.9022;-0.2487;0.6114;0.6601;0.9555;0;1.000;57.00;253.00;Базовый
2026-08-12T04:56:21.539;154.426;462;1;LOCK;1248.4934;908.1498;1248.3496;908.2203;0.0000;0.0000;0.0000;0.9944;0;1.000;84.00;252.00;Базовый
2026-08-12T04:56:21.539;154.426;462;2;LOCK;1306.6283;863.5135;1306.8770;862.9022;-0.2487;0.6114;0.6601;0.9431;0;1.000;62.00;251.00;Базовый
2026-08-12T04:56:21.977;154.865;463;1;LOCK;1248.4934;908.1498;1248.3496;908.2203;0.0000;0.0000;0.0000;0.9947;0;1.000;84.00;252.00;Базовый
2026-08-12T04:56:21.977;154.865;463;2;LOCK;1306.6283;863.5135;1306.8770;862.9022;-0.2487;0.6114;0.6601;0.9971;0;1.000;63.00;251.08;Базовый
2026-08-12T04:56:22.272;155.160;464;1;LOCK;1248.4934;908.1498;1248.3496;908.2203;0.0000;0.0000;0.0000;0.9947;0;1.000;83.00;254.00;Базовый
2026-08-12T04:56:22.272;155.160;464;2;LOCK;1306.5382;863.4507;1306.8770;862.9022;-0.3388;0.5485;0.6447;0.9496;0;1.000;68.00;252.00;Базовый
2026-08-12T04:56:22.557;155.444;465;1;LOCK;1248.4934;908.1498;1248.3496;908.2203;0.0000;0.0000;0.0000;0.9947;0;1.000;83.00;254.00;Базовый
2026-08-12T04:56:22.557;155.444;465;2;LOCK;1306.5382;863.4507;1306.8770;862.9022;-0.3388;0.5485;0.6447;0.9967;0;1.000;71.00;253.00;Базовый
2026-08-12T04:56:22.900;155.787;466;1;LOCK;1248.4934;908.1498;1248.3496;908.2203;0.0000;0.0000;0.0000;0.9947;0;1.000;83.00;254.00;Базовый
2026-08-12T04:56:22.900;155.787;466;2;LOCK;1306.4381;863.3959;1306.8770;862.9022;-0.4389;0.4937;0.6606;0.9981;0;1.000;79.00;251.00;Базовый
2026-08-12T04:56:23.399;156.286;467;1;LOCK;1248.4934;908.1498;1248.3496;908.2203;0.0000;0.0000;0.0000;0.9182;0;1.000;81.00;253.00;Базовый
2026-08-12T04:56:23.399;156.286;467;2;LOCK;1306.4381;863.3959;1306.8770;862.9022;-0.4389;0.4937;0.6606;0.9445;0;1.000;80.00;254.00;Базовый
2026-08-12T04:56:23.739;156.626;468;1;LOCK;1248.4934;908.1498;1248.3496;908.2203;0.0000;0.0000;0.0000;0.9947;0;1.000;81.00;254.00;Базовый
2026-08-12T04:56:23.739;156.626;468;2;LOCK;1306.3332;863.3898;1306.8770;862.9022;-0.5438;0.4877;0.7305;0.9977;0;1.000;85.00;250.00;Базовый
2026-08-12T04:56:24.065;156.953;469;1;LOCK;1248.4934;908.1498;1248.3496;908.2203;0.0000;0.0000;0.0000;0.9948;0;1.000;82.00;254.00;Базовый
2026-08-12T04:56:24.065;156.953;469;2;LOCK;1306.2323;863.3924;1306.8770;862.9022;-0.6447;0.4902;0.8099;0.9617;0;1.000;85.00;252.00;Базовый
2026-08-12T04:56:24.356;157.243;470;1;LOCK;1248.4934;908.1498;1248.3496;908.2203;0.0000;0.0000;0.0000;0.9260;0;1.000;82.00;254.00;Базовый
2026-08-12T04:56:24.356;157.243;470;2;LOCK;1306.2323;863.3924;1306.8770;862.9022;-0.6447;0.4902;0.8099;0.9875;0;1.000;87.00;253.00;Базовый
2026-08-12T04:56:24.638;157.525;471;1;LOCK;1248.4934;908.1498;1248.3496;908.2203;0.0000;0.0000;0.0000;0.9260;0;1.000;82.00;254.00;Базовый
2026-08-12T04:56:24.638;157.525;471;2;LOCK;1306.2323;863.3924;1306.8770;862.9022;-0.6447;0.4902;0.8099;0.9166;0;1.000;91.00;252.00;Базовый
2026-08-12T04:56:24.925;157.812;472;1;LOCK;1248.4934;908.1498;1248.3496;908.2203;0.0000;0.0000;0.0000;0.9260;0;1.000;82.00;254.00;Базовый
2026-08-12T04:56:24.925;157.812;472;2;LOCK;1306.2323;863.3924;1306.8770;862.9022;-0.6447;0.4902;0.8099;0.9388;0;1.000;91.00;251.00;Базовый
2026-08-12T04:56:25.212;158.100;473;1;LOCK;1248.4934;908.1498;1248.3496;908.2203;0.0000;0.0000;0.0000;0.9303;0;1.000;86.00;253.00;Базовый
2026-08-12T04:56:25.212;158.100;473;2;LOCK;1306.2323;863.3924;1306.8770;862.9022;-0.6447;0.4902;0.8099;0.9982;0;1.000;93.00;252.28;Базовый
2026-08-12T04:56:25.494;158.382;474;1;LOCK;1248.4934;908.1498;1248.3496;908.2203;0.0000;0.0000;0.0000;0.8942;0;1.000;84.00;252.72;Базовый
2026-08-12T04:56:25.494;158.382;474;2;LOCK;1306.2323;863.3924;1306.8770;862.9022;-0.6447;0.4902;0.8099;0.9981;0;1.000;93.00;253.00;Базовый
2026-08-12T04:56:25.774;158.661;475;1;LOCK;1248.4934;908.1498;1248.3496;908.2203;0.0000;0.0000;0.0000;0.8943;0;1.000;84.00;254.00;Базовый
2026-08-12T04:56:25.774;158.661;475;2;LOCK;1306.2323;863.3924;1306.8770;862.9022;-0.6447;0.4902;0.8099;0.9427;0;1.000;93.00;252.00;Базовый
2026-08-12T04:56:26.055;158.942;476;1;LOCK;1248.4934;908.1498;1248.3496;908.2203;0.0000;0.0000;0.0000;0.8943;0;1.000;84.00;254.00;Базовый
2026-08-12T04:56:26.055;158.942;476;2;LOCK;1306.2323;863.3924;1306.8770;862.9022;-0.6447;0.4902;0.8099;0.9307;0;1.000;93.00;252.00;Базовый
2026-08-12T04:56:26.343;159.230;477;1;LOCK;1248.4934;908.1498;1248.3496;908.2203;0.0000;0.0000;0.0000;0.9945;0;1.000;84.00;254.00;Базовый
2026-08-12T04:56:26.343;159.230;477;2;LOCK;1306.2323;863.3924;1306.8770;862.9022;-0.6447;0.4902;0.8099;0.9378;0;1.000;93.00;252.00;Базовый
2026-08-12T04:56:26.639;159.527;478;1;LOCK;1248.4934;908.1498;1248.3496;908.2203;0.0000;0.0000;0.0000;0.9945;0;1.000;84.00;254.00;Базовый
2026-08-12T04:56:26.639;159.527;478;2;LOCK;1306.2323;863.3924;1306.8770;862.9022;-0.6447;0.4902;0.8099;0.9981;0;1.000;93.00;252.28;Базовый
2026-08-12T04:56:26.923;159.810;479;1;LOCK;1248.4934;908.1498;1248.3496;908.2203;0.0000;0.0000;0.0000;0.9945;0;1.000;86.00;254.00;Базовый
2026-08-12T04:56:26.923;159.810;479;2;LOCK;1306.2323;863.3924;1306.8770;862.9022;-0.6447;0.4902;0.8099;0.9982;0;1.000;93.00;253.00;Базовый
2026-08-12T04:56:27.208;160.095;480;1;LOCK;1248.4934;908.1498;1248.3496;908.2203;0.0000;0.0000;0.0000;0.9096;0;1.000;81.00;253.20;Базовый
2026-08-12T04:56:27.208;160.095;480;2;LOCK;1306.2323;863.3924;1306.8770;862.9022;-0.6447;0.4902;0.8099;0.9483;0;1.000;90.00;253.00;Базовый
2026-08-12T04:56:27.490;160.377;481;1;LOCK;1248.4934;908.1498;1248.3496;908.2203;0.0000;0.0000;0.0000;0.9058;0;1.000;84.00;253.72;Базовый
2026-08-12T04:56:27.490;160.377;481;2;LOCK;1306.2323;863.3924;1306.8770;862.9022;-0.6447;0.4902;0.8099;0.9622;0;1.000;90.00;253.00;Базовый
2026-08-12T04:56:27.796;160.683;482;1;LOCK;1248.4934;908.1498;1248.3496;908.2203;0.0000;0.0000;0.0000;0.9952;0;1.000;84.00;253.00;Базовый
2026-08-12T04:56:27.796;160.683;482;2;LOCK;1306.2323;863.3924;1306.8770;862.9022;-0.6447;0.4902;0.8099;0.9769;0;1.000;93.00;253.00;Базовый
2026-08-12T04:56:28.079;160.967;483;1;LOCK;1248.4934;908.1498;1248.3496;908.2203;0.0000;0.0000;0.0000;0.9948;0;1.000;84.00;253.00;Базовый
2026-08-12T04:56:28.079;160.967;483;2;LOCK;1306.2323;863.3924;1306.8770;862.9022;-0.6447;0.4902;0.8099;0.9549;0;1.000;93.00;253.00;Базовый
2026-08-12T04:56:28.367;161.254;484;1;LOCK;1248.4934;908.1498;1248.3496;908.2203;0.0000;0.0000;0.0000;0.9849;0;1.000;82.00;253.00;Базовый
2026-08-12T04:56:28.367;161.254;484;2;LOCK;1306.2323;863.3924;1306.8770;862.9022;-0.6447;0.4902;0.8099;0.9549;0;1.000;93.00;253.00;Базовый
2026-08-12T04:56:28.650;161.538;485;1;LOCK;1248.4934;908.1498;1248.3496;908.2203;0.0000;0.0000;0.0000;0.9636;0;1.000;81.00;254.00;Базовый
2026-08-12T04:56:28.650;161.538;485;2;LOCK;1306.2323;863.3924;1306.8770;862.9022;-0.6447;0.4902;0.8099;0.9585;0;1.000;93.00;254.00;Базовый
2026-08-12T04:56:28.934;161.822;486;1;LOCK;1248.4934;908.1498;1248.3496;908.2203;0.0000;0.0000;0.0000;0.9407;0;1.000;82.00;253.04;Базовый
2026-08-12T04:56:28.934;161.822;486;2;LOCK;1306.2323;863.3924;1306.8770;862.9022;-0.6447;0.4902;0.8099;0.9977;0;1.000;93.00;254.00;Базовый
2026-08-12T04:56:29.216;162.103;487;1;LOCK;1248.4934;908.1498;1248.3496;908.2203;0.0000;0.0000;0.0000;0.9948;0;1.000;83.00;252.00;Базовый
2026-08-12T04:56:29.216;162.103;487;2;LOCK;1306.2323;863.3924;1306.8770;862.9022;-0.6447;0.4902;0.8099;0.9980;0;1.000;89.00;253.00;Базовый
2026-08-12T04:56:29.499;162.386;488;1;LOCK;1248.4934;908.1498;1248.3496;908.2203;0.0000;0.0000;0.0000;0.9548;0;1.000;84.00;253.00;Базовый
2026-08-12T04:56:29.499;162.386;488;2;LOCK;1306.2323;863.3924;1306.8770;862.9022;-0.6447;0.4902;0.8099;0.9979;0;1.000;91.00;253.00;Базовый
2026-08-12T04:56:29.788;162.675;489;1;LOCK;1248.4934;908.1498;1248.3496;908.2203;0.0000;0.0000;0.0000;0.8940;0;1.000;87.00;253.24;Базовый
2026-08-12T04:56:29.788;162.675;489;2;LOCK;1306.1273;863.3707;1306.8770;862.9022;-0.7497;0.4686;0.8841;0.9975;0;1.000;89.00;253.00;Базовый
2026-08-12T04:56:30.112;162.999;490;1;LOCK;1248.4934;908.1498;1248.3496;908.2203;0.0000;0.0000;0.0000;0.9483;0;1.000;87.00;253.00;Базовый
2026-08-12T04:56:30.112;162.999;490;2;LOCK;1306.1273;863.3707;1306.8770;862.9022;-0.7497;0.4686;0.8841;0.9621;0;1.000;93.00;252.00;Базовый
2026-08-12T04:56:30.408;163.295;491;1;LOCK;1248.4934;908.1498;1248.3496;908.2203;0.0000;0.0000;0.0000;0.9587;0;1.000;87.00;254.00;Базовый
2026-08-12T04:56:30.408;163.295;491;2;LOCK;1306.1273;863.3707;1306.8770;862.9022;-0.7497;0.4686;0.8841;0.9914;0;1.000;89.00;253.00;Базовый
2026-08-12T04:56:30.700;163.587;492;1;LOCK;1248.4934;908.1498;1248.3496;908.2203;0.0000;0.0000;0.0000;0.9588;0;1.000;82.00;254.00;Базовый
2026-08-12T04:56:30.700;163.587;492;2;LOCK;1306.0317;863.3414;1306.8770;862.9022;-0.8453;0.4392;0.9526;0.9971;0;1.000;90.00;253.00;Базовый
2026-08-12T04:56:30.982;163.869;493;1;LOCK;1248.4934;908.1498;1248.3496;908.2203;0.0000;0.0000;0.0000;0.8942;0;1.000;82.00;253.04;Базовый
2026-08-12T04:56:30.982;163.869;493;2;LOCK;1306.0317;863.3414;1306.8770;862.9022;-0.8453;0.4392;0.9526;0.9965;0;1.000;82.00;253.00;Базовый
2026-08-12T04:56:31.262;164.149;494;1;LOCK;1248.4934;908.1498;1248.3496;908.2203;0.0000;0.0000;0.0000;0.9352;0;1.000;84.00;253.00;Базовый
2026-08-12T04:56:31.262;164.149;494;2;LOCK;1306.0317;863.3414;1306.8770;862.9022;-0.8453;0.4392;0.9526;0.9962;0;1.000;83.00;252.88;Базовый
2026-08-12T04:56:31.553;164.441;495;1;LOCK;1248.4934;908.1498;1248.3496;908.2203;0.0000;0.0000;0.0000;0.9785;0;1.000;84.00;253.00;Базовый
2026-08-12T04:56:31.553;164.441;495;2;LOCK;1306.0317;863.3414;1306.8770;862.9022;-0.8453;0.4392;0.9526;0.9964;0;1.000;85.00;253.00;Базовый
2026-08-12T04:56:31.839;164.726;496;1;LOCK;1248.4934;908.1498;1248.3496;908.2203;0.0000;0.0000;0.0000;0.5198;0;1.000;1.00;123.12;Базовый
2026-08-12T04:56:31.839;164.726;496;2;LOCK;1306.0317;863.3414;1306.8770;862.9022;-0.8453;0.4392;0.9526;0.9961;0;1.000;86.00;252.00;Базовый
2026-08-12T04:56:32.125;165.012;497;1;LOCK;1248.4934;908.1498;1248.3496;908.2203;0.0000;0.0000;0.0000;0.9950;0;1.000;78.00;249.68;Базовый
2026-08-12T04:56:32.125;165.012;497;2;LOCK;1306.0317;863.3414;1306.8770;862.9022;-0.8453;0.4392;0.9526;0.9568;0;1.000;86.00;253.00;Базовый
2026-08-12T04:56:32.406;165.293;498;1;LOCK;1248.4934;908.1498;1248.3496;908.2203;0.0000;0.0000;0.0000;0.9585;0;1.000;78.00;251.00;Базовый
2026-08-12T04:56:32.406;165.293;498;2;LOCK;1306.0317;863.3414;1306.8770;862.9022;-0.8453;0.4392;0.9526;0.9977;0;1.000;89.00;253.00;Базовый
2026-08-12T04:56:32.707;165.594;499;1;LOCK;1248.4934;908.1498;1248.3496;908.2203;0.0000;0.0000;0.0000;0.9343;0;1.000;85.00;252.00;Базовый
2026-08-12T04:56:32.707;165.594;499;2;LOCK;1306.0317;863.3414;1306.8770;862.9022;-0.8453;0.4392;0.9526;0.9977;0;1.000;89.00;253.00;Базовый
2026-08-12T04:56:32.997;165.884;500;1;LOCK;1248.4934;908.1498;1248.3496;908.2203;0.0000;0.0000;0.0000;0.9507;0;1.000;85.00;252.56;Базовый
2026-08-12T04:56:32.997;165.884;500;2;LOCK;1306.0317;863.3414;1306.8770;862.9022;-0.8453;0.4392;0.9526;0.9977;0;1.000;89.00;253.00;Базовый
2026-08-12T04:56:33.285;166.173;501;1;LOCK;1248.4934;908.1498;1248.3496;908.2203;0.0000;0.0000;0.0000;0.9593;0;1.000;85.00;253.00;Базовый
2026-08-12T04:56:33.285;166.173;501;2;LOCK;1306.0317;863.3414;1306.8770;862.9022;-0.8453;0.4392;0.9526;0.9332;0;1.000;90.00;253.00;Базовый
2026-08-12T04:56:33.574;166.461;502;1;LOCK;1248.4934;908.1498;1248.3496;908.2203;0.0000;0.0000;0.0000;0.9949;0;1.000;85.00;253.00;Базовый
2026-08-12T04:56:33.574;166.461;502;2;LOCK;1306.0317;863.3414;1306.8770;862.9022;-0.8453;0.4392;0.9526;0.9386;0;1.000;90.00;254.00;Базовый
2026-08-12T04:56:33.863;166.751;503;1;LOCK;1248.4934;908.1498;1248.3496;908.2203;0.0000;0.0000;0.0000;0.9632;0;1.000;85.00;253.00;Базовый
2026-08-12T04:56:33.863;166.751;503;2;LOCK;1306.0317;863.3414;1306.8770;862.9022;-0.8453;0.4392;0.9526;0.9971;0;1.000;90.00;253.00;Базовый
2026-08-12T04:56:34.148;167.035;504;1;LOCK;1248.4934;908.1498;1248.3496;908.2203;0.0000;0.0000;0.0000;0.9943;0;1.000;84.00;253.00;Базовый
2026-08-12T04:56:34.148;167.035;504;2;LOCK;1306.0317;863.3414;1306.8770;862.9022;-0.8453;0.4392;0.9526;0.9971;0;1.000;90.00;253.00;Базовый
2026-08-12T04:56:34.435;167.322;505;1;LOCK;1248.4934;908.1498;1248.3496;908.2203;0.0000;0.0000;0.0000;0.9943;0;1.000;84.00;253.00;Базовый
2026-08-12T04:56:34.435;167.322;505;2;LOCK;1306.0317;863.3414;1306.8770;862.9022;-0.8453;0.4392;0.9526;0.9971;0;1.000;90.00;253.00;Базовый
2026-08-12T04:56:34.720;167.607;506;1;LOCK;1248.4934;908.1498;1248.3496;908.2203;0.0000;0.0000;0.0000;0.9942;0;1.000;84.00;253.00;Базовый
2026-08-12T04:56:34.720;167.607;506;2;LOCK;1306.0317;863.3414;1306.8770;862.9022;-0.8453;0.4392;0.9526;0.9410;0;1.000;91.00;253.60;Базовый
2026-08-12T04:56:35.006;167.893;507;1;LOCK;1248.4934;908.1498;1248.3496;908.2203;0.0000;0.0000;0.0000;0.9441;0;1.000;84.00;253.00;Базовый
2026-08-12T04:56:35.006;167.893;507;2;LOCK;1306.0317;863.3414;1306.8770;862.9022;-0.8453;0.4392;0.9526;0.9277;0;1.000;93.00;253.00;Базовый
2026-08-12T04:56:35.292;168.179;508;1;LOCK;1248.4934;908.1498;1248.3496;908.2203;0.0000;0.0000;0.0000;0.9459;0;1.000;84.00;254.00;Базовый
2026-08-12T04:56:35.292;168.179;508;2;LOCK;1306.0317;863.3414;1306.8770;862.9022;-0.8453;0.4392;0.9526;0.9970;0;1.000;93.00;254.00;Базовый
2026-08-12T04:56:35.577;168.464;509;1;LOCK;1248.4934;908.1498;1248.3496;908.2203;0.0000;0.0000;0.0000;0.9949;0;1.000;84.00;253.00;Базовый
2026-08-12T04:56:35.577;168.464;509;2;LOCK;1306.0317;863.3414;1306.8770;862.9022;-0.8453;0.4392;0.9526;0.9487;0;1.000;93.00;253.28;Базовый
2026-08-12T04:56:35.859;168.746;510;1;LOCK;1248.4934;908.1498;1248.3496;908.2203;0.0000;0.0000;0.0000;0.9949;0;1.000;84.00;253.00;Базовый
2026-08-12T04:56:35.859;168.746;510;2;LOCK;1306.0317;863.3414;1306.8770;862.9022;-0.8453;0.4392;0.9526;0.9299;0;1.000;93.00;254.00;Базовый
2026-08-12T04:56:36.148;169.035;511;1;LOCK;1248.4934;908.1498;1248.3496;908.2203;0.0000;0.0000;0.0000;0.9949;0;1.000;84.00;253.00;Базовый
2026-08-12T04:56:36.148;169.035;511;2;LOCK;1306.0317;863.3414;1306.8770;862.9022;-0.8453;0.4392;0.9526;0.9971;0;1.000;93.00;253.00;Базовый
2026-08-12T04:56:36.449;169.336;512;1;LOCK;1248.4934;908.1498;1248.3496;908.2203;0.0000;0.0000;0.0000;0.9158;0;1.000;83.00;253.88;Базовый
2026-08-12T04:56:36.449;169.336;512;2;LOCK;1306.0317;863.3414;1306.8770;862.9022;-0.8453;0.4392;0.9526;0.9971;0;1.000;93.00;253.00;Базовый
2026-08-12T04:56:36.757;169.644;513;1;LOCK;1248.4934;908.1498;1248.3496;908.2203;0.0000;0.0000;0.0000;0.9158;0;1.000;84.00;253.72;Базовый
2026-08-12T04:56:36.757;169.644;513;2;LOCK;1306.0317;863.3414;1306.8770;862.9022;-0.8453;0.4392;0.9526;0.9971;0;1.000;93.00;253.00;Базовый
2026-08-12T04:56:37.044;169.931;514;1;LOCK;1248.4934;908.1498;1248.3496;908.2203;0.0000;0.0000;0.0000;0.9581;0;1.000;81.00;253.00;Базовый
2026-08-12T04:56:37.044;169.931;514;2;LOCK;1306.0317;863.3414;1306.8770;862.9022;-0.8453;0.4392;0.9526;0.9117;0;1.000;93.00;252.28;Базовый
2026-08-12T04:56:37.328;170.215;515;1;LOCK;1248.4934;908.1498;1248.3496;908.2203;0.0000;0.0000;0.0000;0.9416;0;1.000;81.00;254.00;Базовый
2026-08-12T04:56:37.328;170.215;515;2;LOCK;1306.0317;863.3414;1306.8770;862.9022;-0.8453;0.4392;0.9526;0.9347;0;1.000;93.00;254.00;Базовый
2026-08-12T04:56:37.617;170.505;516;1;LOCK;1248.4934;908.1498;1248.3496;908.2203;0.0000;0.0000;0.0000;0.9349;0;1.000;81.00;254.00;Базовый
2026-08-12T04:56:37.617;170.505;516;2;LOCK;1306.0317;863.3414;1306.8770;862.9022;-0.8453;0.4392;0.9526;0.9970;0;1.000;93.00;253.00;Базовый
2026-08-12T04:56:37.899;170.786;517;1;LOCK;1248.4934;908.1498;1248.3496;908.2203;0.0000;0.0000;0.0000;0.9586;0;1.000;83.00;254.00;Базовый
2026-08-12T04:56:37.899;170.786;517;2;LOCK;1306.0317;863.3414;1306.8770;862.9022;-0.8453;0.4392;0.9526;0.9970;0;1.000;93.00;253.00;Базовый
2026-08-12T04:56:38.185;171.072;518;1;LOCK;1248.4934;908.1498;1248.3496;908.2203;0.0000;0.0000;0.0000;0.9586;0;1.000;83.00;254.00;Базовый
2026-08-12T04:56:38.185;171.072;518;2;LOCK;1306.0317;863.3414;1306.8770;862.9022;-0.8453;0.4392;0.9526;0.9970;0;1.000;93.00;253.00;Базовый
2026-08-12T04:56:38.474;171.361;519;1;LOCK;1248.4934;908.1498;1248.3496;908.2203;0.0000;0.0000;0.0000;0.9801;0;1.000;83.00;254.00;Базовый
2026-08-12T04:56:38.474;171.361;519;2;LOCK;1306.0317;863.3414;1306.8770;862.9022;-0.8453;0.4392;0.9526;0.9970;0;1.000;93.00;253.00;Базовый
2026-08-12T04:56:38.776;171.663;520;1;LOCK;1248.4934;908.1498;1248.3496;908.2203;0.0000;0.0000;0.0000;0.9794;0;1.000;83.00;253.00;Базовый
2026-08-12T04:56:38.776;171.663;520;2;LOCK;1306.0317;863.3414;1306.8770;862.9022;-0.8453;0.4392;0.9526;0.9970;0;1.000;93.00;253.00;Базовый
2026-08-12T04:56:39.059;171.946;521;1;LOCK;1248.4934;908.1498;1248.3496;908.2203;0.0000;0.0000;0.0000;0.9483;0;1.000;84.00;253.00;Базовый
2026-08-12T04:56:39.059;171.946;521;2;LOCK;1306.0317;863.3414;1306.8770;862.9022;-0.8453;0.4392;0.9526;0.9123;0;1.000;93.00;254.00;Базовый
2026-08-12T04:56:39.347;172.234;522;1;LOCK;1248.4934;908.1498;1248.3496;908.2203;0.0000;0.0000;0.0000;0.9944;0;1.000;84.00;252.00;Базовый
2026-08-12T04:56:39.347;172.234;522;2;LOCK;1306.0317;863.3414;1306.8770;862.9022;-0.8453;0.4392;0.9526;0.9260;0;1.000;93.00;254.00;Базовый
2026-08-12T04:56:39.666;172.553;523;1;LOCK;1248.4934;908.1498;1248.3496;908.2203;0.0000;0.0000;0.0000;0.9944;0;1.000;84.00;252.00;Базовый
2026-08-12T04:56:39.666;172.553;523;2;LOCK;1306.0317;863.3414;1306.8770;862.9022;-0.8453;0.4392;0.9526;0.9973;0;1.000;93.00;253.00;Базовый
2026-08-12T04:56:39.955;172.842;524;1;LOCK;1248.4934;908.1498;1248.3496;908.2203;0.0000;0.0000;0.0000;0.8942;0;1.000;84.00;252.72;Базовый
2026-08-12T04:56:39.955;172.842;524;2;LOCK;1306.0317;863.3414;1306.8770;862.9022;-0.8453;0.4392;0.9526;0.9973;0;1.000;93.00;253.00;Базовый
2026-08-12T04:56:40.240;173.127;525;1;LOCK;1248.4934;908.1498;1248.3496;908.2203;0.0000;0.0000;0.0000;0.9943;0;1.000;84.00;252.00;Базовый
2026-08-12T04:56:40.240;173.127;525;2;LOCK;1306.0317;863.3414;1306.8770;862.9022;-0.8453;0.4392;0.9526;0.9973;0;1.000;93.00;253.00;Базовый
2026-08-12T04:56:40.536;173.424;526;1;LOCK;1248.4934;908.1498;1248.3496;908.2203;0.0000;0.0000;0.0000;0.9941;0;1.000;84.00;253.00;Базовый
2026-08-12T04:56:40.536;173.424;526;2;LOCK;1306.0317;863.3414;1306.8770;862.9022;-0.8453;0.4392;0.9526;0.9973;0;1.000;93.00;253.00;Базовый
2026-08-12T04:56:40.817;173.704;527;1;LOCK;1248.4934;908.1498;1248.3496;908.2203;0.0000;0.0000;0.0000;0.9941;0;1.000;84.00;253.00;Базовый
2026-08-12T04:56:40.817;173.704;527;2;LOCK;1306.0317;863.3414;1306.8770;862.9022;-0.8453;0.4392;0.9526;0.9973;0;1.000;93.00;253.00;Базовый
2026-08-12T04:56:41.102;173.989;528;1;LOCK;1248.4934;908.1498;1248.3496;908.2203;0.0000;0.0000;0.0000;0.9119;0;1.000;82.00;253.00;Базовый
2026-08-12T04:56:41.102;173.989;528;2;LOCK;1306.0317;863.3414;1306.8770;862.9022;-0.8453;0.4392;0.9526;0.9972;0;1.000;90.00;254.00;Базовый
2026-08-12T04:56:41.383;174.270;529;1;LOCK;1248.4934;908.1498;1248.3496;908.2203;0.0000;0.0000;0.0000;0.9424;0;1.000;82.00;252.00;Базовый
2026-08-12T04:56:41.383;174.270;529;2;LOCK;1306.0317;863.3414;1306.8770;862.9022;-0.8453;0.4392;0.9526;0.9473;0;1.000;90.00;254.00;Базовый
2026-08-12T04:56:41.668;174.555;530;1;LOCK;1248.4934;908.1498;1248.3496;908.2203;0.0000;0.0000;0.0000;0.9420;0;1.000;81.00;252.00;Базовый
2026-08-12T04:56:41.668;174.555;530;2;LOCK;1306.0317;863.3414;1306.8770;862.9022;-0.8453;0.4392;0.9526;0.9969;0;1.000;90.00;253.00;Базовый
2026-08-12T04:56:41.955;174.843;531;1;LOCK;1248.4934;908.1498;1248.3496;908.2203;0.0000;0.0000;0.0000;0.9301;0;1.000;83.00;254.00;Базовый
2026-08-12T04:56:41.955;174.843;531;2;LOCK;1306.0317;863.3414;1306.8770;862.9022;-0.8453;0.4392;0.9526;0.9973;0;1.000;90.00;254.00;Базовый
2026-08-12T04:56:42.247;175.135;532;1;LOCK;1248.4934;908.1498;1248.3496;908.2203;0.0000;0.0000;0.0000;0.9301;0;1.000;83.00;254.00;Базовый
2026-08-12T04:56:42.247;175.135;532;2;LOCK;1306.0317;863.3414;1306.8770;862.9022;-0.8453;0.4392;0.9526;0.9973;0;1.000;90.00;254.00;Базовый
2026-08-12T04:56:42.530;175.417;533;1;LOCK;1248.4934;908.1498;1248.3496;908.2203;0.0000;0.0000;0.0000;0.9251;0;1.000;83.00;254.00;Базовый
2026-08-12T04:56:42.530;175.417;533;2;LOCK;1306.0317;863.3414;1306.8770;862.9022;-0.8453;0.4392;0.9526;0.9973;0;1.000;90.00;254.00;Базовый
2026-08-12T04:56:42.816;175.703;534;1;LOCK;1248.4934;908.1498;1248.3496;908.2203;0.0000;0.0000;0.0000;0.9545;0;1.000;83.00;253.00;Базовый
2026-08-12T04:56:42.816;175.703;534;2;LOCK;1306.0317;863.3414;1306.8770;862.9022;-0.8453;0.4392;0.9526;0.9973;0;1.000;90.00;254.00;Базовый
2026-08-12T04:56:43.097;175.984;535;1;LOCK;1248.4934;908.1498;1248.3496;908.2203;0.0000;0.0000;0.0000;0.9158;0;1.000;82.00;254.00;Базовый
2026-08-12T04:56:43.097;175.984;535;2;LOCK;1306.0317;863.3414;1306.8770;862.9022;-0.8453;0.4392;0.9526;0.9296;0;1.000;94.00;253.00;Базовый
2026-08-12T04:56:43.385;176.273;536;1;LOCK;1248.4934;908.1498;1248.3496;908.2203;0.0000;0.0000;0.0000;0.9277;0;1.000;82.00;253.04;Базовый
2026-08-12T04:56:43.385;176.273;536;2;LOCK;1306.0317;863.3414;1306.8770;862.9022;-0.8453;0.4392;0.9526;0.9970;0;1.000;94.00;253.00;Базовый
2026-08-12T04:56:43.673;176.560;537;1;LOCK;1248.4934;908.1498;1248.3496;908.2203;0.0000;0.0000;0.0000;0.9277;0;1.000;82.00;253.04;Базовый
2026-08-12T04:56:43.673;176.560;537;2;LOCK;1306.0317;863.3414;1306.8770;862.9022;-0.8453;0.4392;0.9526;0.9970;0;1.000;94.00;253.00;Базовый
2026-08-12T04:56:43.964;176.851;538;1;LOCK;1248.4934;908.1498;1248.3496;908.2203;0.0000;0.0000;0.0000;0.9945;0;1.000;82.00;254.00;Базовый
2026-08-12T04:56:43.964;176.851;538;2;LOCK;1306.0317;863.3414;1306.8770;862.9022;-0.8453;0.4392;0.9526;0.9970;0;1.000;94.00;253.00;Базовый
2026-08-12T04:56:44.238;177.126;539;1;LOCK;1248.4934;908.1498;1248.3496;908.2203;0.0000;0.0000;0.0000;0.9952;0;1.000;82.00;254.00;Базовый
2026-08-12T04:56:44.238;177.126;539;2;LOCK;1306.0317;863.3414;1306.8770;862.9022;-0.8453;0.4392;0.9526;0.9970;0;1.000;94.00;253.00;Базовый
2026-08-12T04:56:44.532;177.419;540;1;LOCK;1248.4934;908.1498;1248.3496;908.2203;0.0000;0.0000;0.0000;0.9952;0;1.000;81.00;254.00;Базовый
2026-08-12T04:56:44.532;177.419;540;2;LOCK;1306.0317;863.3414;1306.8770;862.9022;-0.8453;0.4392;0.9526;0.9970;0;1.000;94.00;253.00;Базовый
2026-08-12T04:56:44.814;177.701;541;1;LOCK;1248.4934;908.1498;1248.3496;908.2203;0.0000;0.0000;0.0000;0.9947;0;1.000;81.00;254.00;Базовый
2026-08-12T04:56:44.814;177.701;541;2;LOCK;1306.0317;863.3414;1306.8770;862.9022;-0.8453;0.4392;0.9526;0.9966;0;1.000;94.00;252.00;Базовый
2026-08-12T04:56:45.102;177.990;542;1;LOCK;1248.4934;908.1498;1248.3496;908.2203;0.0000;0.0000;0.0000;0.9947;0;1.000;82.00;253.00;Базовый
2026-08-12T04:56:45.102;177.990;542;2;LOCK;1306.0317;863.3414;1306.8770;862.9022;-0.8453;0.4392;0.9526;0.9376;0;1.000;91.00;253.00;Базовый
2026-08-12T04:56:45.389;178.277;543;1;LOCK;1248.4934;908.1498;1248.3496;908.2203;0.0000;0.0000;0.0000;0.9879;0;1.000;82.00;254.00;Базовый
2026-08-12T04:56:45.389;178.277;543;2;LOCK;1306.0317;863.3414;1306.8770;862.9022;-0.8453;0.4392;0.9526;0.9323;0;1.000;91.00;253.00;Базовый
2026-08-12T04:56:45.673;178.561;544;1;LOCK;1248.4934;908.1498;1248.3496;908.2203;0.0000;0.0000;0.0000;0.9876;0;1.000;82.00;254.00;Базовый
2026-08-12T04:56:45.673;178.561;544;2;LOCK;1306.0317;863.3414;1306.8770;862.9022;-0.8453;0.4392;0.9526;0.9469;0;1.000;93.00;253.00;Базовый
2026-08-12T04:56:45.960;178.847;545;1;LOCK;1248.4934;908.1498;1248.3496;908.2203;0.0000;0.0000;0.0000;0.9876;0;1.000;82.00;254.00;Базовый
2026-08-12T04:56:45.960;178.847;545;2;LOCK;1306.0317;863.3414;1306.8770;862.9022;-0.8453;0.4392;0.9526;0.9432;0;1.000;93.00;254.00;Базовый
2026-08-12T04:56:46.237;179.124;546;1;LOCK;1248.4934;908.1498;1248.3496;908.2203;0.0000;0.0000;0.0000;0.9891;0;1.000;82.00;254.00;Базовый
2026-08-12T04:56:46.237;179.124;546;2;LOCK;1306.0317;863.3414;1306.8770;862.9022;-0.8453;0.4392;0.9526;0.9139;0;1.000;93.00;254.00;Базовый
2026-08-12T04:56:46.522;179.410;547;1;LOCK;1248.4934;908.1498;1248.3496;908.2203;0.0000;0.0000;0.0000;0.9879;0;1.000;82.00;254.00;Базовый
2026-08-12T04:56:46.522;179.410;547;2;LOCK;1306.0317;863.3414;1306.8770;862.9022;-0.8453;0.4392;0.9526;0.9139;0;1.000;93.00;254.00;Базовый
2026-08-12T04:56:46.806;179.693;548;1;LOCK;1248.4934;908.1498;1248.3496;908.2203;0.0000;0.0000;0.0000;0.9879;0;1.000;82.00;254.00;Базовый
2026-08-12T04:56:46.806;179.693;548;2;LOCK;1306.0317;863.3414;1306.8770;862.9022;-0.8453;0.4392;0.9526;0.9283;0;1.000;93.00;253.00;Базовый
2026-08-12T04:56:47.095;179.983;549;1;LOCK;1248.4934;908.1498;1248.3496;908.2203;0.0000;0.0000;0.0000;0.9382;0;1.000;81.00;253.00;Базовый
2026-08-12T04:56:47.095;179.983;549;2;LOCK;1306.0317;863.3414;1306.8770;862.9022;-0.8453;0.4392;0.9526;0.9179;0;1.000;91.00;253.00;Базовый
2026-08-12T04:56:47.376;180.263;550;1;LOCK;1248.4934;908.1498;1248.3496;908.2203;0.0000;0.0000;0.0000;0.9542;0;1.000;81.00;254.00;Базовый
2026-08-12T04:56:47.376;180.263;550;2;LOCK;1306.0317;863.3414;1306.8770;862.9022;-0.8453;0.4392;0.9526;0.9973;0;1.000;91.00;254.00;Базовый
2026-08-12T04:56:47.660;180.548;551;1;LOCK;1248.4934;908.1498;1248.3496;908.2203;0.0000;0.0000;0.0000;0.9875;0;1.000;82.00;253.00;Базовый
2026-08-12T04:56:47.660;180.548;551;2;LOCK;1306.0317;863.3414;1306.8770;862.9022;-0.8453;0.4392;0.9526;0.9974;0;1.000;91.00;254.00;Базовый
2026-08-12T04:56:47.950;180.838;552;1;LOCK;1248.4934;908.1498;1248.3496;908.2203;0.0000;0.0000;0.0000;0.9482;0;1.000;82.00;253.04;Базовый
2026-08-12T04:56:47.950;180.838;552;2;LOCK;1306.0317;863.3414;1306.8770;862.9022;-0.8453;0.4392;0.9526;0.9974;0;1.000;91.00;254.00;Базовый
2026-08-12T04:56:48.247;181.134;553;1;LOCK;1248.4934;908.1498;1248.3496;908.2203;0.0000;0.0000;0.0000;0.9944;0;1.000;82.00;253.00;Базовый
2026-08-12T04:56:48.247;181.134;553;2;LOCK;1306.0317;863.3414;1306.8770;862.9022;-0.8453;0.4392;0.9526;0.9974;0;1.000;91.00;254.00;Базовый
2026-08-12T04:56:48.535;181.422;554;1;LOCK;1248.4934;908.1498;1248.3496;908.2203;0.0000;0.0000;0.0000;0.9944;0;1.000;82.00;253.00;Базовый
2026-08-12T04:56:48.535;181.422;554;2;LOCK;1306.0317;863.3414;1306.8770;862.9022;-0.8453;0.4392;0.9526;0.9974;0;1.000;91.00;254.00;Базовый
2026-08-12T04:56:48.821;181.708;555;1;LOCK;1248.4934;908.1498;1248.3496;908.2203;0.0000;0.0000;0.0000;0.9944;0;1.000;82.00;253.00;Базовый
2026-08-12T04:56:48.821;181.708;555;2;LOCK;1306.0317;863.3414;1306.8770;862.9022;-0.8453;0.4392;0.9526;0.9974;0;1.000;91.00;254.00;Базовый
2026-08-12T04:56:49.114;182.001;556;1;LOCK;1248.4934;908.1498;1248.3496;908.2203;0.0000;0.0000;0.0000;0.9536;0;1.000;84.00;253.00;Базовый
2026-08-12T04:56:49.114;182.001;556;2;LOCK;1306.0317;863.3414;1306.8770;862.9022;-0.8453;0.4392;0.9526;0.9969;0;1.000;93.00;253.00;Базовый
2026-08-12T04:56:49.398;182.285;557;1;LOCK;1248.4934;908.1498;1248.3496;908.2203;0.0000;0.0000;0.0000;0.9949;0;1.000;84.00;252.00;Базовый
2026-08-12T04:56:49.398;182.285;557;2;LOCK;1306.0317;863.3414;1306.8770;862.9022;-0.8453;0.4392;0.9526;0.9972;0;1.000;93.00;253.00;Базовый
2026-08-12T04:56:49.688;182.575;558;1;LOCK;1248.4934;908.1498;1248.3496;908.2203;0.0000;0.0000;0.0000;0.9274;0;1.000;85.00;252.56;Базовый
2026-08-12T04:56:49.688;182.575;558;2;LOCK;1306.0317;863.3414;1306.8770;862.9022;-0.8453;0.4392;0.9526;0.9973;0;1.000;93.00;253.00;Базовый
2026-08-12T04:56:49.974;182.861;559;1;LOCK;1248.4934;908.1498;1248.3496;908.2203;0.0000;0.0000;0.0000;0.9947;0;1.000;84.00;254.00;Базовый
2026-08-12T04:56:49.974;182.861;559;2;LOCK;1306.0317;863.3414;1306.8770;862.9022;-0.8453;0.4392;0.9526;0.9972;0;1.000;93.00;254.00;Базовый
2026-08-12T04:56:50.251;183.138;560;1;LOCK;1248.4934;908.1498;1248.3496;908.2203;0.0000;0.0000;0.0000;0.9947;0;1.000;84.00;254.00;Базовый
2026-08-12T04:56:50.251;183.138;560;2;LOCK;1306.0317;863.3414;1306.8770;862.9022;-0.8453;0.4392;0.9526;0.9972;0;1.000;93.00;254.00;Базовый
2026-08-12T04:56:50.536;183.424;561;1;LOCK;1248.4934;908.1498;1248.3496;908.2203;0.0000;0.0000;0.0000;0.9947;0;1.000;84.00;254.00;Базовый
2026-08-12T04:56:50.536;183.424;561;2;LOCK;1306.0317;863.3414;1306.8770;862.9022;-0.8453;0.4392;0.9526;0.9972;0;1.000;93.00;254.00;Базовый
2026-08-12T04:56:50.822;183.709;562;1;LOCK;1248.4934;908.1498;1248.3496;908.2203;0.0000;0.0000;0.0000;0.9370;0;1.000;84.00;254.00;Базовый
2026-08-12T04:56:50.822;183.709;562;2;LOCK;1306.0317;863.3414;1306.8770;862.9022;-0.8453;0.4392;0.9526;0.9971;0;1.000;93.00;254.00;Базовый
2026-08-12T04:56:51.107;183.995;563;1;LOCK;1248.4934;908.1498;1248.3496;908.2203;0.0000;0.0000;0.0000;0.8943;0;1.000;82.00;254.00;Базовый
2026-08-12T04:56:51.107;183.995;563;2;LOCK;1306.0317;863.3414;1306.8770;862.9022;-0.8453;0.4392;0.9526;0.9974;0;1.000;91.00;252.00;Базовый
2026-08-12T04:56:51.391;184.278;564;1;LOCK;1248.4934;908.1498;1248.3496;908.2203;0.0000;0.0000;0.0000;0.9361;0;1.000;83.00;253.00;Базовый
2026-08-12T04:56:51.391;184.278;564;2;LOCK;1306.0317;863.3414;1306.8770;862.9022;-0.8453;0.4392;0.9526;0.9106;0;1.000;91.00;253.60;Базовый
2026-08-12T04:56:51.680;184.568;565;1;LOCK;1248.4934;908.1498;1248.3496;908.2203;0.0000;0.0000;0.0000;0.9361;0;1.000;85.00;254.00;Базовый
2026-08-12T04:56:51.680;184.568;565;2;LOCK;1306.0317;863.3414;1306.8770;862.9022;-0.8453;0.4392;0.9526;0.9106;0;1.000;91.00;253.60;Базовый
2026-08-12T04:56:51.973;184.860;566;1;LOCK;1248.4934;908.1498;1248.3496;908.2203;0.0000;0.0000;0.0000;0.9484;0;1.000;85.00;254.00;Базовый
2026-08-12T04:56:51.973;184.860;566;2;LOCK;1306.0317;863.3414;1306.8770;862.9022;-0.8453;0.4392;0.9526;0.9106;0;1.000;91.00;253.60;Базовый
2026-08-12T04:56:52.254;185.142;567;1;LOCK;1248.4934;908.1498;1248.3496;908.2203;0.0000;0.0000;0.0000;0.9484;0;1.000;85.00;254.00;Базовый
2026-08-12T04:56:52.254;185.142;567;2;LOCK;1306.0317;863.3414;1306.8770;862.9022;-0.8453;0.4392;0.9526;0.9106;0;1.000;91.00;253.60;Базовый
2026-08-12T04:56:52.538;185.425;568;1;LOCK;1248.4934;908.1498;1248.3496;908.2203;0.0000;0.0000;0.0000;0.9484;0;1.000;85.00;254.00;Базовый
2026-08-12T04:56:52.538;185.425;568;2;LOCK;1306.0317;863.3414;1306.8770;862.9022;-0.8453;0.4392;0.9526;0.9209;0;1.000;91.00;254.00;Базовый
2026-08-12T04:56:52.824;185.711;569;1;LOCK;1248.4934;908.1498;1248.3496;908.2203;0.0000;0.0000;0.0000;0.9484;0;1.000;83.00;254.00;Базовый
2026-08-12T04:56:52.824;185.711;569;2;LOCK;1306.0317;863.3414;1306.8770;862.9022;-0.8453;0.4392;0.9526;0.9209;0;1.000;91.00;254.00;Базовый
2026-08-12T04:56:53.108;185.995;570;1;LOCK;1248.4934;908.1498;1248.3496;908.2203;0.0000;0.0000;0.0000;0.9617;0;1.000;81.00;253.00;Базовый
2026-08-12T04:56:53.108;185.995;570;2;LOCK;1306.0317;863.3414;1306.8770;862.9022;-0.8453;0.4392;0.9526;0.9976;0;1.000;90.00;253.00;Базовый
2026-08-12T04:56:53.396;186.283;571;1;LOCK;1248.4934;908.1498;1248.3496;908.2203;0.0000;0.0000;0.0000;0.9618;0;1.000;83.00;254.00;Базовый
2026-08-12T04:56:53.396;186.283;571;2;LOCK;1306.0317;863.3414;1306.8770;862.9022;-0.8453;0.4392;0.9526;0.9976;0;1.000;90.00;252.00;Базовый
2026-08-12T04:56:53.672;186.559;572;1;LOCK;1248.4934;908.1498;1248.3496;908.2203;0.0000;0.0000;0.0000;0.9618;0;1.000;83.00;254.00;Базовый
2026-08-12T04:56:53.672;186.559;572;2;LOCK;1306.0317;863.3414;1306.8770;862.9022;-0.8453;0.4392;0.9526;0.9977;0;1.000;90.00;253.00;Базовый
2026-08-12T04:56:53.958;186.845;573;1;LOCK;1248.4934;908.1498;1248.3496;908.2203;0.0000;0.0000;0.0000;0.9593;0;1.000;83.00;254.00;Базовый
2026-08-12T04:56:53.958;186.845;573;2;LOCK;1306.0317;863.3414;1306.8770;862.9022;-0.8453;0.4392;0.9526;0.9977;0;1.000;90.00;253.00;Базовый
2026-08-12T04:56:54.236;187.123;574;1;LOCK;1248.4934;908.1498;1248.3496;908.2203;0.0000;0.0000;0.0000;0.9593;0;1.000;83.00;254.00;Базовый
2026-08-12T04:56:54.236;187.123;574;2;LOCK;1306.0317;863.3414;1306.8770;862.9022;-0.8453;0.4392;0.9526;0.9977;0;1.000;90.00;253.00;Базовый
2026-08-12T04:56:54.517;187.404;575;1;LOCK;1248.4934;908.1498;1248.3496;908.2203;0.0000;0.0000;0.0000;0.9593;0;1.000;83.00;254.00;Базовый
2026-08-12T04:56:54.517;187.404;575;2;LOCK;1306.0317;863.3414;1306.8770;862.9022;-0.8453;0.4392;0.9526;0.9977;0;1.000;90.00;253.00;Базовый
2026-08-12T04:56:54.804;187.692;576;1;LOCK;1248.4934;908.1498;1248.3496;908.2203;0.0000;0.0000;0.0000;0.9593;0;1.000;84.00;254.00;Базовый
2026-08-12T04:56:54.804;187.692;576;2;LOCK;1306.0317;863.3414;1306.8770;862.9022;-0.8453;0.4392;0.9526;0.9977;0;1.000;90.00;253.00;Базовый
2026-08-12T04:56:55.116;188.004;577;1;LOCK;1248.4934;908.1498;1248.3496;908.2203;0.0000;0.0000;0.0000;0.9392;0;1.000;83.00;253.00;Базовый
2026-08-12T04:56:55.116;188.004;577;2;LOCK;1306.0317;863.3414;1306.8770;862.9022;-0.8453;0.4392;0.9526;0.8970;0;1.000;90.00;253.00;Базовый
2026-08-12T04:56:55.403;188.290;578;1;LOCK;1248.4934;908.1498;1248.3496;908.2203;0.0000;0.0000;0.0000;0.8939;0;1.000;83.00;253.00;Базовый
2026-08-12T04:56:55.403;188.290;578;2;LOCK;1306.0317;863.3414;1306.8770;862.9022;-0.8453;0.4392;0.9526;0.9970;0;1.000;90.00;253.00;Базовый
2026-08-12T04:56:55.719;188.607;579;1;LOCK;1248.4934;908.1498;1248.3496;908.2203;0.0000;0.0000;0.0000;0.9918;0;1.000;83.00;253.00;Базовый
2026-08-12T04:56:55.719;188.607;579;2;LOCK;1306.0317;863.3414;1306.8770;862.9022;-0.8453;0.4392;0.9526;0.9970;0;1.000;90.00;253.00;Базовый
2026-08-12T04:56:56.002;188.890;580;1;LOCK;1248.4934;908.1498;1248.3496;908.2203;0.0000;0.0000;0.0000;0.9934;0;1.000;83.00;253.00;Базовый
2026-08-12T04:56:56.002;188.890;580;2;LOCK;1306.0317;863.3414;1306.8770;862.9022;-0.8453;0.4392;0.9526;0.9970;0;1.000;90.00;253.00;Базовый
2026-08-12T04:56:56.293;189.180;581;1;LOCK;1248.4934;908.1498;1248.3496;908.2203;0.0000;0.0000;0.0000;0.9934;0;1.000;81.00;253.00;Базовый
2026-08-12T04:56:56.293;189.180;581;2;LOCK;1306.0317;863.3414;1306.8770;862.9022;-0.8453;0.4392;0.9526;0.9626;0;1.000;90.00;253.00;Базовый
2026-08-12T04:56:56.576;189.463;582;1;LOCK;1248.4934;908.1498;1248.3496;908.2203;0.0000;0.0000;0.0000;0.9936;0;1.000;83.00;253.00;Базовый
2026-08-12T04:56:56.576;189.463;582;2;LOCK;1306.0317;863.3414;1306.8770;862.9022;-0.8453;0.4392;0.9526;0.9761;0;1.000;90.00;253.00;Базовый
2026-08-12T04:56:56.856;189.743;583;1;LOCK;1248.4934;908.1498;1248.3496;908.2203;0.0000;0.0000;0.0000;0.9936;0;1.000;83.00;253.00;Базовый
2026-08-12T04:56:56.856;189.743;583;2;LOCK;1306.0317;863.3414;1306.8770;862.9022;-0.8453;0.4392;0.9526;0.9761;0;1.000;90.00;253.00;Базовый
2026-08-12T04:56:57.141;190.028;584;1;LOCK;1248.4934;908.1498;1248.3496;908.2203;0.0000;0.0000;0.0000;0.9949;0;1.000;81.00;253.00;Базовый
2026-08-12T04:56:57.141;190.028;584;2;LOCK;1306.0317;863.3414;1306.8770;862.9022;-0.8453;0.4392;0.9526;0.9255;0;1.000;93.00;253.00;Базовый
2026-08-12T04:56:57.424;190.311;585;1;LOCK;1248.4934;908.1498;1248.3496;908.2203;0.0000;0.0000;0.0000;0.9949;0;1.000;81.00;253.00;Базовый
2026-08-12T04:56:57.424;190.311;585;2;LOCK;1306.0317;863.3414;1306.8770;862.9022;-0.8453;0.4392;0.9526;0.9414;0;1.000;93.00;253.00;Базовый
2026-08-12T04:56:57.720;190.607;586;1;LOCK;1248.4934;908.1498;1248.3496;908.2203;0.0000;0.0000;0.0000;0.9949;0;1.000;81.00;253.00;Базовый
2026-08-12T04:56:57.720;190.607;586;2;LOCK;1306.0317;863.3414;1306.8770;862.9022;-0.8453;0.4392;0.9526;0.9870;0;1.000;93.00;253.00;Базовый
2026-08-12T04:56:58.005;190.892;587;1;LOCK;1248.4934;908.1498;1248.3496;908.2203;0.0000;0.0000;0.0000;0.9949;0;1.000;81.00;253.00;Базовый
2026-08-12T04:56:58.005;190.892;587;2;LOCK;1306.0317;863.3414;1306.8770;862.9022;-0.8453;0.4392;0.9526;0.9870;0;1.000;93.00;253.00;Базовый
2026-08-12T04:56:58.296;191.183;588;1;LOCK;1248.4934;908.1498;1248.3496;908.2203;0.0000;0.0000;0.0000;0.8948;0;1.000;81.00;253.20;Базовый
2026-08-12T04:56:58.296;191.183;588;2;LOCK;1306.0317;863.3414;1306.8770;862.9022;-0.8453;0.4392;0.9526;0.9870;0;1.000;93.00;253.00;Базовый
2026-08-12T04:56:58.596;191.484;589;1;LOCK;1248.4934;908.1498;1248.3496;908.2203;0.0000;0.0000;0.0000;0.8948;0;1.000;81.00;253.20;Базовый
2026-08-12T04:56:58.596;191.484;589;2;LOCK;1306.0317;863.3414;1306.8770;862.9022;-0.8453;0.4392;0.9526;0.9508;0;1.000;93.00;253.00;Базовый
2026-08-12T04:56:58.887;191.775;590;1;LOCK;1248.4934;908.1498;1248.3496;908.2203;0.0000;0.0000;0.0000;0.8948;0;1.000;81.00;253.20;Базовый
2026-08-12T04:56:58.887;191.775;590;2;LOCK;1306.0317;863.3414;1306.8770;862.9022;-0.8453;0.4392;0.9526;0.9508;0;1.000;93.00;253.00;Базовый
2026-08-12T04:56:59.191;192.079;591;1;LOCK;1248.4934;908.1498;1248.3496;908.2203;0.0000;0.0000;0.0000;0.9276;0;1.000;81.00;254.00;Базовый
2026-08-12T04:56:59.191;192.079;591;2;LOCK;1306.0317;863.3414;1306.8770;862.9022;-0.8453;0.4392;0.9526;0.9967;0;1.000;88.00;254.00;Базовый
2026-08-12T04:56:59.482;192.369;592;1;LOCK;1248.4934;908.1498;1248.3496;908.2203;0.0000;0.0000;0.0000;0.9949;0;1.000;81.00;253.00;Базовый
2026-08-12T04:56:59.482;192.369;592;2;LOCK;1306.0317;863.3414;1306.8770;862.9022;-0.8453;0.4392;0.9526;0.9349;0;1.000;88.00;254.00;Базовый
2026-08-12T04:56:59.786;192.674;593;1;LOCK;1248.4934;908.1498;1248.3496;908.2203;0.0000;0.0000;0.0000;0.9214;0;1.000;81.00;254.00;Базовый
2026-08-12T04:56:59.786;192.674;593;2;LOCK;1306.0317;863.3414;1306.8770;862.9022;-0.8453;0.4392;0.9526;0.9967;0;1.000;88.00;253.00;Базовый
2026-08-12T04:57:00.074;192.962;594;1;LOCK;1248.4934;908.1498;1248.3496;908.2203;0.0000;0.0000;0.0000;0.9161;0;1.000;81.00;254.00;Базовый
2026-08-12T04:57:00.074;192.962;594;2;LOCK;1306.0317;863.3414;1306.8770;862.9022;-0.8453;0.4392;0.9526;0.9968;0;1.000;88.00;253.00;Базовый
2026-08-12T04:57:00.360;193.248;595;1;LOCK;1248.4934;908.1498;1248.3496;908.2203;0.0000;0.0000;0.0000;0.9939;0;1.000;81.00;253.00;Базовый
2026-08-12T04:57:00.360;193.248;595;2;LOCK;1306.0317;863.3414;1306.8770;862.9022;-0.8453;0.4392;0.9526;0.9968;0;1.000;88.00;253.00;Базовый
2026-08-12T04:57:00.644;193.532;596;1;LOCK;1248.4934;908.1498;1248.3496;908.2203;0.0000;0.0000;0.0000;0.9875;0;1.000;81.00;253.00;Базовый
2026-08-12T04:57:00.644;193.532;596;2;LOCK;1306.0317;863.3414;1306.8770;862.9022;-0.8453;0.4392;0.9526;0.9968;0;1.000;88.00;253.00;Базовый
2026-08-12T04:57:00.948;193.836;597;1;LOCK;1248.4934;908.1498;1248.3496;908.2203;0.0000;0.0000;0.0000;0.9875;0;1.000;81.00;253.00;Базовый
2026-08-12T04:57:00.948;193.836;597;2;LOCK;1306.0317;863.3414;1306.8770;862.9022;-0.8453;0.4392;0.9526;0.9968;0;1.000;88.00;253.00;Базовый
2026-08-12T04:57:01.233;194.120;598;1;LOCK;1248.4934;908.1498;1248.3496;908.2203;0.0000;0.0000;0.0000;0.9656;0;1.000;81.00;253.00;Базовый
2026-08-12T04:57:01.233;194.120;598;2;LOCK;1306.0317;863.3414;1306.8770;862.9022;-0.8453;0.4392;0.9526;0.9396;0;1.000;89.00;253.00;Базовый
2026-08-12T04:57:01.520;194.408;599;1;LOCK;1248.4934;908.1498;1248.3496;908.2203;0.0000;0.0000;0.0000;0.9656;0;1.000;81.00;253.00;Базовый
2026-08-12T04:57:01.520;194.408;599;2;LOCK;1306.0317;863.3414;1306.8770;862.9022;-0.8453;0.4392;0.9526;0.9888;0;1.000;89.00;252.92;Базовый
2026-08-12T04:57:01.810;194.698;600;1;LOCK;1248.4934;908.1498;1248.3496;908.2203;0.0000;0.0000;0.0000;0.9656;0;1.000;81.00;253.00;Базовый
2026-08-12T04:57:01.810;194.698;600;2;LOCK;1306.0317;863.3414;1306.8770;862.9022;-0.8453;0.4392;0.9526;0.9539;0;1.000;89.00;253.00;Базовый
2026-08-12T04:57:02.091;194.979;601;1;LOCK;1248.4934;908.1498;1248.3496;908.2203;0.0000;0.0000;0.0000;0.9656;0;1.000;81.00;253.00;Базовый
2026-08-12T04:57:02.091;194.979;601;2;LOCK;1306.0317;863.3414;1306.8770;862.9022;-0.8453;0.4392;0.9526;0.9539;0;1.000;89.00;253.00;Базовый
2026-08-12T04:57:02.371;195.258;602;1;LOCK;1248.4934;908.1498;1248.3496;908.2203;0.0000;0.0000;0.0000;0.9656;0;1.000;81.00;253.00;Базовый
2026-08-12T04:57:02.371;195.258;602;2;LOCK;1306.0317;863.3414;1306.8770;862.9022;-0.8453;0.4392;0.9526;0.9539;0;1.000;89.00;253.00;Базовый
2026-08-12T04:57:02.678;195.565;603;1;LOCK;1248.4934;908.1498;1248.3496;908.2203;0.0000;0.0000;0.0000;0.9656;0;1.000;81.00;253.00;Базовый
2026-08-12T04:57:02.678;195.565;603;2;LOCK;1306.0317;863.3414;1306.8770;862.9022;-0.8453;0.4392;0.9526;0.9539;0;1.000;89.00;253.00;Базовый
2026-08-12T04:57:02.967;195.855;604;1;LOCK;1248.4934;908.1498;1248.3496;908.2203;0.0000;0.0000;0.0000;0.9566;0;1.000;84.00;253.00;Базовый
2026-08-12T04:57:02.967;195.855;604;2;LOCK;1306.0317;863.3414;1306.8770;862.9022;-0.8453;0.4392;0.9526;0.9967;0;1.000;88.00;253.00;Базовый
2026-08-12T04:57:03.269;196.157;605;1;LOCK;1248.4934;908.1498;1248.3496;908.2203;0.0000;0.0000;0.0000;0.9717;0;1.000;82.00;254.00;Базовый
2026-08-12T04:57:03.269;196.157;605;2;LOCK;1306.0317;863.3414;1306.8770;862.9022;-0.8453;0.4392;0.9526;0.9967;0;1.000;88.00;252.08;Базовый
2026-08-12T04:57:03.555;196.442;606;1;LOCK;1248.4934;908.1498;1248.3496;908.2203;0.0000;0.0000;0.0000;0.9948;0;1.000;84.00;253.00;Базовый
2026-08-12T04:57:03.555;196.442;606;2;LOCK;1306.0317;863.3414;1306.8770;862.9022;-0.8453;0.4392;0.9526;0.9967;0;1.000;88.00;253.08;Базовый
2026-08-12T04:57:03.836;196.724;607;1;LOCK;1248.4934;908.1498;1248.3496;908.2203;0.0000;0.0000;0.0000;0.9948;0;1.000;84.00;253.00;Базовый
2026-08-12T04:57:03.836;196.724;607;2;LOCK;1306.0317;863.3414;1306.8770;862.9022;-0.8453;0.4392;0.9526;0.9246;0;1.000;91.00;253.00;Базовый
2026-08-12T04:57:04.119;197.006;608;1;LOCK;1248.4934;908.1498;1248.3496;908.2203;0.0000;0.0000;0.0000;0.9948;0;1.000;84.00;253.00;Базовый
2026-08-12T04:57:04.119;197.006;608;2;LOCK;1306.0317;863.3414;1306.8770;862.9022;-0.8453;0.4392;0.9526;0.9246;0;1.000;91.00;253.00;Базовый
2026-08-12T04:57:04.407;197.294;609;1;LOCK;1248.4934;908.1498;1248.3496;908.2203;0.0000;0.0000;0.0000;0.9948;0;1.000;84.00;253.00;Базовый
2026-08-12T04:57:04.407;197.294;609;2;LOCK;1306.0317;863.3414;1306.8770;862.9022;-0.8453;0.4392;0.9526;0.9246;0;1.000;91.00;253.00;Базовый
2026-08-12T04:57:04.716;197.604;610;1;LOCK;1248.4934;908.1498;1248.3496;908.2203;0.0000;0.0000;0.0000;0.9948;0;1.000;82.00;254.00;Базовый
2026-08-12T04:57:04.716;197.604;610;2;LOCK;1306.0317;863.3414;1306.8770;862.9022;-0.8453;0.4392;0.9526;0.9239;0;1.000;89.00;253.00;Базовый
2026-08-12T04:57:04.994;197.882;611;1;LOCK;1248.4934;908.1498;1248.3496;908.2203;0.0000;0.0000;0.0000;0.9390;0;1.000;81.00;252.00;Базовый
2026-08-12T04:57:04.994;197.882;611;2;LOCK;1306.0317;863.3414;1306.8770;862.9022;-0.8453;0.4392;0.9526;0.9326;0;1.000;88.00;253.00;Базовый
2026-08-12T04:57:05.281;198.168;612;1;LOCK;1248.4934;908.1498;1248.3496;908.2203;0.0000;0.0000;0.0000;0.9316;0;1.000;81.00;253.00;Базовый
2026-08-12T04:57:05.281;198.168;612;2;LOCK;1306.0317;863.3414;1306.8770;862.9022;-0.8453;0.4392;0.9526;0.9324;0;1.000;88.00;253.00;Базовый
2026-08-12T04:57:05.568;198.455;613;1;LOCK;1248.4934;908.1498;1248.3496;908.2203;0.0000;0.0000;0.0000;0.9467;0;1.000;81.00;254.00;Базовый
2026-08-12T04:57:05.568;198.455;613;2;LOCK;1306.0317;863.3414;1306.8770;862.9022;-0.8453;0.4392;0.9526;0.9542;0;1.000;88.00;253.00;Базовый
2026-08-12T04:57:05.853;198.740;614;1;LOCK;1248.4934;908.1498;1248.3496;908.2203;0.0000;0.0000;0.0000;0.9467;0;1.000;81.00;254.00;Базовый
2026-08-12T04:57:05.853;198.740;614;2;LOCK;1306.0317;863.3414;1306.8770;862.9022;-0.8453;0.4392;0.9526;0.9614;0;1.000;88.00;253.00;Базовый
2026-08-12T04:57:06.161;199.048;615;1;LOCK;1248.4934;908.1498;1248.3496;908.2203;0.0000;0.0000;0.0000;0.9467;0;1.000;81.00;254.00;Базовый
2026-08-12T04:57:06.161;199.048;615;2;LOCK;1306.0317;863.3414;1306.8770;862.9022;-0.8453;0.4392;0.9526;0.9614;0;1.000;88.00;253.00;Базовый
2026-08-12T04:57:06.446;199.333;616;1;LOCK;1248.4934;908.1498;1248.3496;908.2203;0.0000;0.0000;0.0000;0.9490;0;1.000;81.00;253.00;Базовый
2026-08-12T04:57:06.446;199.333;616;2;LOCK;1306.0317;863.3414;1306.8770;862.9022;-0.8453;0.4392;0.9526;0.9614;0;1.000;88.00;253.00;Базовый
2026-08-12T04:57:06.729;199.616;617;1;LOCK;1248.4934;908.1498;1248.3496;908.2203;0.0000;0.0000;0.0000;0.9110;0;1.000;81.00;253.20;Базовый
2026-08-12T04:57:06.729;199.616;617;2;LOCK;1306.0317;863.3414;1306.8770;862.9022;-0.8453;0.4392;0.9526;0.9614;0;1.000;88.00;253.00;Базовый
2026-08-12T04:57:07.016;199.903;618;1;LOCK;1248.4934;908.1498;1248.3496;908.2203;0.0000;0.0000;0.0000;0.9163;0;1.000;82.00;252.00;Базовый
2026-08-12T04:57:07.016;199.903;618;2;LOCK;1306.0317;863.3414;1306.8770;862.9022;-0.8453;0.4392;0.9526;0.9351;0;1.000;88.00;253.00;Базовый
2026-08-12T04:57:07.294;200.182;619;1;LOCK;1248.4934;908.1498;1248.3496;908.2203;0.0000;0.0000;0.0000;0.9948;0;1.000;81.00;252.00;Базовый
2026-08-12T04:57:07.294;200.182;619;2;LOCK;1306.0317;863.3414;1306.8770;862.9022;-0.8453;0.4392;0.9526;0.9968;0;1.000;88.00;254.00;Базовый
2026-08-12T04:57:07.582;200.469;620;1;LOCK;1248.4934;908.1498;1248.3496;908.2203;0.0000;0.0000;0.0000;0.9947;0;1.000;82.00;253.00;Базовый
2026-08-12T04:57:07.582;200.469;620;2;LOCK;1306.0317;863.3414;1306.8770;862.9022;-0.8453;0.4392;0.9526;0.9968;0;1.000;88.00;254.00;Базовый
2026-08-12T04:57:07.887;200.774;621;1;LOCK;1248.4934;908.1498;1248.3496;908.2203;0.0000;0.0000;0.0000;0.9947;0;1.000;82.00;253.00;Базовый
2026-08-12T04:57:07.887;200.774;621;2;LOCK;1306.0317;863.3414;1306.8770;862.9022;-0.8453;0.4392;0.9526;0.9969;0;1.000;88.00;253.00;Базовый
2026-08-12T04:57:08.208;201.095;622;1;LOCK;1248.4934;908.1498;1248.3496;908.2203;0.0000;0.0000;0.0000;0.9947;0;1.000;82.00;253.00;Базовый
2026-08-12T04:57:08.208;201.095;622;2;LOCK;1306.0317;863.3414;1306.8770;862.9022;-0.8453;0.4392;0.9526;0.9969;0;1.000;88.00;253.00;Базовый
2026-08-12T04:57:08.503;201.390;623;1;LOCK;1248.4934;908.1498;1248.3496;908.2203;0.0000;0.0000;0.0000;0.9947;0;1.000;82.00;253.00;Базовый
2026-08-12T04:57:08.503;201.390;623;2;LOCK;1306.0317;863.3414;1306.8770;862.9022;-0.8453;0.4392;0.9526;0.9969;0;1.000;88.00;253.00;Базовый
2026-08-12T04:57:08.795;201.683;624;1;LOCK;1248.4934;908.1498;1248.3496;908.2203;0.0000;0.0000;0.0000;0.9946;0;1.000;82.00;253.00;Базовый
2026-08-12T04:57:08.795;201.683;624;2;LOCK;1306.0317;863.3414;1306.8770;862.9022;-0.8453;0.4392;0.9526;0.9893;0;1.000;88.00;254.00;Базовый
2026-08-12T04:57:09.085;201.973;625;1;LOCK;1248.4934;908.1498;1248.3496;908.2203;0.0000;0.0000;0.0000;0.9579;0;1.000;84.00;253.00;Базовый
2026-08-12T04:57:09.085;201.973;625;2;LOCK;1306.0317;863.3414;1306.8770;862.9022;-0.8453;0.4392;0.9526;0.9504;0;1.000;90.00;253.00;Базовый
2026-08-12T04:57:09.369;202.256;626;1;LOCK;1248.4934;908.1498;1248.3496;908.2203;0.0000;0.0000;0.0000;0.9590;0;1.000;84.00;254.00;Базовый
2026-08-12T04:57:09.369;202.256;626;2;LOCK;1306.0317;863.3414;1306.8770;862.9022;-0.8453;0.4392;0.9526;0.9504;0;1.000;90.00;254.00;Базовый
2026-08-12T04:57:09.657;202.544;627;1;LOCK;1248.4934;908.1498;1248.3496;908.2203;0.0000;0.0000;0.0000;0.9456;0;1.000;83.00;254.00;Базовый
2026-08-12T04:57:09.657;202.544;627;2;LOCK;1306.0317;863.3414;1306.8770;862.9022;-0.8453;0.4392;0.9526;0.9179;0;1.000;90.00;253.00;Базовый
2026-08-12T04:57:09.939;202.826;628;1;LOCK;1248.4934;908.1498;1248.3496;908.2203;0.0000;0.0000;0.0000;0.9456;0;1.000;83.00;254.00;Базовый
2026-08-12T04:57:09.939;202.826;628;2;LOCK;1306.0317;863.3414;1306.8770;862.9022;-0.8453;0.4392;0.9526;0.9186;0;1.000;92.00;253.00;Базовый
2026-08-12T04:57:10.225;203.112;629;1;LOCK;1248.4934;908.1498;1248.3496;908.2203;0.0000;0.0000;0.0000;0.9456;0;1.000;83.00;254.00;Базовый
2026-08-12T04:57:10.225;203.112;629;2;LOCK;1306.0317;863.3414;1306.8770;862.9022;-0.8453;0.4392;0.9526;0.9238;0;1.000;92.00;253.00;Базовый
2026-08-12T04:57:10.529;203.417;630;1;LOCK;1248.4934;908.1498;1248.3496;908.2203;0.0000;0.0000;0.0000;0.9456;0;1.000;83.00;254.00;Базовый
2026-08-12T04:57:10.529;203.417;630;2;LOCK;1306.0317;863.3414;1306.8770;862.9022;-0.8453;0.4392;0.9526;0.9238;0;1.000;92.00;253.00;Базовый
2026-08-12T04:57:10.819;203.706;631;1;LOCK;1248.4934;908.1498;1248.3496;908.2203;0.0000;0.0000;0.0000;0.9456;0;1.000;83.00;254.00;Базовый
2026-08-12T04:57:10.819;203.706;631;2;LOCK;1306.0317;863.3414;1306.8770;862.9022;-0.8453;0.4392;0.9526;0.9238;0;1.000;92.00;253.00;Базовый
2026-08-12T04:57:11.110;203.998;632;1;LOCK;1248.4934;908.1498;1248.3496;908.2203;0.0000;0.0000;0.0000;0.9775;0;1.000;84.00;254.00;Базовый
2026-08-12T04:57:11.110;203.998;632;2;LOCK;1306.0317;863.3414;1306.8770;862.9022;-0.8453;0.4392;0.9526;0.9684;0;1.000;91.00;253.00;Базовый
2026-08-12T04:57:11.394;204.282;633;1;LOCK;1248.4934;908.1498;1248.3496;908.2203;0.0000;0.0000;0.0000;0.9803;0;1.000;84.00;253.00;Базовый
2026-08-12T04:57:11.394;204.282;633;2;LOCK;1306.0317;863.3414;1306.8770;862.9022;-0.8453;0.4392;0.9526;0.9965;0;1.000;88.00;253.00;Базовый
2026-08-12T04:57:11.678;204.566;634;1;LOCK;1248.4934;908.1498;1248.3496;908.2203;0.0000;0.0000;0.0000;0.9945;0;1.000;82.00;253.00;Базовый
2026-08-12T04:57:11.678;204.566;634;2;LOCK;1306.0317;863.3414;1306.8770;862.9022;-0.8453;0.4392;0.9526;0.9577;0;1.000;91.00;253.00;Базовый
2026-08-12T04:57:11.969;204.856;635;1;LOCK;1248.4934;908.1498;1248.3496;908.2203;0.0000;0.0000;0.0000;0.9951;0;1.000;81.00;253.00;Базовый
2026-08-12T04:57:11.969;204.856;635;2;LOCK;1306.0317;863.3414;1306.8770;862.9022;-0.8453;0.4392;0.9526;0.9578;0;1.000;91.00;253.00;Базовый
2026-08-12T04:57:12.261;205.148;636;1;LOCK;1248.4934;908.1498;1248.3496;908.2203;0.0000;0.0000;0.0000;0.9951;0;1.000;80.00;253.00;Базовый
2026-08-12T04:57:12.261;205.148;636;2;LOCK;1306.0317;863.3414;1306.8770;862.9022;-0.8453;0.4392;0.9526;0.9578;0;1.000;91.00;253.00;Базовый
2026-08-12T04:57:12.552;205.439;637;1;LOCK;1248.4934;908.1498;1248.3496;908.2203;0.0000;0.0000;0.0000;0.9951;0;1.000;80.00;253.00;Базовый
2026-08-12T04:57:12.552;205.439;637;2;LOCK;1306.0317;863.3414;1306.8770;862.9022;-0.8453;0.4392;0.9526;0.9578;0;1.000;91.00;253.00;Базовый
2026-08-12T04:57:12.841;205.728;638;1;LOCK;1248.4934;908.1498;1248.3496;908.2203;0.0000;0.0000;0.0000;0.9951;0;1.000;81.00;253.00;Базовый
2026-08-12T04:57:12.841;205.728;638;2;LOCK;1306.0317;863.3414;1306.8770;862.9022;-0.8453;0.4392;0.9526;0.9578;0;1.000;91.00;253.00;Базовый
2026-08-12T04:57:13.132;206.019;639;1;LOCK;1248.4934;908.1498;1248.3496;908.2203;0.0000;0.0000;0.0000;0.9767;0;1.000;84.00;253.72;Базовый
2026-08-12T04:57:13.132;206.019;639;2;LOCK;1306.0317;863.3414;1306.8770;862.9022;-0.8453;0.4392;0.9526;0.9213;0;1.000;91.00;252.00;Базовый
2026-08-12T04:57:13.416;206.304;640;1;LOCK;1248.4934;908.1498;1248.3496;908.2203;0.0000;0.0000;0.0000;0.9941;0;1.000;84.00;254.00;Базовый
2026-08-12T04:57:13.416;206.304;640;2;LOCK;1306.0317;863.3414;1306.8770;862.9022;-0.8453;0.4392;0.9526;0.9232;0;1.000;91.00;253.00;Базовый
2026-08-12T04:57:13.707;206.594;641;1;LOCK;1248.4934;908.1498;1248.3496;908.2203;0.0000;0.0000;0.0000;0.9942;0;1.000;81.00;254.00;Базовый
2026-08-12T04:57:13.707;206.594;641;2;LOCK;1306.0317;863.3414;1306.8770;862.9022;-0.8453;0.4392;0.9526;0.9197;0;1.000;91.00;253.00;Базовый
2026-08-12T04:57:13.987;206.875;642;1;LOCK;1248.4934;908.1498;1248.3496;908.2203;0.0000;0.0000;0.0000;0.8941;0;1.000;82.00;254.00;Базовый
2026-08-12T04:57:13.987;206.875;642;2;LOCK;1306.0317;863.3414;1306.8770;862.9022;-0.8453;0.4392;0.9526;0.9197;0;1.000;91.00;253.00;Базовый
2026-08-12T04:57:14.270;207.157;643;1;LOCK;1248.4934;908.1498;1248.3496;908.2203;0.0000;0.0000;0.0000;0.9665;0;1.000;82.00;253.00;Базовый
2026-08-12T04:57:14.270;207.157;643;2;LOCK;1306.0317;863.3414;1306.8770;862.9022;-0.8453;0.4392;0.9526;0.9197;0;1.000;91.00;253.00;Базовый
2026-08-12T04:57:14.551;207.439;644;1;LOCK;1248.4934;908.1498;1248.3496;908.2203;0.0000;0.0000;0.0000;0.9665;0;1.000;82.00;253.00;Базовый
2026-08-12T04:57:14.551;207.439;644;2;LOCK;1306.0317;863.3414;1306.8770;862.9022;-0.8453;0.4392;0.9526;0.9197;0;1.000;91.00;253.00;Базовый
2026-08-12T04:57:14.839;207.726;645;1;LOCK;1248.4934;908.1498;1248.3496;908.2203;0.0000;0.0000;0.0000;0.9665;0;1.000;82.00;253.00;Базовый
2026-08-12T04:57:14.839;207.726;645;2;LOCK;1306.0317;863.3414;1306.8770;862.9022;-0.8453;0.4392;0.9526;0.9110;0;1.000;91.00;252.60;Базовый
2026-08-12T04:57:15.127;208.015;646;1;LOCK;1248.4934;908.1498;1248.3496;908.2203;0.0000;0.0000;0.0000;0.9390;0;1.000;81.00;254.00;Базовый
2026-08-12T04:57:15.127;208.015;646;2;LOCK;1306.0317;863.3414;1306.8770;862.9022;-0.8453;0.4392;0.9526;0.9965;0;1.000;90.00;253.00;Базовый
2026-08-12T04:57:15.415;208.303;647;1;LOCK;1248.4934;908.1498;1248.3496;908.2203;0.0000;0.0000;0.0000;0.9390;0;1.000;81.00;254.00;Базовый
2026-08-12T04:57:15.415;208.303;647;2;LOCK;1306.0317;863.3414;1306.8770;862.9022;-0.8453;0.4392;0.9526;0.9892;0;1.000;90.00;253.00;Базовый
2026-08-12T04:57:15.701;208.588;648;1;LOCK;1248.4934;908.1498;1248.3496;908.2203;0.0000;0.0000;0.0000;0.9947;0;1.000;85.00;253.00;Базовый
2026-08-12T04:57:15.701;208.588;648;2;LOCK;1306.0317;863.3414;1306.8770;862.9022;-0.8453;0.4392;0.9526;0.9892;0;1.000;90.00;253.00;Базовый
2026-08-12T04:57:15.992;208.879;649;1;LOCK;1248.4934;908.1498;1248.3496;908.2203;0.0000;0.0000;0.0000;0.9947;0;1.000;85.00;253.00;Базовый
2026-08-12T04:57:15.992;208.879;649;2;LOCK;1306.0317;863.3414;1306.8770;862.9022;-0.8453;0.4392;0.9526;0.9892;0;1.000;90.00;253.00;Базовый
2026-08-12T04:57:16.278;209.166;650;1;LOCK;1248.4934;908.1498;1248.3496;908.2203;0.0000;0.0000;0.0000;0.9947;0;1.000;85.00;253.00;Базовый
2026-08-12T04:57:16.278;209.166;650;2;LOCK;1306.0317;863.3414;1306.8770;862.9022;-0.8453;0.4392;0.9526;0.9892;0;1.000;90.00;253.00;Базовый
2026-08-12T04:57:16.566;209.453;651;1;LOCK;1248.4934;908.1498;1248.3496;908.2203;0.0000;0.0000;0.0000;0.9947;0;1.000;85.00;253.00;Базовый
2026-08-12T04:57:16.566;209.453;651;2;LOCK;1306.0317;863.3414;1306.8770;862.9022;-0.8453;0.4392;0.9526;0.9892;0;1.000;90.00;253.00;Базовый
2026-08-12T04:57:16.856;209.743;652;1;LOCK;1248.4934;908.1498;1248.3496;908.2203;0.0000;0.0000;0.0000;0.9224;0;1.000;81.00;253.20;Базовый
2026-08-12T04:57:16.856;209.743;652;2;LOCK;1306.0317;863.3414;1306.8770;862.9022;-0.8453;0.4392;0.9526;0.9892;0;1.000;90.00;253.00;Базовый
2026-08-12T04:57:17.139;210.027;653;1;LOCK;1248.4934;908.1498;1248.3496;908.2203;0.0000;0.0000;0.0000;0.9379;0;1.000;83.00;253.00;Базовый
2026-08-12T04:57:17.139;210.027;653;2;LOCK;1306.0317;863.3414;1306.8770;862.9022;-0.8453;0.4392;0.9526;0.9470;0;1.000;89.00;253.00;Базовый
2026-08-12T04:57:17.424;210.311;654;1;LOCK;1248.4934;908.1498;1248.3496;908.2203;0.0000;0.0000;0.0000;0.9664;0;1.000;83.00;253.00;Базовый
2026-08-12T04:57:17.424;210.311;654;2;LOCK;1306.0317;863.3414;1306.8770;862.9022;-0.8453;0.4392;0.9526;0.9363;0;1.000;89.00;253.92;Базовый
2026-08-12T04:57:17.720;210.607;655;1;LOCK;1248.4934;908.1498;1248.3496;908.2203;0.0000;0.0000;0.0000;0.9664;0;1.000;83.00;253.00;Базовый
2026-08-12T04:57:17.720;210.607;655;2;LOCK;1306.0317;863.3414;1306.8770;862.9022;-0.8453;0.4392;0.9526;0.9363;0;1.000;89.00;253.92;Базовый
2026-08-12T04:57:18.007;210.894;656;1;LOCK;1248.4934;908.1498;1248.3496;908.2203;0.0000;0.0000;0.0000;0.9664;0;1.000;83.00;253.00;Базовый
2026-08-12T04:57:18.007;210.894;656;2;LOCK;1306.0317;863.3414;1306.8770;862.9022;-0.8453;0.4392;0.9526;0.9363;0;1.000;89.00;253.92;Базовый
2026-08-12T04:57:18.294;211.182;657;1;LOCK;1248.4934;908.1498;1248.3496;908.2203;0.0000;0.0000;0.0000;0.9637;0;1.000;83.00;253.00;Базовый
2026-08-12T04:57:18.294;211.182;657;2;LOCK;1306.0317;863.3414;1306.8770;862.9022;-0.8453;0.4392;0.9526;0.9363;0;1.000;89.00;253.92;Базовый
2026-08-12T04:57:18.580;211.467;658;1;LOCK;1248.4934;908.1498;1248.3496;908.2203;0.0000;0.0000;0.0000;0.9637;0;1.000;83.00;253.00;Базовый
2026-08-12T04:57:18.580;211.467;658;2;LOCK;1306.0317;863.3414;1306.8770;862.9022;-0.8453;0.4392;0.9526;0.9363;0;1.000;89.00;253.92;Базовый
2026-08-12T04:57:18.861;211.749;659;1;LOCK;1248.4934;908.1498;1248.3496;908.2203;0.0000;0.0000;0.0000;0.9637;0;1.000;83.00;253.00;Базовый
2026-08-12T04:57:18.861;211.749;659;2;LOCK;1306.0317;863.3414;1306.8770;862.9022;-0.8453;0.4392;0.9526;0.9363;0;1.000;89.00;253.92;Базовый
2026-08-12T04:57:19.145;212.033;660;1;LOCK;1248.4934;908.1498;1248.3496;908.2203;0.0000;0.0000;0.0000;0.9488;0;1.000;83.00;252.00;Базовый
2026-08-12T04:57:19.145;212.033;660;2;LOCK;1306.0317;863.3414;1306.8770;862.9022;-0.8453;0.4392;0.9526;0.9979;0;1.000;90.00;252.00;Базовый
2026-08-12T04:57:19.448;212.335;661;1;LOCK;1248.4934;908.1498;1248.3496;908.2203;0.0000;0.0000;0.0000;0.9334;0;1.000;81.00;253.20;Базовый
2026-08-12T04:57:19.448;212.335;661;2;LOCK;1306.0317;863.3414;1306.8770;862.9022;-0.8453;0.4392;0.9526;0.9747;0;1.000;91.00;252.60;Базовый
2026-08-12T04:57:19.736;212.623;662;1;LOCK;1248.4934;908.1498;1248.3496;908.2203;0.0000;0.0000;0.0000;0.9228;0;1.000;83.00;253.00;Базовый
2026-08-12T04:57:19.736;212.623;662;2;LOCK;1306.0317;863.3414;1306.8770;862.9022;-0.8453;0.4392;0.9526;0.9313;0;1.000;91.00;253.00;Базовый
2026-08-12T04:57:20.021;212.908;663;1;LOCK;1248.4934;908.1498;1248.3496;908.2203;0.0000;0.0000;0.0000;0.9276;0;1.000;83.00;253.00;Базовый
2026-08-12T04:57:20.021;212.908;663;2;LOCK;1306.0317;863.3414;1306.8770;862.9022;-0.8453;0.4392;0.9526;0.9313;0;1.000;90.00;253.00;Базовый
2026-08-12T04:57:20.305;213.192;664;1;LOCK;1248.4934;908.1498;1248.3496;908.2203;0.0000;0.0000;0.0000;0.9233;0;1.000;83.00;253.00;Базовый
2026-08-12T04:57:20.305;213.192;664;2;LOCK;1306.0317;863.3414;1306.8770;862.9022;-0.8453;0.4392;0.9526;0.9977;0;1.000;90.00;252.00;Базовый
2026-08-12T04:57:20.591;213.478;665;1;LOCK;1248.4934;908.1498;1248.3496;908.2203;0.0000;0.0000;0.0000;0.9233;0;1.000;83.00;253.00;Базовый
2026-08-12T04:57:20.591;213.478;665;2;LOCK;1306.0317;863.3414;1306.8770;862.9022;-0.8453;0.4392;0.9526;0.9977;0;1.000;90.00;252.00;Базовый
2026-08-12T04:57:20.880;213.767;666;1;LOCK;1248.4934;908.1498;1248.3496;908.2203;0.0000;0.0000;0.0000;0.9233;0;1.000;81.00;253.00;Базовый
2026-08-12T04:57:20.880;213.767;666;2;LOCK;1306.0317;863.3414;1306.8770;862.9022;-0.8453;0.4392;0.9526;0.9977;0;1.000;90.00;252.00;Базовый
2026-08-12T04:57:21.169;214.056;667;1;LOCK;1248.4934;908.1498;1248.3496;908.2203;0.0000;0.0000;0.0000;0.9276;0;1.000;81.00;253.20;Базовый
2026-08-12T04:57:21.169;214.056;667;2;LOCK;1306.0317;863.3414;1306.8770;862.9022;-0.8453;0.4392;0.9526;0.9967;0;1.000;89.00;254.00;Базовый
2026-08-12T04:57:21.452;214.340;668;1;LOCK;1248.4934;908.1498;1248.3496;908.2203;0.0000;0.0000;0.0000;0.9396;0;1.000;81.00;253.00;Базовый
2026-08-12T04:57:21.452;214.340;668;2;LOCK;1306.0317;863.3414;1306.8770;862.9022;-0.8453;0.4392;0.9526;0.9967;0;1.000;89.00;253.00;Базовый
2026-08-12T04:57:21.738;214.625;669;1;LOCK;1248.4934;908.1498;1248.3496;908.2203;0.0000;0.0000;0.0000;0.9396;0;1.000;81.00;254.00;Базовый
2026-08-12T04:57:21.738;214.625;669;2;LOCK;1306.0317;863.3414;1306.8770;862.9022;-0.8453;0.4392;0.9526;0.9967;0;1.000;89.00;253.00;Базовый
2026-08-12T04:57:22.047;214.934;670;1;LOCK;1248.4934;908.1498;1248.3496;908.2203;0.0000;0.0000;0.0000;0.9406;0;1.000;81.00;254.00;Базовый
2026-08-12T04:57:22.047;214.934;670;2;LOCK;1306.0317;863.3414;1306.8770;862.9022;-0.8453;0.4392;0.9526;0.9967;0;1.000;89.00;253.00;Базовый
2026-08-12T04:57:22.335;215.222;671;1;LOCK;1248.4934;908.1498;1248.3496;908.2203;0.0000;0.0000;0.0000;0.9406;0;1.000;82.00;254.00;Базовый
2026-08-12T04:57:22.335;215.222;671;2;LOCK;1306.0317;863.3414;1306.8770;862.9022;-0.8453;0.4392;0.9526;0.9457;0;1.000;89.00;253.00;Базовый
2026-08-12T04:57:22.618;215.506;672;1;LOCK;1248.4934;908.1498;1248.3496;908.2203;0.0000;0.0000;0.0000;0.9406;0;1.000;82.00;254.00;Базовый
2026-08-12T04:57:22.618;215.506;672;2;LOCK;1306.0317;863.3414;1306.8770;862.9022;-0.8453;0.4392;0.9526;0.9457;0;1.000;89.00;253.00;Базовый
2026-08-12T04:57:22.899;215.786;673;1;LOCK;1248.4934;908.1498;1248.3496;908.2203;0.0000;0.0000;0.0000;0.9406;0;1.000;83.00;253.88;Базовый
2026-08-12T04:57:22.899;215.786;673;2;LOCK;1306.0317;863.3414;1306.8770;862.9022;-0.8453;0.4392;0.9526;0.9465;0;1.000;89.00;253.00;Базовый
2026-08-12T04:57:23.193;216.081;674;1;LOCK;1248.4934;908.1498;1248.3496;908.2203;0.0000;0.0000;0.0000;0.9948;0;1.000;84.00;253.00;Базовый
2026-08-12T04:57:23.193;216.081;674;2;LOCK;1306.0317;863.3414;1306.8770;862.9022;-0.8453;0.4392;0.9526;0.9959;0;1.000;92.00;252.00;Базовый
2026-08-12T04:57:23.483;216.371;675;1;LOCK;1248.4934;908.1498;1248.3496;908.2203;0.0000;0.0000;0.0000;0.9948;0;1.000;84.00;253.00;Базовый
2026-08-12T04:57:23.483;216.371;675;2;LOCK;1306.0317;863.3414;1306.8770;862.9022;-0.8453;0.4392;0.9526;0.9959;0;1.000;92.00;252.00;Базовый
2026-08-12T04:57:23.770;216.657;676;1;LOCK;1248.4934;908.1498;1248.3496;908.2203;0.0000;0.0000;0.0000;0.9948;0;1.000;84.00;253.00;Базовый
2026-08-12T04:57:23.770;216.657;676;2;LOCK;1306.0317;863.3414;1306.8770;862.9022;-0.8453;0.4392;0.9526;0.9959;0;1.000;92.00;252.00;Базовый
2026-08-12T04:57:24.065;216.952;677;1;LOCK;1248.4934;908.1498;1248.3496;908.2203;0.0000;0.0000;0.0000;0.9948;0;1.000;84.00;254.00;Базовый
2026-08-12T04:57:24.065;216.952;677;2;LOCK;1306.0317;863.3414;1306.8770;862.9022;-0.8453;0.4392;0.9526;0.9959;0;1.000;92.00;252.00;Базовый
2026-08-12T04:57:24.347;217.234;678;1;LOCK;1248.4934;908.1498;1248.3496;908.2203;0.0000;0.0000;0.0000;0.9948;0;1.000;86.00;254.00;Базовый
2026-08-12T04:57:24.347;217.234;678;2;LOCK;1306.0317;863.3414;1306.8770;862.9022;-0.8453;0.4392;0.9526;0.9959;0;1.000;92.00;252.00;Базовый
2026-08-12T04:57:24.637;217.525;679;1;LOCK;1248.4934;908.1498;1248.3496;908.2203;0.0000;0.0000;0.0000;0.9409;0;1.000;82.00;254.00;Базовый
2026-08-12T04:57:24.637;217.525;679;2;LOCK;1306.0317;863.3414;1306.8770;862.9022;-0.8453;0.4392;0.9526;0.8962;0;1.000;92.00;252.44;Базовый
2026-08-12T04:57:24.926;217.814;680;1;LOCK;1248.4934;908.1498;1248.3496;908.2203;0.0000;0.0000;0.0000;0.9409;0;1.000;82.00;254.00;Базовый
2026-08-12T04:57:24.926;217.814;680;2;LOCK;1306.0317;863.3414;1306.8770;862.9022;-0.8453;0.4392;0.9526;0.8962;0;1.000;92.00;252.44;Базовый
2026-08-12T04:57:25.212;218.100;681;1;LOCK;1248.4934;908.1498;1248.3496;908.2203;0.0000;0.0000;0.0000;0.9945;0;1.000;81.00;254.00;Базовый
2026-08-12T04:57:25.212;218.100;681;2;LOCK;1306.0317;863.3414;1306.8770;862.9022;-0.8453;0.4392;0.9526;0.9965;0;1.000;89.00;252.92;Базовый
2026-08-12T04:57:25.498;218.386;682;1;LOCK;1248.4934;908.1498;1248.3496;908.2203;0.0000;0.0000;0.0000;0.9947;0;1.000;81.00;253.00;Базовый
2026-08-12T04:57:25.498;218.386;682;2;LOCK;1306.0317;863.3414;1306.8770;862.9022;-0.8453;0.4392;0.9526;0.9965;0;1.000;89.00;252.92;Базовый
2026-08-12T04:57:25.787;218.674;683;1;LOCK;1248.4934;908.1498;1248.3496;908.2203;0.0000;0.0000;0.0000;0.9599;0;1.000;81.00;253.00;Базовый
2026-08-12T04:57:25.787;218.674;683;2;LOCK;1306.0317;863.3414;1306.8770;862.9022;-0.8453;0.4392;0.9526;0.9425;0;1.000;92.00;252.00;Базовый
2026-08-12T04:57:26.078;218.965;684;1;LOCK;1248.4934;908.1498;1248.3496;908.2203;0.0000;0.0000;0.0000;0.9599;0;1.000;81.00;253.00;Базовый
2026-08-12T04:57:26.078;218.965;684;2;LOCK;1306.0317;863.3414;1306.8770;862.9022;-0.8453;0.4392;0.9526;0.9963;0;1.000;92.00;252.00;Базовый
2026-08-12T04:57:26.368;219.255;685;1;LOCK;1248.4934;908.1498;1248.3496;908.2203;0.0000;0.0000;0.0000;0.9599;0;1.000;81.00;253.00;Базовый
2026-08-12T04:57:26.368;219.255;685;2;LOCK;1306.0317;863.3414;1306.8770;862.9022;-0.8453;0.4392;0.9526;0.9963;0;1.000;92.00;252.00;Базовый
2026-08-12T04:57:26.653;219.540;686;1;LOCK;1248.4934;908.1498;1248.3496;908.2203;0.0000;0.0000;0.0000;0.9599;0;1.000;81.00;253.00;Базовый
2026-08-12T04:57:26.653;219.540;686;2;LOCK;1306.0317;863.3414;1306.8770;862.9022;-0.8453;0.4392;0.9526;0.9962;0;1.000;92.00;251.44;Базовый
2026-08-12T04:57:26.937;219.825;687;1;LOCK;1248.4934;908.1498;1248.3496;908.2203;0.0000;0.0000;0.0000;0.9599;0;1.000;81.00;253.00;Базовый
2026-08-12T04:57:26.937;219.825;687;2;LOCK;1306.0317;863.3414;1306.8770;862.9022;-0.8453;0.4392;0.9526;0.9964;0;1.000;92.00;252.00;Базовый
2026-08-12T04:57:27.236;220.123;688;1;LOCK;1248.4934;908.1498;1248.3496;908.2203;0.0000;0.0000;0.0000;0.9608;0;1.000;81.00;254.00;Базовый
2026-08-12T04:57:27.236;220.123;688;2;LOCK;1306.0317;863.3414;1306.8770;862.9022;-0.8453;0.4392;0.9526;0.9966;0;1.000;91.00;253.00;Базовый
2026-08-12T04:57:27.518;220.405;689;1;LOCK;1248.4934;908.1498;1248.3496;908.2203;0.0000;0.0000;0.0000;0.9955;0;1.000;81.00;253.00;Базовый
2026-08-12T04:57:27.518;220.405;689;2;LOCK;1306.0317;863.3414;1306.8770;862.9022;-0.8453;0.4392;0.9526;0.9966;0;1.000;91.00;253.00;Базовый
2026-08-12T04:57:27.806;220.694;690;1;LOCK;1248.4934;908.1498;1248.3496;908.2203;0.0000;0.0000;0.0000;0.9955;0;1.000;81.00;253.00;Базовый
2026-08-12T04:57:27.806;220.694;690;2;LOCK;1306.0317;863.3414;1306.8770;862.9022;-0.8453;0.4392;0.9526;0.9966;0;1.000;91.00;253.00;Базовый
2026-08-12T04:57:28.094;220.982;691;1;LOCK;1248.4934;908.1498;1248.3496;908.2203;0.0000;0.0000;0.0000;0.9955;0;1.000;81.00;253.00;Базовый
2026-08-12T04:57:28.094;220.982;691;2;LOCK;1306.0317;863.3414;1306.8770;862.9022;-0.8453;0.4392;0.9526;0.9966;0;1.000;91.00;253.00;Базовый
2026-08-12T04:57:28.397;221.285;692;1;LOCK;1248.4934;908.1498;1248.3496;908.2203;0.0000;0.0000;0.0000;0.9948;0;1.000;83.00;253.00;Базовый
2026-08-12T04:57:28.397;221.285;692;2;LOCK;1306.0317;863.3414;1306.8770;862.9022;-0.8453;0.4392;0.9526;0.9966;0;1.000;91.00;253.00;Базовый
2026-08-12T04:57:28.690;221.577;693;1;LOCK;1248.4934;908.1498;1248.3496;908.2203;0.0000;0.0000;0.0000;0.9948;0;1.000;83.00;253.00;Базовый
2026-08-12T04:57:28.690;221.577;693;2;LOCK;1306.0317;863.3414;1306.8770;862.9022;-0.8453;0.4392;0.9526;0.9966;0;1.000;91.00;253.00;Базовый
2026-08-12T04:57:28.985;221.873;694;1;LOCK;1248.4934;908.1498;1248.3496;908.2203;0.0000;0.0000;0.0000;0.9844;0;1.000;82.00;253.04;Базовый
2026-08-12T04:57:28.985;221.873;694;2;LOCK;1306.0317;863.3414;1306.8770;862.9022;-0.8453;0.4392;0.9526;0.9680;0;1.000;89.00;252.92;Базовый
2026-08-12T04:57:29.277;222.165;695;1;LOCK;1248.4934;908.1498;1248.3496;908.2203;0.0000;0.0000;0.0000;0.9221;0;1.000;82.00;254.00;Базовый
2026-08-12T04:57:29.277;222.165;695;2;LOCK;1306.0317;863.3414;1306.8770;862.9022;-0.8453;0.4392;0.9526;0.9266;0;1.000;89.00;252.00;Базовый
2026-08-12T04:57:29.564;222.451;696;1;LOCK;1248.4934;908.1498;1248.3496;908.2203;0.0000;0.0000;0.0000;0.9947;0;1.000;80.00;254.00;Базовый
2026-08-12T04:57:29.564;222.451;696;2;LOCK;1306.0317;863.3414;1306.8770;862.9022;-0.8453;0.4392;0.9526;0.9213;0;1.000;88.00;254.00;Базовый
2026-08-12T04:57:29.846;222.734;697;1;LOCK;1248.4934;908.1498;1248.3496;908.2203;0.0000;0.0000;0.0000;0.9360;0;1.000;80.00;254.00;Базовый
2026-08-12T04:57:29.846;222.734;697;2;LOCK;1306.0317;863.3414;1306.8770;862.9022;-0.8453;0.4392;0.9526;0.9213;0;1.000;89.00;254.00;Базовый
2026-08-12T04:57:30.129;223.016;698;1;LOCK;1248.4934;908.1498;1248.3496;908.2203;0.0000;0.0000;0.0000;0.9249;0;1.000;80.00;255.00;Базовый
2026-08-12T04:57:30.129;223.016;698;2;LOCK;1306.0317;863.3414;1306.8770;862.9022;-0.8453;0.4392;0.9526;0.9241;0;1.000;91.00;253.60;Базовый
2026-08-12T04:57:30.412;223.300;699;1;LOCK;1248.4934;908.1498;1248.3496;908.2203;0.0000;0.0000;0.0000;0.9250;0;1.000;81.00;255.00;Базовый
2026-08-12T04:57:30.412;223.300;699;2;LOCK;1306.0317;863.3414;1306.8770;862.9022;-0.8453;0.4392;0.9526;0.9241;0;1.000;91.00;253.60;Базовый
2026-08-12T04:57:30.702;223.590;700;1;LOCK;1248.4934;908.1498;1248.3496;908.2203;0.0000;0.0000;0.0000;0.9250;0;1.000;81.00;255.00;Базовый
2026-08-12T04:57:30.702;223.590;700;2;LOCK;1306.0317;863.3414;1306.8770;862.9022;-0.8453;0.4392;0.9526;0.9241;0;1.000;91.00;253.60;Базовый
2026-08-12T04:57:30.984;223.872;701;1;LOCK;1248.4934;908.1498;1248.3496;908.2203;0.0000;0.0000;0.0000;0.9209;0;1.000;82.00;253.00;Базовый
2026-08-12T04:57:30.984;223.872;701;2;LOCK;1306.0317;863.3414;1306.8770;862.9022;-0.8453;0.4392;0.9526;0.9968;0;1.000;94.00;253.00;Базовый
2026-08-12T04:57:31.278;224.165;702;1;LOCK;1248.4934;908.1498;1248.3496;908.2203;0.0000;0.0000;0.0000;0.9309;0;1.000;82.00;253.00;Базовый
2026-08-12T04:57:31.278;224.165;702;2;LOCK;1306.0317;863.3414;1306.8770;862.9022;-0.8453;0.4392;0.9526;0.9969;0;1.000;94.00;253.00;Базовый
2026-08-12T04:57:31.584;224.471;703;1;LOCK;1248.4934;908.1498;1248.3496;908.2203;0.0000;0.0000;0.0000;0.9307;0;1.000;85.00;253.00;Базовый
2026-08-12T04:57:31.584;224.471;703;2;LOCK;1306.0317;863.3414;1306.8770;862.9022;-0.8453;0.4392;0.9526;0.9969;0;1.000;94.00;253.00;Базовый
2026-08-12T04:57:31.865;224.752;704;1;LOCK;1248.4934;908.1498;1248.3496;908.2203;0.0000;0.0000;0.0000;0.9478;0;1.000;81.00;254.00;Базовый
2026-08-12T04:57:31.865;224.752;704;2;LOCK;1306.0317;863.3414;1306.8770;862.9022;-0.8453;0.4392;0.9526;0.9460;0;1.000;94.00;254.00;Базовый
2026-08-12T04:57:32.152;225.040;705;1;LOCK;1248.4934;908.1498;1248.3496;908.2203;0.0000;0.0000;0.0000;0.9478;0;1.000;81.00;254.00;Базовый
2026-08-12T04:57:32.152;225.040;705;2;LOCK;1306.0317;863.3414;1306.8770;862.9022;-0.8453;0.4392;0.9526;0.9460;0;1.000;94.00;254.00;Базовый
2026-08-12T04:57:32.441;225.328;706;1;LOCK;1248.4934;908.1498;1248.3496;908.2203;0.0000;0.0000;0.0000;0.9441;0;1.000;82.00;253.00;Базовый
2026-08-12T04:57:32.441;225.328;706;2;LOCK;1306.0317;863.3414;1306.8770;862.9022;-0.8453;0.4392;0.9526;0.9460;0;1.000;94.00;254.00;Базовый
2026-08-12T04:57:32.736;225.624;707;1;LOCK;1248.4934;908.1498;1248.3496;908.2203;0.0000;0.0000;0.0000;0.9478;0;1.000;81.00;253.00;Базовый
2026-08-12T04:57:32.736;225.624;707;2;LOCK;1306.0317;863.3414;1306.8770;862.9022;-0.8453;0.4392;0.9526;0.9432;0;1.000;94.00;254.00;Базовый
2026-08-12T04:57:33.035;225.922;708;1;LOCK;1248.4934;908.1498;1248.3496;908.2203;0.0000;0.0000;0.0000;0.9947;0;1.000;80.00;253.00;Базовый
2026-08-12T04:57:33.035;225.922;708;2;LOCK;1306.0317;863.3414;1306.8770;862.9022;-0.8453;0.4392;0.9526;0.9514;0;1.000;87.00;252.00;Базовый
2026-08-12T04:57:33.324;226.212;709;1;LOCK;1248.4934;908.1498;1248.3496;908.2203;0.0000;0.0000;0.0000;0.9718;0;1.000;80.00;254.00;Базовый
2026-08-12T04:57:33.324;226.212;709;2;LOCK;1306.0317;863.3414;1306.8770;862.9022;-0.8453;0.4392;0.9526;0.9227;0;1.000;87.00;253.24;Базовый
2026-08-12T04:57:33.632;226.519;710;1;LOCK;1248.4934;908.1498;1248.3496;908.2203;0.0000;0.0000;0.0000;0.9718;0;1.000;82.00;254.00;Базовый
2026-08-12T04:57:33.632;226.519;710;2;LOCK;1306.0317;863.3414;1306.8770;862.9022;-0.8453;0.4392;0.9526;0.9542;0;1.000;89.00;253.00;Базовый
2026-08-12T04:57:33.929;226.816;711;1;LOCK;1248.4934;908.1498;1248.3496;908.2203;0.0000;0.0000;0.0000;0.9717;0;1.000;85.00;253.56;Базовый
2026-08-12T04:57:33.929;226.816;711;2;LOCK;1306.0317;863.3414;1306.8770;862.9022;-0.8453;0.4392;0.9526;0.9514;0;1.000;87.00;254.00;Базовый
2026-08-12T04:57:34.224;227.112;712;1;LOCK;1248.4934;908.1498;1248.3496;908.2203;0.0000;0.0000;0.0000;0.9717;0;1.000;85.00;253.56;Базовый
2026-08-12T04:57:34.224;227.112;712;2;LOCK;1306.0317;863.3414;1306.8770;862.9022;-0.8453;0.4392;0.9526;0.9514;0;1.000;87.00;254.00;Базовый
2026-08-12T04:57:34.529;227.416;713;1;LOCK;1248.4934;908.1498;1248.3496;908.2203;0.0000;0.0000;0.0000;0.9717;0;1.000;85.00;253.56;Базовый
2026-08-12T04:57:34.529;227.416;713;2;LOCK;1306.0317;863.3414;1306.8770;862.9022;-0.8453;0.4392;0.9526;0.9514;0;1.000;87.00;254.00;Базовый
2026-08-12T04:57:34.829;227.716;714;1;LOCK;1248.4934;908.1498;1248.3496;908.2203;0.0000;0.0000;0.0000;0.9718;0;1.000;80.00;254.00;Базовый
2026-08-12T04:57:34.829;227.716;714;2;LOCK;1306.0317;863.3414;1306.8770;862.9022;-0.8453;0.4392;0.9526;0.9514;0;1.000;87.00;254.00;Базовый
2026-08-12T04:57:35.129;228.017;715;1;LOCK;1248.4934;908.1498;1248.3496;908.2203;0.0000;0.0000;0.0000;0.9276;0;1.000;81.00;253.00;Базовый
2026-08-12T04:57:35.129;228.017;715;2;LOCK;1306.0317;863.3414;1306.8770;862.9022;-0.8453;0.4392;0.9526;0.9968;0;1.000;89.00;253.00;Базовый
2026-08-12T04:57:35.429;228.316;716;1;LOCK;1248.4934;908.1498;1248.3496;908.2203;0.0000;0.0000;0.0000;0.9945;0;1.000;82.00;253.00;Базовый
2026-08-12T04:57:35.429;228.316;716;2;LOCK;1306.0317;863.3414;1306.8770;862.9022;-0.8453;0.4392;0.9526;0.9965;0;1.000;89.00;253.00;Базовый
2026-08-12T04:57:35.728;228.616;717;1;LOCK;1248.4934;908.1498;1248.3496;908.2203;0.0000;0.0000;0.0000;0.8940;0;1.000;82.00;254.00;Базовый
2026-08-12T04:57:35.728;228.616;717;2;LOCK;1306.0317;863.3414;1306.8770;862.9022;-0.8453;0.4392;0.9526;0.9965;0;1.000;89.00;253.00;Базовый
2026-08-12T04:57:36.030;228.918;718;1;LOCK;1248.4934;908.1498;1248.3496;908.2203;0.0000;0.0000;0.0000;0.8940;0;1.000;82.00;254.00;Базовый
2026-08-12T04:57:36.030;228.918;718;2;LOCK;1306.0317;863.3414;1306.8770;862.9022;-0.8453;0.4392;0.9526;0.9965;0;1.000;89.00;253.00;Базовый
2026-08-12T04:57:36.333;229.221;719;1;LOCK;1248.4934;908.1498;1248.3496;908.2203;0.0000;0.0000;0.0000;0.8940;0;1.000;82.00;254.00;Базовый
2026-08-12T04:57:36.333;229.221;719;2;LOCK;1306.0317;863.3414;1306.8770;862.9022;-0.8453;0.4392;0.9526;0.9966;0;1.000;89.00;253.00;Базовый
2026-08-12T04:57:36.641;229.528;720;1;LOCK;1248.4934;908.1498;1248.3496;908.2203;0.0000;0.0000;0.0000;0.8939;0;1.000;81.00;254.00;Базовый
2026-08-12T04:57:36.641;229.528;720;2;LOCK;1306.0317;863.3414;1306.8770;862.9022;-0.8453;0.4392;0.9526;0.9966;0;1.000;89.00;253.00;Базовый
2026-08-12T04:57:36.946;229.833;721;1;LOCK;1248.4934;908.1498;1248.3496;908.2203;0.0000;0.0000;0.0000;0.9462;0;1.000;82.00;254.00;Базовый
2026-08-12T04:57:36.946;229.833;721;2;LOCK;1306.0317;863.3414;1306.8770;862.9022;-0.8453;0.4392;0.9526;0.9397;0;1.000;88.00;254.00;Базовый
2026-08-12T04:57:37.240;230.128;722;1;LOCK;1248.4934;908.1498;1248.3496;908.2203;0.0000;0.0000;0.0000;0.9947;0;1.000;82.00;253.00;Базовый
2026-08-12T04:57:37.240;230.128;722;2;LOCK;1306.0317;863.3414;1306.8770;862.9022;-0.8453;0.4392;0.9526;0.9335;0;1.000;88.00;254.00;Базовый
2026-08-12T04:57:37.542;230.430;723;1;LOCK;1248.4934;908.1498;1248.3496;908.2203;0.0000;0.0000;0.0000;0.9858;0;1.000;82.00;255.00;Базовый
2026-08-12T04:57:37.542;230.430;723;2;LOCK;1306.0317;863.3414;1306.8770;862.9022;-0.8453;0.4392;0.9526;0.9335;0;1.000;88.00;254.00;Базовый
2026-08-12T04:57:37.844;230.731;724;1;LOCK;1248.4934;908.1498;1248.3496;908.2203;0.0000;0.0000;0.0000;0.9858;0;1.000;82.00;255.00;Базовый
2026-08-12T04:57:37.844;230.731;724;2;LOCK;1306.0317;863.3414;1306.8770;862.9022;-0.8453;0.4392;0.9526;0.9217;0;1.000;88.00;254.00;Базовый
2026-08-12T04:57:38.140;231.027;725;1;LOCK;1248.4934;908.1498;1248.3496;908.2203;0.0000;0.0000;0.0000;0.9669;0;1.000;82.00;254.00;Базовый
2026-08-12T04:57:38.140;231.027;725;2;LOCK;1306.0317;863.3414;1306.8770;862.9022;-0.8453;0.4392;0.9526;0.9217;0;1.000;88.00;254.00;Базовый
2026-08-12T04:57:38.445;231.332;726;1;LOCK;1248.4934;908.1498;1248.3496;908.2203;0.0000;0.0000;0.0000;0.9669;0;1.000;82.00;254.00;Базовый
2026-08-12T04:57:38.445;231.332;726;2;LOCK;1306.0317;863.3414;1306.8770;862.9022;-0.8453;0.4392;0.9526;0.9217;0;1.000;88.00;254.00;Базовый
2026-08-12T04:57:38.743;231.630;727;1;LOCK;1248.4934;908.1498;1248.3496;908.2203;0.0000;0.0000;0.0000;0.9669;0;1.000;81.00;254.00;Базовый
2026-08-12T04:57:38.743;231.630;727;2;LOCK;1306.0317;863.3414;1306.8770;862.9022;-0.8453;0.4392;0.9526;0.9217;0;1.000;88.00;254.00;Базовый
2026-08-12T04:57:39.050;231.938;728;1;LOCK;1248.4934;908.1498;1248.3496;908.2203;0.0000;0.0000;0.0000;0.9328;0;1.000;84.00;253.00;Базовый
2026-08-12T04:57:39.050;231.938;728;2;LOCK;1306.0317;863.3414;1306.8770;862.9022;-0.8453;0.4392;0.9526;0.9964;0;1.000;87.00;252.24;Базовый
2026-08-12T04:57:39.356;232.243;729;1;LOCK;1248.4934;908.1498;1248.3496;908.2203;0.0000;0.0000;0.0000;0.9156;0;1.000;84.00;254.00;Базовый
2026-08-12T04:57:39.356;232.243;729;2;LOCK;1306.0317;863.3414;1306.8770;862.9022;-0.8453;0.4392;0.9526;0.9349;0;1.000;87.00;254.00;Базовый
2026-08-12T04:57:39.680;232.567;730;1;LOCK;1248.4934;908.1498;1248.3496;908.2203;0.0000;0.0000;0.0000;0.9526;0;1.000;83.00;253.00;Базовый
2026-08-12T04:57:39.680;232.567;730;2;LOCK;1306.0317;863.3414;1306.8770;862.9022;-0.8453;0.4392;0.9526;0.9457;0;1.000;87.00;253.00;Базовый
2026-08-12T04:57:39.966;232.854;731;1;LOCK;1248.4934;908.1498;1248.3496;908.2203;0.0000;0.0000;0.0000;0.9526;0;1.000;83.00;253.00;Базовый
2026-08-12T04:57:39.966;232.854;731;2;LOCK;1306.0317;863.3414;1306.8770;862.9022;-0.8453;0.4392;0.9526;0.9504;0;1.000;87.00;253.00;Базовый
2026-08-12T04:57:40.288;233.175;732;1;LOCK;1248.4934;908.1498;1248.3496;908.2203;0.0000;0.0000;0.0000;0.9526;0;1.000;83.00;253.00;Базовый
2026-08-12T04:57:40.288;233.175;732;2;LOCK;1306.0317;863.3414;1306.8770;862.9022;-0.8453;0.4392;0.9526;0.9504;0;1.000;87.00;253.00;Базовый
2026-08-12T04:57:40.588;233.475;733;1;LOCK;1248.4934;908.1498;1248.3496;908.2203;0.0000;0.0000;0.0000;0.9526;0;1.000;83.00;253.00;Базовый
2026-08-12T04:57:40.588;233.475;733;2;LOCK;1306.0317;863.3414;1306.8770;862.9022;-0.8453;0.4392;0.9526;0.9940;0;1.000;87.00;253.00;Базовый
2026-08-12T04:57:40.878;233.766;734;1;LOCK;1248.4934;908.1498;1248.3496;908.2203;0.0000;0.0000;0.0000;0.9526;0;1.000;83.00;253.00;Базовый
2026-08-12T04:57:40.878;233.766;734;2;LOCK;1306.0317;863.3414;1306.8770;862.9022;-0.8453;0.4392;0.9526;0.9940;0;1.000;87.00;253.00;Базовый
2026-08-12T04:57:41.181;234.069;735;1;LOCK;1248.4934;908.1498;1248.3496;908.2203;0.0000;0.0000;0.0000;0.9948;0;1.000;81.00;252.00;Базовый
2026-08-12T04:57:41.181;234.069;735;2;LOCK;1306.0317;863.3414;1306.8770;862.9022;-0.8453;0.4392;0.9526;0.9582;0;1.000;86.00;254.00;Базовый
2026-08-12T04:57:41.480;234.368;736;1;LOCK;1248.4934;908.1498;1248.3496;908.2203;0.0000;0.0000;0.0000;0.9247;0;1.000;81.00;252.00;Базовый
2026-08-12T04:57:41.480;234.368;736;2;LOCK;1306.0317;863.3414;1306.8770;862.9022;-0.8453;0.4392;0.9526;0.9357;0;1.000;86.00;253.00;Базовый
2026-08-12T04:57:41.815;234.702;737;1;LOCK;1248.4934;908.1498;1248.3496;908.2203;0.0000;0.0000;0.0000;0.9949;0;1.000;81.00;253.00;Базовый
2026-08-12T04:57:41.815;234.702;737;2;LOCK;1306.0317;863.3414;1306.8770;862.9022;-0.8453;0.4392;0.9526;0.9967;0;1.000;86.00;253.00;Базовый
2026-08-12T04:57:42.113;235.000;738;1;LOCK;1248.4934;908.1498;1248.3496;908.2203;0.0000;0.0000;0.0000;0.9949;0;1.000;81.00;253.00;Базовый
2026-08-12T04:57:42.113;235.000;738;2;LOCK;1306.0317;863.3414;1306.8770;862.9022;-0.8453;0.4392;0.9526;0.9967;0;1.000;86.00;253.00;Базовый
2026-08-12T04:57:42.428;235.315;739;1;LOCK;1248.4934;908.1498;1248.3496;908.2203;0.0000;0.0000;0.0000;0.9949;0;1.000;81.00;253.00;Базовый
2026-08-12T04:57:42.428;235.315;739;2;LOCK;1306.0317;863.3414;1306.8770;862.9022;-0.8453;0.4392;0.9526;0.9967;0;1.000;86.00;253.00;Базовый
2026-08-12T04:57:42.720;235.607;740;1;LOCK;1248.4934;908.1498;1248.3496;908.2203;0.0000;0.0000;0.0000;0.9949;0;1.000;81.00;253.00;Базовый
2026-08-12T04:57:42.720;235.607;740;2;LOCK;1306.0317;863.3414;1306.8770;862.9022;-0.8453;0.4392;0.9526;0.9967;0;1.000;86.00;253.00;Базовый
2026-08-12T04:57:43.021;235.908;741;1;LOCK;1248.4934;908.1498;1248.3496;908.2203;0.0000;0.0000;0.0000;0.9942;0;1.000;82.00;254.00;Базовый
2026-08-12T04:57:43.021;235.908;741;2;LOCK;1306.0317;863.3414;1306.8770;862.9022;-0.8453;0.4392;0.9526;0.9584;0;1.000;87.00;254.00;Базовый
2026-08-12T04:57:43.310;236.198;742;1;LOCK;1248.4934;908.1498;1248.3496;908.2203;0.0000;0.0000;0.0000;0.9677;0;1.000;82.00;254.00;Базовый
2026-08-12T04:57:43.310;236.198;742;2;LOCK;1306.0317;863.3414;1306.8770;862.9022;-0.8453;0.4392;0.9526;0.9335;0;1.000;87.00;254.00;Базовый
2026-08-12T04:57:43.595;236.482;743;1;LOCK;1248.4934;908.1498;1248.3496;908.2203;0.0000;0.0000;0.0000;0.9942;0;1.000;82.00;254.00;Базовый
2026-08-12T04:57:43.595;236.482;743;2;LOCK;1306.0317;863.3414;1306.8770;862.9022;-0.8453;0.4392;0.9526;0.9335;0;1.000;87.00;254.00;Базовый
2026-08-12T04:57:43.884;236.771;744;1;LOCK;1248.4934;908.1498;1248.3496;908.2203;0.0000;0.0000;0.0000;0.9942;0;1.000;82.00;254.00;Базовый
2026-08-12T04:57:43.884;236.771;744;2;LOCK;1306.0317;863.3414;1306.8770;862.9022;-0.8453;0.4392;0.9526;0.9335;0;1.000;87.00;254.00;Базовый
2026-08-12T04:57:44.174;237.061;745;1;LOCK;1248.4934;908.1498;1248.3496;908.2203;0.0000;0.0000;0.0000;0.9944;0;1.000;82.00;254.00;Базовый
2026-08-12T04:57:44.174;237.061;745;2;LOCK;1306.0317;863.3414;1306.8770;862.9022;-0.8453;0.4392;0.9526;0.9335;0;1.000;87.00;254.00;Базовый
2026-08-12T04:57:44.461;237.348;746;1;LOCK;1248.4934;908.1498;1248.3496;908.2203;0.0000;0.0000;0.0000;0.9944;0;1.000;82.00;254.00;Базовый
2026-08-12T04:57:44.461;237.348;746;2;LOCK;1306.0317;863.3414;1306.8770;862.9022;-0.8453;0.4392;0.9526;0.9335;0;1.000;87.00;254.00;Базовый
2026-08-12T04:57:44.757;237.645;747;1;LOCK;1248.4934;908.1498;1248.3496;908.2203;0.0000;0.0000;0.0000;0.9944;0;1.000;82.00;254.00;Базовый
2026-08-12T04:57:44.757;237.645;747;2;LOCK;1306.0317;863.3414;1306.8770;862.9022;-0.8453;0.4392;0.9526;0.9335;0;1.000;87.00;254.00;Базовый
2026-08-12T04:57:45.051;237.938;748;1;LOCK;1248.4934;908.1498;1248.3496;908.2203;0.0000;0.0000;0.0000;0.9578;0;1.000;81.00;253.00;Базовый
2026-08-12T04:57:45.051;237.938;748;2;LOCK;1306.0317;863.3414;1306.8770;862.9022;-0.8453;0.4392;0.9526;0.9313;0;1.000;87.00;252.00;Базовый
2026-08-12T04:57:45.342;238.230;749;1;LOCK;1248.4934;908.1498;1248.3496;908.2203;0.0000;0.0000;0.0000;0.9699;0;1.000;81.00;253.00;Базовый
2026-08-12T04:57:45.342;238.230;749;2;LOCK;1306.0317;863.3414;1306.8770;862.9022;-0.8453;0.4392;0.9526;0.9780;0;1.000;87.00;252.00;Базовый
2026-08-12T04:57:45.636;238.523;750;1;LOCK;1248.4934;908.1498;1248.3496;908.2203;0.0000;0.0000;0.0000;0.9944;0;1.000;81.00;253.00;Базовый
2026-08-12T04:57:45.636;238.523;750;2;LOCK;1306.0317;863.3414;1306.8770;862.9022;-0.8453;0.4392;0.9526;0.9763;0;1.000;87.00;253.00;Базовый
