timestamp;elapsed_s;record_frame;peak_id;state;x_px;y_px;confidence;missed_frames;search_scale;area_px;threshold;preset
2026-08-10T12:59:03.877;0.234;1;1;HOLD;1252.5052;913.1299;0.9552;3;1.102;55.00;202.52;Базовый
2026-08-10T12:59:03.877;0.234;1;2;LOCK;1309.3923;867.9650;1.0000;0;1.000;51.00;205.72;Базовый
2026-08-10T12:59:04.382;0.738;2;1;LOCK;1252.4789;913.1202;0.9993;0;1.000;54.00;209.68;Базовый
2026-08-10T12:59:04.382;0.738;2;2;LOCK;1309.3932;867.9521;0.9999;0;1.000;52.00;203.84;Базовый
2026-08-10T12:59:04.668;1.025;3;1;HOLD;1252.4789;913.1202;0.9550;3;1.102;54.00;209.68;Базовый
2026-08-10T12:59:04.668;1.025;3;2;LOCK;1309.3977;867.9120;0.9999;0;1.000;52.00;204.00;Базовый
2026-08-10T12:59:04.943;1.300;4;1;HOLD;1252.4525;913.1081;0.9843;1;1.034;54.00;209.68;Базовый
2026-08-10T12:59:04.943;1.300;4;2;LOCK;1309.5416;868.6234;0.9976;0;1.000;69.00;204.68;Базовый
2026-08-10T12:59:05.227;1.583;5;1;HOLD;1252.4525;913.1081;0.9550;3;1.102;54.00;209.68;Базовый
2026-08-10T12:59:05.227;1.583;5;2;LOCK;1309.6769;869.3037;0.9976;0;1.000;69.00;204.68;Базовый
2026-08-10T12:59:05.535;1.891;6;1;HOLD;1252.4392;913.0909;0.9840;1;1.034;53.00;210.00;Базовый
2026-08-10T12:59:05.535;1.891;6;2;LOCK;1309.6346;869.1167;0.9999;0;1.000;51.00;205.68;Базовый
2026-08-10T12:59:05.824;2.181;7;1;LOCK;1252.4294;913.0753;0.9990;0;1.000;53.00;210.00;Базовый
2026-08-10T12:59:05.824;2.181;7;2;LOCK;1309.5134;868.5479;0.9999;0;1.000;51.00;205.00;Базовый
2026-08-10T12:59:06.107;2.464;8;1;HOLD;1252.4294;913.0753;0.9547;3;1.102;53.00;210.00;Базовый
2026-08-10T12:59:06.107;2.464;8;2;LOCK;1309.4009;868.0107;0.9999;0;1.000;51.00;205.00;Базовый
2026-08-10T12:59:06.394;2.750;9;1;LOCK;1252.4097;913.0345;0.9995;0;1.000;53.00;203.48;Базовый
2026-08-10T12:59:06.394;2.750;9;2;LOCK;1309.3399;867.7153;0.9999;0;1.000;51.00;205.00;Базовый
2026-08-10T12:59:06.671;3.027;10;1;LOCK;1252.4006;913.0133;0.9995;0;1.000;53.00;203.48;Базовый
2026-08-10T12:59:06.671;3.027;10;2;LOCK;1309.3293;867.6614;0.9999;0;1.000;51.00;205.00;Базовый
2026-08-10T12:59:06.949;3.306;11;1;LOCK;1252.3962;913.0005;0.9995;0;1.000;53.00;203.48;Базовый
2026-08-10T12:59:06.949;3.306;11;2;LOCK;1309.3364;867.6906;0.9999;0;1.000;51.00;205.00;Базовый
2026-08-10T12:59:07.234;3.591;12;1;HOLD;1252.3957;912.9960;0.9845;1;1.034;53.00;203.48;Базовый
2026-08-10T12:59:07.234;3.591;12;2;LOCK;1309.3630;867.8120;0.9999;0;1.000;51.00;205.00;Базовый
2026-08-10T12:59:07.514;3.871;13;1;HOLD;1252.3957;912.9960;0.9552;3;1.102;53.00;203.48;Базовый
2026-08-10T12:59:07.514;3.871;13;2;LOCK;1309.3874;867.8747;0.9999;0;1.000;52.00;205.36;Базовый
2026-08-10T12:59:07.790;4.147;14;1;LOCK;1252.3921;913.0019;0.9997;0;1.000;56.00;202.96;Базовый
2026-08-10T12:59:07.790;4.147;14;2;LOCK;1309.4071;867.9201;0.9999;0;1.000;52.00;205.36;Базовый
2026-08-10T12:59:08.089;4.446;15;1;LOCK;1252.3771;913.0016;0.9997;0;1.000;56.00;203.80;Базовый
2026-08-10T12:59:08.089;4.446;15;2;LOCK;1309.4234;867.9502;0.9999;0;1.000;52.00;205.36;Базовый
2026-08-10T12:59:08.375;4.732;16;1;LOCK;1252.3701;913.0016;0.9997;0;1.000;56.00;203.80;Базовый
2026-08-10T12:59:08.375;4.732;16;2;LOCK;1309.4256;867.9488;0.9999;0;1.000;52.00;204.68;Базовый
2026-08-10T12:59:08.656;5.013;17;1;LOCK;1252.3663;913.0018;0.9997;0;1.000;56.00;203.80;Базовый
2026-08-10T12:59:08.656;5.013;17;2;LOCK;1309.4222;867.9385;0.9999;0;1.000;52.00;204.68;Базовый
2026-08-10T12:59:08.948;5.304;18;1;LOCK;1252.3654;913.0019;0.9997;0;1.000;56.00;203.80;Базовый
2026-08-10T12:59:08.948;5.304;18;2;LOCK;1309.4193;867.9315;0.9999;0;1.000;52.00;204.68;Базовый
2026-08-10T12:59:09.247;5.604;19;1;LOCK;1252.3654;913.0019;0.9997;0;1.000;56.00;203.80;Базовый
2026-08-10T12:59:09.247;5.604;19;2;LOCK;1309.4193;867.9315;0.9999;0;1.000;52.00;204.68;Базовый
2026-08-10T12:59:09.532;5.889;20;1;LOCK;1252.3654;913.0019;0.9997;0;1.000;56.00;203.80;Базовый
2026-08-10T12:59:09.532;5.889;20;2;LOCK;1309.4193;867.9315;0.9999;0;1.000;52.00;204.68;Базовый
2026-08-10T12:59:09.829;6.186;21;1;LOCK;1252.3654;913.0019;0.9997;0;1.000;56.00;203.80;Базовый
2026-08-10T12:59:09.829;6.186;21;2;LOCK;1309.4193;867.9315;0.9999;0;1.000;52.00;204.68;Базовый
2026-08-10T12:59:10.130;6.487;22;1;LOCK;1252.3654;913.0019;0.9997;0;1.000;56.00;203.80;Базовый
2026-08-10T12:59:10.130;6.487;22;2;LOCK;1309.4193;867.9315;0.9999;0;1.000;52.00;204.68;Базовый
2026-08-10T12:59:10.427;6.784;23;1;LOCK;1252.3654;913.0019;0.9997;0;1.000;56.00;203.80;Базовый
2026-08-10T12:59:10.427;6.784;23;2;LOCK;1309.4193;867.9315;0.9999;0;1.000;52.00;204.68;Базовый
2026-08-10T12:59:10.734;7.091;24;1;HOLD;1252.3654;913.0019;0.9553;3;1.102;56.00;203.80;Базовый
2026-08-10T12:59:10.734;7.091;24;2;LOCK;1309.3943;867.9459;1.0000;0;1.000;51.00;206.00;Базовый
2026-08-10T12:59:11.024;7.381;25;1;LOCK;1252.3713;913.0093;0.9988;0;1.000;55.00;210.52;Базовый
2026-08-10T12:59:11.024;7.381;25;2;LOCK;1309.3894;867.9363;0.9999;0;1.000;52.00;206.00;Базовый
2026-08-10T12:59:11.303;7.660;26;1;HOLD;1252.3713;913.0093;0.9691;2;1.068;55.00;210.52;Базовый
2026-08-10T12:59:11.303;7.660;26;2;LOCK;1309.3815;867.9291;1.0000;0;1.000;51.00;205.32;Базовый
2026-08-10T12:59:11.595;7.952;27;1;LOCK;1252.3919;913.0217;0.9997;0;1.000;56.00;210.68;Базовый
2026-08-10T12:59:11.595;7.952;27;2;LOCK;1309.3825;867.9091;0.9999;0;1.000;52.00;205.36;Базовый
2026-08-10T12:59:11.889;8.246;28;1;HOLD;1252.3919;913.0217;0.9699;2;1.068;56.00;210.68;Базовый
2026-08-10T12:59:11.889;8.246;28;2;LOCK;1309.3871;867.8913;0.9999;0;1.000;52.00;205.36;Базовый
2026-08-10T12:59:12.186;8.543;29;1;HOLD;1252.3919;913.0217;0.9553;3;1.102;56.00;210.68;Базовый
2026-08-10T12:59:12.186;8.543;29;2;LOCK;1309.3899;867.8843;0.9999;0;1.000;52.00;205.36;Базовый
2026-08-10T12:59:12.469;8.826;30;1;LOCK;1252.4113;913.0324;0.9997;0;1.000;56.00;210.52;Базовый
2026-08-10T12:59:12.469;8.826;30;2;LOCK;1309.3927;867.8789;0.9999;0;1.000;52.00;205.36;Базовый
2026-08-10T12:59:12.751;9.108;31;1;HOLD;1252.4113;913.0324;0.9847;1;1.034;56.00;210.52;Базовый
2026-08-10T12:59:12.751;9.108;31;2;LOCK;1309.3955;867.8751;0.9999;0;1.000;52.00;205.36;Базовый
2026-08-10T12:59:13.043;9.399;32;1;HOLD;1252.4113;913.0324;0.9847;1;1.034;56.00;210.52;Базовый
2026-08-10T12:59:13.043;9.399;32;2;LOCK;1309.3955;867.8751;0.9999;0;1.000;52.00;205.36;Базовый
2026-08-10T12:59:13.332;9.689;33;1;HOLD;1252.4113;913.0324;0.9847;1;1.034;56.00;210.52;Базовый
2026-08-10T12:59:13.332;9.689;33;2;LOCK;1309.3955;867.8751;0.9999;0;1.000;52.00;205.36;Базовый
2026-08-10T12:59:13.628;9.985;34;1;HOLD;1252.4113;913.0324;0.9847;1;1.034;56.00;210.52;Базовый
2026-08-10T12:59:13.628;9.985;34;2;LOCK;1309.3955;867.8751;0.9999;0;1.000;52.00;205.36;Базовый
2026-08-10T12:59:13.914;10.271;35;1;HOLD;1252.4113;913.0324;0.9847;1;1.034;56.00;210.52;Базовый
2026-08-10T12:59:13.914;10.271;35;2;LOCK;1309.3955;867.8751;0.9999;0;1.000;52.00;205.36;Базовый
2026-08-10T12:59:14.211;10.568;36;1;HOLD;1252.4113;913.0324;0.9847;1;1.034;56.00;210.52;Базовый
2026-08-10T12:59:14.211;10.568;36;2;LOCK;1309.3955;867.8751;0.9999;0;1.000;52.00;205.36;Базовый
2026-08-10T12:59:14.515;10.872;37;1;HOLD;1252.4113;913.0324;0.9847;1;1.034;56.00;210.52;Базовый
2026-08-10T12:59:14.515;10.872;37;2;LOCK;1309.3955;867.8751;0.9999;0;1.000;52.00;205.36;Базовый
2026-08-10T12:59:14.809;11.166;38;1;HOLD;1252.4113;913.0324;0.9847;1;1.034;56.00;210.52;Базовый
2026-08-10T12:59:14.809;11.166;38;2;LOCK;1309.3955;867.8751;0.9999;0;1.000;52.00;205.36;Базовый
2026-08-10T12:59:15.102;11.459;39;1;HOLD;1252.4113;913.0324;0.9847;1;1.034;56.00;210.52;Базовый
2026-08-10T12:59:15.102;11.459;39;2;LOCK;1309.3955;867.8751;0.9999;0;1.000;52.00;205.36;Базовый
2026-08-10T12:59:15.393;11.750;40;1;HOLD;1252.4113;913.0324;0.9847;1;1.034;56.00;210.52;Базовый
2026-08-10T12:59:15.393;11.750;40;2;LOCK;1309.3955;867.8751;0.9999;0;1.000;52.00;205.36;Базовый
2026-08-10T12:59:15.692;12.049;41;1;HOLD;1252.4113;913.0324;0.9847;1;1.034;56.00;210.52;Базовый
2026-08-10T12:59:15.692;12.049;41;2;LOCK;1309.3955;867.8751;0.9999;0;1.000;52.00;205.36;Базовый
2026-08-10T12:59:15.985;12.342;42;1;HOLD;1252.4113;913.0324;0.9847;1;1.034;56.00;210.52;Базовый
2026-08-10T12:59:15.985;12.342;42;2;LOCK;1309.3955;867.8751;0.9999;0;1.000;52.00;205.36;Базовый
2026-08-10T12:59:16.286;12.643;43;1;HOLD;1252.4113;913.0324;0.9699;2;1.068;56.00;210.52;Базовый
2026-08-10T12:59:16.286;12.643;43;2;LOCK;1309.4670;868.2238;0.9969;0;1.000;68.00;204.88;Базовый
2026-08-10T12:59:16.583;12.940;44;1;HOLD;1252.4113;913.0324;0.9699;2;1.068;56.00;210.52;Базовый
2026-08-10T12:59:16.583;12.940;44;2;LOCK;1309.4670;868.2238;0.9969;0;1.000;68.00;204.88;Базовый
2026-08-10T12:59:16.866;13.223;45;1;HOLD;1252.4113;913.0324;0.9699;2;1.068;56.00;210.52;Базовый
2026-08-10T12:59:16.866;13.223;45;2;LOCK;1309.4670;868.2238;0.9969;0;1.000;68.00;204.88;Базовый
2026-08-10T12:59:17.157;13.514;46;1;HOLD;1252.4113;913.0324;0.9699;2;1.068;56.00;210.52;Базовый
2026-08-10T12:59:17.157;13.514;46;2;LOCK;1309.4670;868.2238;0.9969;0;1.000;68.00;204.88;Базовый
2026-08-10T12:59:17.445;13.802;47;1;HOLD;1252.4113;913.0324;0.9699;2;1.068;56.00;210.52;Базовый
2026-08-10T12:59:17.445;13.802;47;2;LOCK;1309.4670;868.2238;0.9969;0;1.000;68.00;204.88;Базовый
2026-08-10T12:59:17.731;14.088;48;1;HOLD;1252.4113;913.0324;0.9699;2;1.068;56.00;210.52;Базовый
2026-08-10T12:59:17.731;14.088;48;2;LOCK;1309.4670;868.2238;0.9969;0;1.000;68.00;204.88;Базовый
2026-08-10T12:59:18.016;14.373;49;1;HOLD;1252.4113;913.0324;0.9699;2;1.068;56.00;210.52;Базовый
2026-08-10T12:59:18.016;14.373;49;2;LOCK;1309.4670;868.2238;0.9969;0;1.000;68.00;204.88;Базовый
2026-08-10T12:59:18.306;14.663;50;1;HOLD;1252.4113;913.0324;0.9699;2;1.068;56.00;210.52;Базовый
2026-08-10T12:59:18.306;14.663;50;2;LOCK;1309.4670;868.2238;0.9969;0;1.000;68.00;204.88;Базовый
2026-08-10T12:59:18.590;14.947;51;1;HOLD;1252.4113;913.0324;0.9553;3;1.102;56.00;210.52;Базовый
2026-08-10T12:59:18.590;14.947;51;2;LOCK;1309.4730;868.2400;0.9999;0;1.000;52.00;204.88;Базовый
2026-08-10T12:59:18.887;15.244;52;1;HOLD;1252.4113;913.0324;0.9553;3;1.102;56.00;210.52;Базовый
2026-08-10T12:59:18.887;15.244;52;2;LOCK;1309.4730;868.2400;0.9999;0;1.000;52.00;204.88;Базовый
2026-08-10T12:59:19.175;15.532;53;1;HOLD;1252.4176;913.0218;0.9697;2;1.068;52.00;209.72;Базовый
2026-08-10T12:59:19.175;15.532;53;2;LOCK;1309.4634;868.1719;0.9999;0;1.000;52.00;205.36;Базовый
2026-08-10T12:59:19.468;15.825;54;1;HOLD;1252.4176;913.0218;0.9552;3;1.102;52.00;209.72;Базовый
2026-08-10T12:59:19.468;15.825;54;2;LOCK;1309.4545;868.1253;0.9999;0;1.000;52.00;205.36;Базовый
2026-08-10T12:59:19.763;16.120;55;1;LOCK;1252.4106;913.0278;0.9997;0;1.000;54.00;209.72;Базовый
2026-08-10T12:59:19.763;16.120;55;2;LOCK;1309.4447;868.0749;0.9999;0;1.000;52.00;205.36;Базовый
2026-08-10T12:59:20.066;16.423;56;1;LOCK;1252.4125;913.0368;0.9995;0;1.000;55.00;203.32;Базовый
2026-08-10T12:59:20.066;16.423;56;2;LOCK;1309.4129;867.9721;1.0000;0;1.000;51.00;206.04;Базовый
2026-08-10T12:59:20.351;16.708;57;1;HOLD;1252.4125;913.0368;0.9552;3;1.102;55.00;203.32;Базовый
2026-08-10T12:59:20.351;16.708;57;2;LOCK;1309.3886;867.9185;1.0000;0;1.000;51.00;205.20;Базовый
2026-08-10T12:59:20.659;17.016;58;1;HOLD;1252.4166;913.0489;0.9699;2;1.068;55.00;209.40;Базовый
2026-08-10T12:59:20.659;17.016;58;2;LOCK;1309.3794;867.9123;1.0000;0;1.000;51.00;205.20;Базовый
2026-08-10T12:59:20.941;17.298;59;1;LOCK;1252.4204;913.0598;0.9997;0;1.000;55.00;209.56;Базовый
2026-08-10T12:59:20.941;17.298;59;2;LOCK;1309.3801;867.9245;1.0000;0;1.000;51.00;205.20;Базовый
2026-08-10T12:59:21.228;17.585;60;1;HOLD;1252.4204;913.0598;0.9553;3;1.102;55.00;209.56;Базовый
2026-08-10T12:59:21.228;17.585;60;2;LOCK;1309.3867;867.9505;1.0000;0;1.000;51.00;205.36;Базовый
2026-08-10T12:59:21.519;17.876;61;1;LOCK;1252.4235;913.0687;0.9997;0;1.000;55.00;209.40;Базовый
2026-08-10T12:59:21.519;17.876;61;2;LOCK;1309.3894;867.9586;1.0000;0;1.000;51.00;205.36;Базовый
2026-08-10T12:59:21.823;18.180;62;1;LOCK;1252.4387;913.0711;0.9997;0;1.000;56.00;203.16;Базовый
2026-08-10T12:59:21.823;18.180;62;2;LOCK;1309.3910;867.9776;1.0000;0;1.000;51.00;205.88;Базовый
2026-08-10T12:59:22.113;18.470;63;1;LOCK;1252.4702;913.0612;0.9997;0;1.000;56.00;203.16;Базовый
2026-08-10T12:59:22.113;18.470;63;2;LOCK;1309.3907;867.9847;1.0000;0;1.000;51.00;205.88;Базовый
2026-08-10T12:59:22.398;18.755;64;1;LOCK;1252.4892;913.0514;0.9997;0;1.000;56.00;203.16;Базовый
2026-08-10T12:59:22.398;18.755;64;2;LOCK;1309.3898;867.9825;1.0000;0;1.000;51.00;205.20;Базовый
2026-08-10T12:59:22.681;19.037;65;1;LOCK;1252.4935;913.0470;0.9997;0;1.000;56.00;203.32;Базовый
2026-08-10T12:59:22.681;19.037;65;2;LOCK;1309.3894;867.9790;1.0000;0;1.000;51.00;205.20;Базовый
2026-08-10T12:59:22.984;19.341;66;1;LOCK;1252.4905;913.0445;0.9997;0;1.000;56.00;203.32;Базовый
2026-08-10T12:59:22.984;19.341;66;2;LOCK;1309.3896;867.9734;1.0000;0;1.000;51.00;205.20;Базовый
2026-08-10T12:59:23.286;19.643;67;1;LOCK;1252.4828;913.0455;0.9997;0;1.000;56.00;203.32;Базовый
2026-08-10T12:59:23.286;19.643;67;2;LOCK;1309.3900;867.9697;1.0000;0;1.000;51.00;205.52;Базовый
2026-08-10T12:59:23.584;19.941;68;1;HOLD;1252.4828;913.0455;0.9553;3;1.102;56.00;203.32;Базовый
2026-08-10T12:59:23.584;19.941;68;2;LOCK;1309.3944;867.9294;0.9999;0;1.000;52.00;205.20;Базовый
2026-08-10T12:59:23.879;20.236;69;1;HOLD;1252.4693;913.0464;0.9695;2;1.068;55.00;209.52;Базовый
2026-08-10T12:59:23.879;20.236;69;2;LOCK;1309.3959;867.8988;0.9999;0;1.000;52.00;205.36;Базовый
2026-08-10T12:59:24.175;20.532;70;1;LOCK;1252.4570;913.0475;0.9993;0;1.000;55.00;209.52;Базовый
2026-08-10T12:59:24.175;20.532;70;2;LOCK;1309.3967;867.8884;0.9999;0;1.000;52.00;205.36;Базовый
2026-08-10T12:59:24.454;20.811;71;1;HOLD;1252.4570;913.0475;0.9550;3;1.102;55.00;209.52;Базовый
2026-08-10T12:59:24.454;20.811;71;2;LOCK;1309.3990;867.8858;0.9999;0;1.000;52.00;204.52;Базовый
2026-08-10T12:59:24.736;21.093;72;1;HOLD;1252.4466;913.0483;0.9843;1;1.034;55.00;209.36;Базовый
2026-08-10T12:59:24.736;21.093;72;2;LOCK;1309.4004;867.8904;0.9999;0;1.000;52.00;204.52;Базовый
2026-08-10T12:59:25.028;21.384;73;1;LOCK;1252.4380;913.0509;0.9995;0;1.000;55.00;210.20;Базовый
2026-08-10T12:59:25.028;21.384;73;2;LOCK;1309.4017;867.9000;0.9999;0;1.000;52.00;204.68;Базовый
2026-08-10T12:59:25.317;21.674;74;1;HOLD;1252.4380;913.0509;0.9552;3;1.102;55.00;210.20;Базовый
2026-08-10T12:59:25.317;21.674;74;2;LOCK;1309.4022;867.9079;0.9999;0;1.000;52.00;204.68;Базовый
2026-08-10T12:59:25.597;21.953;75;1;HOLD;1252.4216;913.0550;0.9844;1;1.034;54.00;208.72;Базовый
2026-08-10T12:59:25.597;21.953;75;2;LOCK;1309.3950;867.9399;1.0000;0;1.000;51.00;204.36;Базовый
2026-08-10T12:59:25.878;22.235;76;1;HOLD;1252.4216;913.0550;0.9551;3;1.102;54.00;208.72;Базовый
2026-08-10T12:59:25.878;22.235;76;2;LOCK;1309.3893;867.9688;1.0000;0;1.000;51.00;204.36;Базовый
2026-08-10T12:59:26.169;22.526;77;1;HOLD;1252.4074;913.0587;0.9696;2;1.068;54.00;208.88;Базовый
2026-08-10T12:59:26.169;22.526;77;2;LOCK;1309.3801;867.9959;1.0000;0;1.000;51.00;204.36;Базовый
2026-08-10T12:59:26.457;22.814;78;1;HOLD;1252.3960;913.0615;0.9844;1;1.034;54.00;208.56;Базовый
2026-08-10T12:59:26.457;22.814;78;2;LOCK;1309.3758;868.0023;1.0000;0;1.000;51.00;204.20;Базовый
2026-08-10T12:59:26.746;23.103;79;1;LOCK;1252.3872;913.0637;0.9994;0;1.000;54.00;208.72;Базовый
2026-08-10T12:59:26.746;23.103;79;2;LOCK;1309.3758;867.9956;1.0000;0;1.000;51.00;204.20;Базовый
2026-08-10T12:59:27.027;23.384;80;1;HOLD;1252.3872;913.0637;0.9696;2;1.068;54.00;208.72;Базовый
2026-08-10T12:59:27.027;23.384;80;2;LOCK;1309.3771;867.9883;1.0000;0;1.000;51.00;204.20;Базовый
2026-08-10T12:59:27.312;23.669;81;1;HOLD;1252.3807;913.0653;0.9844;1;1.034;54.00;208.88;Базовый
2026-08-10T12:59:27.312;23.669;81;2;LOCK;1309.3793;867.9779;1.0000;0;1.000;51.00;204.20;Базовый
2026-08-10T12:59:27.604;23.961;82;1;LOCK;1252.3742;913.0653;0.9993;0;1.000;54.00;209.56;Базовый
2026-08-10T12:59:27.604;23.961;82;2;LOCK;1309.3893;867.9648;1.0000;0;1.000;51.00;205.68;Базовый
2026-08-10T12:59:27.895;24.252;83;1;HOLD;1252.3742;913.0653;0.9550;3;1.102;54.00;209.56;Базовый
2026-08-10T12:59:27.895;24.252;83;2;LOCK;1309.4022;867.9143;0.9999;0;1.000;52.00;205.68;Базовый
2026-08-10T12:59:28.177;24.534;84;1;HOLD;1252.3694;913.0648;0.9695;2;1.068;54.00;209.72;Базовый
2026-08-10T12:59:28.177;24.534;84;2;LOCK;1309.4012;867.8787;0.9999;0;1.000;52.00;205.68;Базовый
2026-08-10T12:59:28.463;24.820;85;1;HOLD;1252.3660;913.0641;0.9843;1;1.034;54.00;209.72;Базовый
2026-08-10T12:59:28.463;24.820;85;2;LOCK;1309.3947;867.8668;0.9999;0;1.000;52.00;205.68;Базовый
2026-08-10T12:59:28.746;25.103;86;1;HOLD;1252.3660;913.0641;0.9695;2;1.068;54.00;209.72;Базовый
2026-08-10T12:59:28.746;25.103;86;2;LOCK;1309.3926;867.8671;0.9999;0;1.000;52.00;205.68;Базовый
2026-08-10T12:59:29.039;25.395;87;1;HOLD;1252.3660;913.0641;0.9695;2;1.068;54.00;209.72;Базовый
2026-08-10T12:59:29.039;25.395;87;2;LOCK;1309.3926;867.8671;0.9999;0;1.000;52.00;205.68;Базовый
2026-08-10T12:59:29.315;25.672;88;1;LOCK;1252.3634;913.0636;0.9993;0;1.000;54.00;209.72;Базовый
2026-08-10T12:59:29.315;25.672;88;2;LOCK;1309.3943;867.8710;0.9999;0;1.000;52.00;206.36;Базовый
2026-08-10T12:59:29.603;25.960;89;1;HOLD;1252.3634;913.0636;0.9550;3;1.102;54.00;209.72;Базовый
2026-08-10T12:59:29.603;25.960;89;2;LOCK;1309.3872;867.9239;1.0000;0;1.000;51.00;205.20;Базовый
2026-08-10T12:59:29.893;26.250;90;1;HOLD;1252.3853;913.0653;0.9695;2;1.068;56.00;208.56;Базовый
2026-08-10T12:59:29.893;26.250;90;2;LOCK;1309.3820;867.9666;1.0000;0;1.000;51.00;205.20;Базовый
2026-08-10T12:59:30.186;26.543;91;1;HOLD;1252.4066;913.0669;0.9843;1;1.034;56.00;208.56;Базовый
2026-08-10T12:59:30.186;26.543;91;2;LOCK;1309.3799;867.9864;1.0000;0;1.000;51.00;205.04;Базовый
2026-08-10T12:59:30.462;26.819;92;1;LOCK;1252.4251;913.0683;0.9993;0;1.000;56.00;208.56;Базовый
2026-08-10T12:59:30.462;26.819;92;2;LOCK;1309.3802;867.9861;1.0000;0;1.000;51.00;205.04;Базовый
2026-08-10T12:59:30.749;27.106;93;1;HOLD;1252.4251;913.0683;0.9843;1;1.034;56.00;208.56;Базовый
2026-08-10T12:59:30.749;27.106;93;2;LOCK;1309.3807;867.9832;1.0000;0;1.000;51.00;205.04;Базовый
2026-08-10T12:59:31.028;27.385;94;1;HOLD;1252.4251;913.0683;0.9550;3;1.102;56.00;208.56;Базовый
2026-08-10T12:59:31.028;27.385;94;2;LOCK;1309.3822;867.9759;1.0000;0;1.000;51.00;205.20;Базовый
2026-08-10T12:59:31.310;27.667;95;1;HOLD;1252.4403;913.0695;0.9843;1;1.034;56.00;208.56;Базовый
2026-08-10T12:59:31.310;27.667;95;2;LOCK;1309.3839;867.9681;1.0000;0;1.000;51.00;205.20;Базовый
2026-08-10T12:59:31.590;27.947;96;1;HOLD;1252.4403;913.0695;0.9550;3;1.102;56.00;208.56;Базовый
2026-08-10T12:59:31.590;27.947;96;2;LOCK;1309.3871;867.9636;1.0000;0;1.000;51.00;205.36;Базовый
2026-08-10T12:59:31.869;28.226;97;1;HOLD;1252.4380;913.0661;0.9845;1;1.034;55.00;210.04;Базовый
2026-08-10T12:59:31.869;28.226;97;2;LOCK;1309.3896;867.9613;1.0000;0;1.000;51.00;205.36;Базовый
2026-08-10T12:59:32.157;28.513;98;1;LOCK;1252.4335;913.0625;0.9995;0;1.000;55.00;209.88;Базовый
2026-08-10T12:59:32.157;28.513;98;2;LOCK;1309.3917;867.9611;1.0000;0;1.000;51.00;205.36;Базовый
2026-08-10T12:59:32.445;28.802;99;1;HOLD;1252.4335;913.0625;0.9845;1;1.034;55.00;209.88;Базовый
2026-08-10T12:59:32.445;28.802;99;2;LOCK;1309.3919;867.9617;1.0000;0;1.000;51.00;205.36;Базовый
2026-08-10T12:59:32.745;29.101;100;1;HOLD;1252.4335;913.0625;0.9697;2;1.068;55.00;209.88;Базовый
2026-08-10T12:59:32.745;29.101;100;2;LOCK;1309.3922;867.9628;1.0000;0;1.000;51.00;205.36;Базовый
2026-08-10T12:59:33.033;29.390;101;1;HOLD;1252.4282;913.0591;0.9845;1;1.034;55.00;210.04;Базовый
2026-08-10T12:59:33.033;29.390;101;2;LOCK;1309.3912;867.9659;1.0000;0;1.000;51.00;205.36;Базовый
2026-08-10T12:59:33.320;29.677;102;1;HOLD;1252.4282;913.0591;0.9697;2;1.068;55.00;210.04;Базовый
2026-08-10T12:59:33.320;29.677;102;2;LOCK;1309.3908;867.9669;1.0000;0;1.000;51.00;205.36;Базовый
2026-08-10T12:59:33.609;29.965;103;1;HOLD;1252.4282;913.0591;0.9552;3;1.102;55.00;210.04;Базовый
2026-08-10T12:59:33.609;29.965;103;2;LOCK;1309.3903;867.9676;1.0000;0;1.000;51.00;205.36;Базовый
2026-08-10T12:59:33.895;30.252;104;1;LOCK;1252.4112;913.0575;0.9988;0;1.000;54.00;209.36;Базовый
2026-08-10T12:59:33.895;30.252;104;2;LOCK;1309.3898;867.9524;0.9999;0;1.000;52.00;205.84;Базовый
2026-08-10T12:59:34.172;30.529;105;1;HOLD;1252.4112;913.0575;0.9691;2;1.068;54.00;209.36;Базовый
2026-08-10T12:59:34.172;30.529;105;2;LOCK;1309.3887;867.9205;0.9999;0;1.000;52.00;205.16;Базовый
2026-08-10T12:59:34.459;30.816;106;1;HOLD;1252.4029;913.0464;0.9843;1;1.034;53.00;208.00;Базовый
2026-08-10T12:59:34.459;30.816;106;2;LOCK;1309.3873;867.8822;0.9999;0;1.000;52.00;204.32;Базовый
2026-08-10T12:59:34.746;31.103;107;1;HOLD;1252.4029;913.0464;0.9696;2;1.068;53.00;208.00;Базовый
2026-08-10T12:59:34.746;31.103;107;2;LOCK;1309.3871;867.8740;0.9999;0;1.000;52.00;204.32;Базовый
2026-08-10T12:59:35.027;31.384;108;1;HOLD;1252.4029;913.0464;0.9550;3;1.102;53.00;208.00;Базовый
2026-08-10T12:59:35.027;31.384;108;2;LOCK;1309.3870;867.8678;0.9999;0;1.000;52.00;205.00;Базовый
2026-08-10T12:59:35.316;31.673;109;1;HOLD;1252.4029;913.0464;0.9550;3;1.102;53.00;208.00;Базовый
2026-08-10T12:59:35.316;31.673;109;2;LOCK;1309.3870;867.8678;0.9999;0;1.000;52.00;205.00;Базовый
2026-08-10T12:59:35.601;31.958;110;1;HOLD;1252.4029;913.0464;0.9550;3;1.102;53.00;208.00;Базовый
2026-08-10T12:59:35.601;31.958;110;2;LOCK;1309.3870;867.8678;0.9999;0;1.000;52.00;205.00;Базовый
2026-08-10T12:59:35.889;32.246;111;1;HOLD;1252.4029;913.0464;0.9550;3;1.102;53.00;208.00;Базовый
2026-08-10T12:59:35.889;32.246;111;2;LOCK;1309.3870;867.8678;0.9999;0;1.000;52.00;205.00;Базовый
2026-08-10T12:59:36.175;32.532;112;1;HOLD;1252.4029;913.0464;0.9550;3;1.102;53.00;208.00;Базовый
2026-08-10T12:59:36.175;32.532;112;2;LOCK;1309.3870;867.8678;0.9999;0;1.000;52.00;205.00;Базовый
2026-08-10T12:59:36.461;32.818;113;1;HOLD;1252.4029;913.0464;0.9550;3;1.102;53.00;208.00;Базовый
2026-08-10T12:59:36.461;32.818;113;2;LOCK;1309.3870;867.8678;0.9999;0;1.000;52.00;205.00;Базовый
2026-08-10T12:59:36.747;33.104;114;1;HOLD;1252.4029;913.0464;0.9550;3;1.102;53.00;208.00;Базовый
2026-08-10T12:59:36.747;33.104;114;2;LOCK;1309.3870;867.8678;0.9999;0;1.000;52.00;205.00;Базовый
2026-08-10T12:59:37.035;33.391;115;1;HOLD;1252.4029;913.0464;0.9550;3;1.102;53.00;208.00;Базовый
2026-08-10T12:59:37.035;33.391;115;2;LOCK;1309.3870;867.8678;0.9999;0;1.000;52.00;205.00;Базовый
2026-08-10T12:59:37.357;33.714;116;1;LOCK;1252.3946;913.0361;0.9988;0;1.000;53.00;209.52;Базовый
2026-08-10T12:59:37.357;33.714;116;2;LOCK;1309.3870;867.8640;0.9999;0;1.000;52.00;205.00;Базовый
2026-08-10T12:59:37.641;33.998;117;1;HOLD;1252.3946;913.0361;0.9839;1;1.034;53.00;209.52;Базовый
2026-08-10T12:59:37.641;33.998;117;2;LOCK;1309.4518;868.1984;0.9976;0;1.000;69.00;202.64;Базовый
2026-08-10T12:59:37.930;34.287;118;1;HOLD;1252.3946;913.0361;0.9839;1;1.034;53.00;209.52;Базовый
2026-08-10T12:59:37.930;34.287;118;2;LOCK;1309.4518;868.1984;0.9976;0;1.000;69.00;202.64;Базовый
2026-08-10T12:59:38.225;34.581;119;1;HOLD;1252.3946;913.0361;0.9839;1;1.034;53.00;209.52;Базовый
2026-08-10T12:59:38.225;34.581;119;2;LOCK;1309.4518;868.1984;0.9976;0;1.000;69.00;202.64;Базовый
2026-08-10T12:59:38.518;34.875;120;1;HOLD;1252.3946;913.0361;0.9839;1;1.034;53.00;209.52;Базовый
2026-08-10T12:59:38.518;34.875;120;2;LOCK;1309.4518;868.1984;0.9976;0;1.000;69.00;202.64;Базовый
2026-08-10T12:59:38.811;35.168;121;1;LOCK;1252.4008;913.0256;0.9995;0;1.000;54.00;209.52;Базовый
2026-08-10T12:59:38.811;35.168;121;2;LOCK;1309.4581;868.1806;0.9999;0;1.000;52.00;205.68;Базовый
2026-08-10T12:59:39.104;35.461;122;1;HOLD;1252.4008;913.0256;0.9845;1;1.034;54.00;209.52;Базовый
2026-08-10T12:59:39.104;35.461;122;2;LOCK;1309.4536;868.1435;0.9999;0;1.000;52.00;205.52;Базовый
2026-08-10T12:59:39.390;35.747;123;1;HOLD;1252.4008;913.0256;0.9845;1;1.034;54.00;209.52;Базовый
2026-08-10T12:59:39.390;35.747;123;2;LOCK;1309.4536;868.1435;0.9999;0;1.000;52.00;205.52;Базовый
2026-08-10T12:59:39.679;36.036;124;1;HOLD;1252.4008;913.0256;0.9845;1;1.034;54.00;209.52;Базовый
2026-08-10T12:59:39.679;36.036;124;2;LOCK;1309.4536;868.1435;0.9999;0;1.000;52.00;205.52;Базовый
2026-08-10T12:59:39.968;36.325;125;1;HOLD;1252.4008;913.0256;0.9552;3;1.102;54.00;209.52;Базовый
2026-08-10T12:59:39.968;36.325;125;2;LOCK;1309.4395;868.0502;0.9999;0;1.000;52.00;205.52;Базовый
2026-08-10T12:59:40.259;36.616;126;1;LOCK;1252.3942;913.0236;0.9993;0;1.000;56.00;211.16;Базовый
2026-08-10T12:59:40.259;36.616;126;2;LOCK;1309.4306;868.0016;0.9999;0;1.000;52.00;205.32;Базовый
2026-08-10T12:59:40.539;36.896;127;1;HOLD;1252.3942;913.0236;0.9695;2;1.068;56.00;211.16;Базовый
2026-08-10T12:59:40.539;36.896;127;2;LOCK;1309.4137;867.9156;0.9999;0;1.000;52.00;205.32;Базовый
2026-08-10T12:59:40.823;37.180;128;1;HOLD;1252.3942;913.0236;0.9550;3;1.102;56.00;211.16;Базовый
2026-08-10T12:59:40.823;37.180;128;2;LOCK;1309.4065;867.8817;0.9999;0;1.000;52.00;205.32;Базовый
2026-08-10T12:59:41.109;37.466;129;1;HOLD;1252.3942;913.0236;0.9550;3;1.102;56.00;211.16;Базовый
2026-08-10T12:59:41.109;37.466;129;2;LOCK;1309.4065;867.8817;0.9999;0;1.000;52.00;205.32;Базовый
2026-08-10T12:59:41.400;37.757;130;1;HOLD;1252.3942;913.0236;0.9550;3;1.102;56.00;211.16;Базовый
2026-08-10T12:59:41.400;37.757;130;2;LOCK;1309.4065;867.8817;0.9999;0;1.000;52.00;205.32;Базовый
2026-08-10T12:59:41.694;38.051;131;1;HOLD;1252.3942;913.0236;0.9550;3;1.102;56.00;211.16;Базовый
2026-08-10T12:59:41.694;38.051;131;2;LOCK;1309.4065;867.8817;0.9999;0;1.000;52.00;205.32;Базовый
2026-08-10T12:59:42.000;38.356;132;1;HOLD;1252.3711;913.0135;0.9845;1;1.034;57.00;202.12;Базовый
2026-08-10T12:59:42.000;38.356;132;2;LOCK;1309.3748;867.7767;1.0000;0;1.000;52.00;205.00;Базовый
2026-08-10T12:59:42.298;38.655;133;1;LOCK;1252.3569;913.0086;0.9995;0;1.000;57.00;211.00;Базовый
2026-08-10T12:59:42.298;38.655;133;2;LOCK;1309.3512;867.7158;1.0000;0;1.000;52.00;205.52;Базовый
2026-08-10T12:59:42.579;38.936;134;1;HOLD;1252.3569;913.0086;0.9697;2;1.068;57.00;211.00;Базовый
2026-08-10T12:59:42.579;38.936;134;2;LOCK;1309.3451;867.7080;1.0000;0;1.000;52.00;205.68;Базовый
2026-08-10T12:59:42.864;39.221;135;1;HOLD;1252.3569;913.0086;0.9552;3;1.102;57.00;211.00;Базовый
2026-08-10T12:59:42.864;39.221;135;2;LOCK;1309.3446;867.7114;1.0000;0;1.000;52.00;205.68;Базовый
2026-08-10T12:59:43.159;39.516;136;1;HOLD;1252.3569;913.0086;0.9552;3;1.102;57.00;211.00;Базовый
2026-08-10T12:59:43.159;39.516;136;2;LOCK;1309.3446;867.7114;1.0000;0;1.000;52.00;205.68;Базовый
2026-08-10T12:59:43.444;39.801;137;1;HOLD;1252.3452;913.0044;0.9845;1;1.034;57.00;210.16;Базовый
2026-08-10T12:59:43.444;39.801;137;2;LOCK;1309.3527;867.7478;0.9999;0;1.000;52.00;205.68;Базовый
2026-08-10T12:59:43.727;40.084;138;1;LOCK;1252.3365;913.0048;0.9997;0;1.000;57.00;208.80;Базовый
2026-08-10T12:59:43.727;40.084;138;2;LOCK;1309.3793;867.8380;0.9999;0;1.000;52.00;205.00;Базовый
2026-08-10T12:59:44.026;40.383;139;1;HOLD;1252.3365;913.0048;0.9553;3;1.102;57.00;208.80;Базовый
2026-08-10T12:59:44.026;40.383;139;2;LOCK;1309.3991;867.9005;0.9999;0;1.000;52.00;205.16;Базовый
2026-08-10T12:59:44.312;40.669;140;1;LOCK;1252.3501;912.9994;0.9988;0;1.000;55.00;210.32;Базовый
2026-08-10T12:59:44.312;40.669;140;2;LOCK;1309.4032;867.9123;0.9999;0;1.000;52.00;205.16;Базовый
2026-08-10T12:59:44.603;40.960;141;1;HOLD;1252.3501;912.9994;0.9839;1;1.034;55.00;210.32;Базовый
2026-08-10T12:59:44.603;40.960;141;2;LOCK;1309.4060;867.9198;0.9999;0;1.000;52.00;205.16;Базовый
2026-08-10T12:59:44.902;41.259;142;1;HOLD;1252.3501;912.9994;0.9691;2;1.068;55.00;210.32;Базовый
2026-08-10T12:59:44.902;41.259;142;2;LOCK;1309.4076;867.9232;0.9999;0;1.000;52.00;205.16;Базовый
2026-08-10T12:59:45.190;41.547;143;1;HOLD;1252.3440;913.0015;0.9841;1;1.034;57.00;210.00;Базовый
2026-08-10T12:59:45.190;41.547;143;2;LOCK;1309.4058;867.9162;0.9999;0;1.000;52.00;205.16;Базовый
2026-08-10T12:59:45.479;41.836;144;1;LOCK;1252.3518;912.9995;0.9995;0;1.000;56.00;208.88;Базовый
2026-08-10T12:59:45.479;41.836;144;2;LOCK;1309.3928;867.9503;1.0000;0;1.000;51.00;205.52;Базовый
2026-08-10T12:59:45.764;42.121;145;1;HOLD;1252.3518;912.9995;0.9552;3;1.102;56.00;208.88;Базовый
2026-08-10T12:59:45.764;42.121;145;2;LOCK;1309.3827;867.9745;1.0000;0;1.000;51.00;205.52;Базовый
2026-08-10T12:59:46.053;42.410;146;1;HOLD;1252.3596;912.9979;0.9697;2;1.068;56.00;209.56;Базовый
2026-08-10T12:59:46.053;42.410;146;2;LOCK;1309.3782;867.9834;1.0000;0;1.000;51.00;205.36;Базовый
2026-08-10T12:59:46.347;42.704;147;1;HOLD;1252.3666;912.9967;0.9845;1;1.034;56.00;209.88;Базовый
2026-08-10T12:59:46.347;42.704;147;2;LOCK;1309.3784;867.9807;1.0000;0;1.000;51.00;205.36;Базовый
2026-08-10T12:59:46.626;42.983;148;1;HOLD;1252.3666;912.9967;0.9552;3;1.102;56.00;209.88;Базовый
2026-08-10T12:59:46.626;42.983;148;2;LOCK;1309.3799;867.9759;1.0000;0;1.000;51.00;205.36;Базовый
2026-08-10T12:59:46.911;43.267;149;1;HOLD;1252.3783;913.0050;0.9697;2;1.068;55.00;209.88;Базовый
2026-08-10T12:59:46.911;43.267;149;2;LOCK;1309.3827;867.9685;1.0000;0;1.000;51.00;205.36;Базовый
2026-08-10T12:59:47.200;43.557;150;1;HOLD;1252.3886;913.0131;0.9845;1;1.034;55.00;209.88;Базовый
2026-08-10T12:59:47.200;43.557;150;2;LOCK;1309.3847;867.9638;1.0000;0;1.000;51.00;205.36;Базовый
2026-08-10T12:59:47.490;43.847;151;1;LOCK;1252.4043;913.0012;0.9995;0;1.000;54.00;209.52;Базовый
2026-08-10T12:59:47.490;43.847;151;2;LOCK;1309.3846;867.9657;1.0000;0;1.000;51.00;205.84;Базовый
2026-08-10T12:59:47.771;44.128;152;1;HOLD;1252.4043;913.0012;0.9697;2;1.068;54.00;209.52;Базовый
2026-08-10T12:59:47.771;44.128;152;2;LOCK;1309.3841;867.9676;1.0000;0;1.000;51.00;205.84;Базовый
2026-08-10T12:59:48.051;44.408;153;1;LOCK;1252.4177;912.9892;0.9995;0;1.000;54.00;210.20;Базовый
2026-08-10T12:59:48.051;44.408;153;2;LOCK;1309.3834;867.9697;1.0000;0;1.000;51.00;205.84;Базовый
2026-08-10T12:59:48.337;44.694;154;1;HOLD;1252.4177;912.9892;0.9552;3;1.102;54.00;210.20;Базовый
2026-08-10T12:59:48.337;44.694;154;2;LOCK;1309.3824;867.9720;1.0000;0;1.000;51.00;205.84;Базовый
2026-08-10T12:59:48.616;44.973;155;1;HOLD;1252.4285;912.9781;0.9845;1;1.034;54.00;209.36;Базовый
2026-08-10T12:59:48.616;44.973;155;2;LOCK;1309.3820;867.9728;1.0000;0;1.000;51.00;205.84;Базовый
2026-08-10T12:59:48.902;45.259;156;1;LOCK;1252.4367;912.9690;0.9995;0;1.000;54.00;209.52;Базовый
2026-08-10T12:59:48.902;45.259;156;2;LOCK;1309.3820;867.9725;1.0000;0;1.000;51.00;205.16;Базовый
2026-08-10T12:59:49.195;45.552;157;1;HOLD;1252.4367;912.9690;0.9552;3;1.102;54.00;209.52;Базовый
2026-08-10T12:59:49.195;45.552;157;2;LOCK;1309.3824;867.9718;1.0000;0;1.000;51.00;205.16;Базовый
2026-08-10T12:59:49.485;45.841;158;1;HOLD;1252.4347;912.9810;0.9694;2;1.068;53.00;210.84;Базовый
2026-08-10T12:59:49.485;45.841;158;2;LOCK;1309.3841;867.9519;0.9999;0;1.000;52.00;206.36;Базовый
2026-08-10T12:59:49.772;46.129;159;1;HOLD;1252.4312;912.9938;0.9841;1;1.034;53.00;210.00;Базовый
2026-08-10T12:59:49.772;46.129;159;2;LOCK;1309.3894;867.9043;0.9999;0;1.000;52.00;206.36;Базовый
2026-08-10T12:59:50.062;46.419;160;1;LOCK;1252.4275;913.0054;0.9991;0;1.000;53.00;210.00;Базовый
2026-08-10T12:59:50.062;46.419;160;2;LOCK;1309.3921;867.8745;0.9999;0;1.000;52.00;206.36;Базовый
2026-08-10T12:59:50.344;46.701;161;1;HOLD;1252.4275;913.0054;0.9548;3;1.102;53.00;210.00;Базовый
2026-08-10T12:59:50.344;46.701;161;2;LOCK;1309.3927;867.8651;0.9999;0;1.000;52.00;204.32;Базовый
2026-08-10T12:59:50.621;46.978;162;1;HOLD;1252.4129;913.0040;0.9841;1;1.034;56.00;211.00;Базовый
2026-08-10T12:59:50.621;46.978;162;2;LOCK;1309.3927;867.8679;0.9999;0;1.000;52.00;203.64;Базовый
2026-08-10T12:59:50.910;47.266;163;1;LOCK;1252.3997;913.0028;0.9995;0;1.000;56.00;211.00;Базовый
2026-08-10T12:59:50.910;47.266;163;2;LOCK;1309.3931;867.8781;0.9999;0;1.000;52.00;203.64;Базовый
2026-08-10T12:59:51.192;47.549;164;1;LOCK;1252.3609;912.9786;0.9993;0;1.000;56.00;203.12;Базовый
2026-08-10T12:59:51.192;47.549;164;2;LOCK;1309.3925;867.8884;0.9999;0;1.000;52.00;203.64;Базовый
2026-08-10T12:59:51.494;47.850;165;1;HOLD;1252.3609;912.9786;0.9550;3;1.102;56.00;203.12;Базовый
2026-08-10T12:59:51.494;47.850;165;2;LOCK;1309.3942;867.8500;0.9995;0;1.000;51.00;205.68;Базовый
2026-08-10T12:59:51.781;48.138;166;1;HOLD;1252.3686;912.9740;0.9841;1;1.034;52.00;210.04;Базовый
2026-08-10T12:59:51.781;48.138;166;2;LOCK;1309.3952;867.8264;0.9996;0;1.000;51.00;205.84;Базовый
2026-08-10T12:59:52.077;48.433;167;1;LOCK;1252.3802;912.9739;0.9995;0;1.000;52.00;210.04;Базовый
2026-08-10T12:59:52.077;48.433;167;2;LOCK;1309.3961;867.8031;0.9996;0;1.000;51.00;205.68;Базовый
2026-08-10T12:59:52.365;48.722;168;1;HOLD;1252.3802;912.9739;0.9698;2;1.068;52.00;210.04;Базовый
2026-08-10T12:59:52.365;48.722;168;2;LOCK;1309.3963;867.7972;0.9996;0;1.000;51.00;205.68;Базовый
2026-08-10T12:59:52.641;48.998;169;1;LOCK;1252.3743;912.9708;0.9993;0;1.000;56.00;209.36;Базовый
2026-08-10T12:59:52.641;48.998;169;2;LOCK;1309.5345;868.5241;0.9999;0;1.000;67.00;205.84;Базовый
2026-08-10T12:59:52.922;49.278;170;1;LOCK;1252.3767;912.9474;0.9995;0;1.000;55.00;203.80;Базовый
2026-08-10T12:59:52.922;49.278;170;2;LOCK;1309.6143;869.2219;0.9998;0;1.000;70.00;205.84;Базовый
2026-08-10T12:59:53.200;49.557;171;1;HOLD;1252.3767;912.9474;0.9697;2;1.068;55.00;203.80;Базовый
2026-08-10T12:59:53.200;49.557;171;2;LOCK;1309.5680;869.0259;0.9997;0;1.000;53.00;206.20;Базовый
2026-08-10T12:59:53.484;49.841;172;1;HOLD;1252.3772;912.9593;0.9847;1;1.034;58.00;209.84;Базовый
2026-08-10T12:59:53.484;49.841;172;2;LOCK;1309.4767;868.5060;0.9996;0;1.000;51.00;206.00;Базовый
2026-08-10T12:59:53.764;50.120;173;1;HOLD;1252.3772;912.9593;0.9553;3;1.102;58.00;209.84;Базовый
2026-08-10T12:59:53.764;50.120;173;2;LOCK;1309.4234;868.1242;0.9999;0;1.000;52.00;206.00;Базовый
2026-08-10T12:59:54.044;50.401;174;1;HOLD;1252.3774;912.9721;0.9845;1;1.034;58.00;207.80;Базовый
2026-08-10T12:59:54.044;50.401;174;2;LOCK;1309.3854;867.8271;0.9997;0;1.000;52.00;206.16;Базовый
2026-08-10T12:59:54.338;50.695;175;1;LOCK;1252.3912;912.9818;0.9988;0;1.000;57.00;210.52;Базовый
2026-08-10T12:59:54.338;50.695;175;2;LOCK;1309.3618;867.6014;0.9997;0;1.000;52.00;206.16;Базовый
2026-08-10T12:59:54.615;50.972;176;1;HOLD;1252.3912;912.9818;0.9691;2;1.068;57.00;210.52;Базовый
2026-08-10T12:59:54.615;50.972;176;2;LOCK;1309.3639;867.5826;0.9997;0;1.000;52.00;206.16;Базовый
2026-08-10T12:59:54.897;51.254;177;1;HOLD;1252.4043;912.9897;0.9839;1;1.034;57.00;209.84;Базовый
2026-08-10T12:59:54.897;51.254;177;2;LOCK;1309.3919;867.6744;0.9999;0;1.000;52.00;206.84;Базовый
2026-08-10T12:59:55.188;51.544;178;1;LOCK;1252.4026;912.9990;0.9995;0;1.000;58.00;210.52;Базовый
2026-08-10T12:59:55.188;51.544;178;2;LOCK;1309.4163;867.8095;0.9999;0;1.000;52.00;205.48;Базовый
2026-08-10T12:59:55.478;51.835;179;1;HOLD;1252.4004;913.0047;0.9698;2;1.068;58.00;202.80;Базовый
2026-08-10T12:59:55.478;51.835;179;2;LOCK;1309.4640;867.9028;0.9999;0;1.000;54.00;205.00;Базовый
2026-08-10T12:59:55.763;52.120;180;1;HOLD;1252.3988;913.0116;0.9847;1;1.034;58.00;206.84;Базовый
2026-08-10T12:59:55.763;52.120;180;2;LOCK;1309.4925;867.9380;0.9999;0;1.000;54.00;205.00;Базовый
2026-08-10T12:59:56.052;52.408;181;1;HOLD;1252.3988;913.0116;0.9553;3;1.102;58.00;206.84;Базовый
2026-08-10T12:59:56.052;52.408;181;2;LOCK;1309.4899;867.9263;0.9999;0;1.000;53.00;205.84;Базовый
2026-08-10T12:59:56.329;52.686;182;1;HOLD;1252.3971;913.0168;0.9847;1;1.034;58.00;206.84;Базовый
2026-08-10T12:59:56.329;52.686;182;2;LOCK;1309.4700;867.8931;0.9999;0;1.000;53.00;205.84;Базовый
2026-08-10T12:59:56.614;52.971;183;1;HOLD;1252.3971;913.0168;0.9553;3;1.102;58.00;206.84;Базовый
2026-08-10T12:59:56.614;52.971;183;2;LOCK;1309.4483;867.8582;0.9999;0;1.000;53.00;205.84;Базовый
2026-08-10T12:59:56.911;53.268;184;1;LOCK;1252.3877;913.0176;0.9994;0;1.000;58.00;203.48;Базовый
2026-08-10T12:59:56.911;53.268;184;2;LOCK;1309.4232;867.8187;0.9999;0;1.000;53.00;205.84;Базовый
2026-08-10T12:59:57.199;53.556;185;1;LOCK;1252.3799;913.0136;0.9994;0;1.000;58.00;203.48;Базовый
2026-08-10T12:59:57.199;53.556;185;2;LOCK;1309.4127;867.8029;0.9999;0;1.000;53.00;205.84;Базовый
2026-08-10T12:59:57.484;53.841;186;1;HOLD;1252.3799;913.0136;0.9697;2;1.068;58.00;203.48;Базовый
2026-08-10T12:59:57.484;53.841;186;2;LOCK;1309.4182;867.8043;0.9999;0;1.000;53.00;206.00;Базовый
2026-08-10T12:59:57.763;54.120;187;1;LOCK;1252.3894;913.0098;0.9995;0;1.000;55.00;210.04;Базовый
2026-08-10T12:59:57.763;54.120;187;2;LOCK;1309.4268;867.8101;0.9999;0;1.000;53.00;205.32;Базовый
2026-08-10T12:59:58.051;54.407;188;1;HOLD;1252.3894;913.0098;0.9552;3;1.102;55.00;210.04;Базовый
2026-08-10T12:59:58.051;54.407;188;2;LOCK;1309.4393;867.8220;0.9999;0;1.000;53.00;206.00;Базовый
2026-08-10T12:59:58.332;54.689;189;1;HOLD;1252.3990;913.0061;0.9845;1;1.034;55.00;209.20;Базовый
2026-08-10T12:59:58.332;54.689;189;2;LOCK;1309.4445;867.8296;0.9999;0;1.000;53.00;206.00;Базовый
2026-08-10T12:59:58.618;54.975;190;1;LOCK;1252.4076;913.0030;0.9995;0;1.000;55.00;209.20;Базовый
2026-08-10T12:59:58.618;54.975;190;2;LOCK;1309.4472;867.8360;0.9999;0;1.000;53.00;206.00;Базовый
2026-08-10T12:59:58.895;55.252;191;1;HOLD;1252.4076;913.0030;0.9845;1;1.034;55.00;209.20;Базовый
2026-08-10T12:59:58.895;55.252;191;2;LOCK;1309.4470;867.8369;0.9999;0;1.000;53.00;206.00;Базовый
2026-08-10T12:59:59.186;55.543;192;1;LOCK;1252.4147;913.0005;0.9995;0;1.000;55.00;209.20;Базовый
2026-08-10T12:59:59.186;55.543;192;2;LOCK;1309.4451;867.8354;0.9999;0;1.000;53.00;206.00;Базовый
2026-08-10T12:59:59.471;55.827;193;1;HOLD;1252.4147;913.0005;0.9845;1;1.034;55.00;209.20;Базовый
2026-08-10T12:59:59.471;55.827;193;2;LOCK;1309.4437;867.8345;0.9999;0;1.000;53.00;206.00;Базовый
2026-08-10T12:59:59.768;56.124;194;1;HOLD;1252.4147;913.0005;0.9697;2;1.068;55.00;209.20;Базовый
2026-08-10T12:59:59.768;56.124;194;2;LOCK;1309.4423;867.8335;0.9999;0;1.000;53.00;206.00;Базовый
2026-08-10T13:00:00.049;56.406;195;1;LOCK;1252.4007;912.9988;0.9995;0;1.000;57.00;210.36;Базовый
2026-08-10T13:00:00.049;56.406;195;2;LOCK;1309.4217;867.8902;1.0000;0;1.000;51.00;206.00;Базовый
2026-08-10T13:00:00.330;56.687;196;1;HOLD;1252.4007;912.9988;0.9697;2;1.068;57.00;210.36;Базовый
2026-08-10T13:00:00.330;56.687;196;2;LOCK;1309.4031;867.9444;1.0000;0;1.000;51.00;206.00;Базовый
2026-08-10T13:00:00.617;56.974;197;1;LOCK;1252.3924;913.0028;0.9995;0;1.000;56.00;210.36;Базовый
2026-08-10T13:00:00.617;56.974;197;2;LOCK;1309.3903;867.9851;1.0000;0;1.000;51.00;203.96;Базовый
2026-08-10T13:00:00.914;57.271;198;1;HOLD;1252.3924;913.0028;0.9697;2;1.068;56.00;210.36;Базовый
2026-08-10T13:00:00.914;57.271;198;2;LOCK;1309.3679;867.9906;1.0000;0;1.000;52.00;205.32;Базовый
2026-08-10T13:00:01.199;57.556;199;1;LOCK;1252.3854;913.0067;0.9995;0;1.000;56.00;210.36;Базовый
2026-08-10T13:00:01.199;57.556;199;2;LOCK;1309.3517;867.9811;1.0000;0;1.000;52.00;205.32;Базовый
2026-08-10T13:00:01.496;57.853;200;1;HOLD;1252.3854;913.0067;0.9552;3;1.102;56.00;210.36;Базовый
2026-08-10T13:00:01.496;57.853;200;2;LOCK;1309.3597;867.9325;0.9999;0;1.000;52.00;206.32;Базовый
2026-08-10T13:00:01.780;58.137;201;1;HOLD;1252.4069;912.9887;0.9696;2;1.068;52.00;209.52;Базовый
2026-08-10T13:00:01.780;58.137;201;2;LOCK;1309.3767;867.8907;0.9999;0;1.000;52.00;206.32;Базовый
2026-08-10T13:00:02.062;58.419;202;1;LOCK;1252.4141;912.9900;0.9993;0;1.000;54.00;210.20;Базовый
2026-08-10T13:00:02.062;58.419;202;2;LOCK;1309.3870;867.8745;0.9999;0;1.000;52.00;206.32;Базовый
2026-08-10T13:00:02.341;58.698;203;1;HOLD;1252.4141;912.9900;0.9696;2;1.068;54.00;210.20;Базовый
2026-08-10T13:00:02.341;58.698;203;2;LOCK;1309.3935;867.8672;0.9999;0;1.000;52.00;205.64;Базовый
2026-08-10T13:00:02.628;58.984;204;1;HOLD;1252.4141;912.9900;0.9550;3;1.102;54.00;210.20;Базовый
2026-08-10T13:00:02.628;58.984;204;2;LOCK;1309.3955;867.8666;0.9999;0;1.000;52.00;205.64;Базовый
2026-08-10T13:00:02.914;59.271;205;1;HOLD;1252.4195;912.9924;0.9843;1;1.034;54.00;210.20;Базовый
2026-08-10T13:00:02.914;59.271;205;2;LOCK;1309.3970;867.8698;0.9999;0;1.000;52.00;205.64;Базовый
2026-08-10T13:00:03.215;59.572;206;1;LOCK;1252.4236;912.9950;0.9993;0;1.000;54.00;210.20;Базовый
2026-08-10T13:00:03.215;59.572;206;2;LOCK;1309.3947;867.8802;0.9999;0;1.000;52.00;207.00;Базовый
2026-08-10T13:00:03.496;59.853;207;1;HOLD;1252.4236;912.9950;0.9696;2;1.068;54.00;210.20;Базовый
2026-08-10T13:00:03.496;59.853;207;2;LOCK;1309.3905;867.9174;1.0000;0;1.000;51.00;205.68;Базовый
2026-08-10T13:00:03.791;60.147;208;1;HOLD;1252.4283;912.9887;0.9843;1;1.034;54.00;208.84;Базовый
2026-08-10T13:00:03.791;60.147;208;2;LOCK;1309.3842;867.9650;1.0000;0;1.000;51.00;205.68;Базовый
2026-08-10T13:00:04.083;60.440;209;1;LOCK;1252.4319;912.9824;0.9993;0;1.000;54.00;209.52;Базовый
2026-08-10T13:00:04.083;60.440;209;2;LOCK;1309.3820;867.9455;0.9999;0;1.000;52.00;204.64;Базовый
2026-08-10T13:00:04.374;60.731;210;1;LOCK;1252.3885;913.0041;0.9997;0;1.000;56.00;203.44;Базовый
2026-08-10T13:00:04.374;60.731;210;2;LOCK;1309.3840;867.9129;0.9999;0;1.000;52.00;205.68;Базовый
2026-08-10T13:00:04.664;61.021;211;1;LOCK;1252.3746;913.0115;0.9997;0;1.000;56.00;203.44;Базовый
2026-08-10T13:00:04.664;61.021;211;2;LOCK;1309.3848;867.9030;0.9999;0;1.000;52.00;205.68;Базовый
2026-08-10T13:00:04.946;61.303;212;1;LOCK;1252.3682;913.0085;0.9995;0;1.000;54.00;203.44;Базовый
2026-08-10T13:00:04.946;61.303;212;2;LOCK;1309.3866;867.8873;0.9999;0;1.000;52.00;205.84;Базовый
2026-08-10T13:00:05.227;61.584;213;1;LOCK;1252.3878;912.9850;0.9995;0;1.000;54.00;203.28;Базовый
2026-08-10T13:00:05.227;61.584;213;2;LOCK;1309.3881;867.8782;0.9999;0;1.000;52.00;205.16;Базовый
2026-08-10T13:00:05.523;61.880;214;1;HOLD;1252.3878;912.9850;0.9552;3;1.102;54.00;203.28;Базовый
2026-08-10T13:00:05.523;61.880;214;2;LOCK;1309.3958;867.8770;0.9999;0;1.000;52.00;206.32;Базовый
2026-08-10T13:00:05.813;62.170;215;1;HOLD;1252.4005;912.9879;0.9695;2;1.068;54.00;210.04;Базовый
2026-08-10T13:00:05.813;62.170;215;2;LOCK;1309.4016;867.8839;0.9999;0;1.000;52.00;206.32;Базовый
2026-08-10T13:00:06.091;62.448;216;1;LOCK;1252.4117;912.9921;0.9993;0;1.000;54.00;209.88;Базовый
2026-08-10T13:00:06.091;62.448;216;2;LOCK;1309.4032;867.8890;0.9999;0;1.000;52.00;206.32;Базовый
2026-08-10T13:00:06.373;62.729;217;1;HOLD;1252.4117;912.9921;0.9550;3;1.102;54.00;209.88;Базовый
2026-08-10T13:00:06.373;62.729;217;2;LOCK;1309.4032;867.8947;0.9999;0;1.000;52.00;206.32;Базовый
2026-08-10T13:00:06.663;63.020;218;1;LOCK;1252.4210;912.9966;0.9993;0;1.000;54.00;210.04;Базовый
2026-08-10T13:00:06.663;63.020;218;2;LOCK;1309.4028;867.8958;0.9999;0;1.000;52.00;206.32;Базовый
2026-08-10T13:00:06.952;63.309;219;1;HOLD;1252.4210;912.9966;0.9550;3;1.102;54.00;210.04;Базовый
2026-08-10T13:00:06.952;63.309;219;2;LOCK;1309.4009;867.8975;0.9999;0;1.000;52.00;206.32;Базовый
2026-08-10T13:00:07.246;63.602;220;1;HOLD;1252.4284;913.0008;0.9695;2;1.068;54.00;210.04;Базовый
2026-08-10T13:00:07.246;63.602;220;2;LOCK;1309.4007;867.8973;0.9999;0;1.000;52.00;204.28;Базовый
2026-08-10T13:00:07.540;63.897;221;1;HOLD;1252.4375;912.9876;0.9843;1;1.034;51.00;208.88;Базовый
2026-08-10T13:00:07.540;63.897;221;2;LOCK;1309.4152;867.8622;0.9999;0;1.000;53.00;205.64;Базовый
2026-08-10T13:00:07.826;64.183;222;1;HOLD;1252.4375;912.9876;0.9550;3;1.102;51.00;208.88;Базовый
2026-08-10T13:00:07.826;64.183;222;2;LOCK;1309.4102;867.8260;0.9999;0;1.000;54.00;206.32;Базовый
2026-08-10T13:00:08.109;64.466;223;1;HOLD;1252.4449;912.9748;0.9843;1;1.034;51.00;208.52;Базовый
2026-08-10T13:00:08.109;64.466;223;2;LOCK;1309.4033;867.7970;0.9999;0;1.000;54.00;206.32;Базовый
2026-08-10T13:00:08.389;64.746;224;1;LOCK;1252.4313;912.9791;0.9997;0;1.000;58.00;202.36;Базовый
2026-08-10T13:00:08.389;64.746;224;2;LOCK;1309.3966;867.7789;0.9999;0;1.000;54.00;206.32;Базовый
2026-08-10T13:00:08.671;65.028;225;1;LOCK;1252.4147;912.9988;0.9993;0;1.000;57.00;203.16;Базовый
2026-08-10T13:00:08.671;65.028;225;2;LOCK;1309.3937;867.7741;0.9999;0;1.000;54.00;206.16;Базовый
2026-08-10T13:00:08.951;65.308;226;1;HOLD;1252.4147;912.9988;0.9695;2;1.068;57.00;203.16;Базовый
2026-08-10T13:00:08.951;65.308;226;2;LOCK;1309.3897;867.7714;0.9999;0;1.000;54.00;206.32;Базовый
2026-08-10T13:00:09.234;65.590;227;1;LOCK;1252.4043;913.0055;0.9995;0;1.000;58.00;209.88;Базовый
2026-08-10T13:00:09.234;65.590;227;2;LOCK;1309.3878;867.7757;0.9999;0;1.000;54.00;206.32;Базовый
2026-08-10T13:00:09.518;65.875;228;1;HOLD;1252.4043;913.0055;0.9552;3;1.102;58.00;209.88;Базовый
2026-08-10T13:00:09.518;65.875;228;2;LOCK;1309.3696;867.8185;0.9999;0;1.000;53.00;206.32;Базовый
2026-08-10T13:00:09.801;66.158;229;1;HOLD;1252.3929;913.0123;0.9845;1;1.034;56.00;210.20;Базовый
2026-08-10T13:00:09.801;66.158;229;2;LOCK;1309.3605;867.8435;0.9999;0;1.000;53.00;206.32;Базовый
2026-08-10T13:00:10.096;66.453;230;1;HOLD;1252.3929;913.0123;0.9845;1;1.034;56.00;210.20;Базовый
2026-08-10T13:00:10.096;66.453;230;2;LOCK;1309.3605;867.8435;0.9999;0;1.000;53.00;206.32;Базовый
2026-08-10T13:00:10.389;66.746;231;1;HOLD;1252.3929;913.0123;0.9697;2;1.068;56.00;210.20;Базовый
2026-08-10T13:00:10.389;66.746;231;2;LOCK;1309.3575;867.8533;0.9999;0;1.000;53.00;206.32;Базовый
2026-08-10T13:00:10.687;67.044;232;1;HOLD;1252.3929;913.0123;0.9552;3;1.102;56.00;210.20;Базовый
2026-08-10T13:00:10.687;67.044;232;2;LOCK;1309.3554;867.8609;0.9999;0;1.000;53.00;205.64;Базовый
2026-08-10T13:00:10.987;67.344;233;1;HOLD;1252.4134;912.9913;0.9696;2;1.068;52.00;210.04;Базовый
2026-08-10T13:00:10.987;67.344;233;2;LOCK;1309.3538;867.8723;0.9999;0;1.000;53.00;205.64;Базовый
2026-08-10T13:00:11.285;67.641;234;1;HOLD;1252.4345;912.9702;0.9843;1;1.034;52.00;210.04;Базовый
2026-08-10T13:00:11.285;67.641;234;2;LOCK;1309.3567;867.8693;0.9999;0;1.000;53.00;206.32;Базовый
2026-08-10T13:00:11.577;67.934;235;1;LOCK;1252.4142;912.9733;0.9997;0;1.000;56.00;203.12;Базовый
2026-08-10T13:00:11.577;67.934;235;2;LOCK;1309.3825;867.8863;0.9999;0;1.000;52.00;206.00;Базовый
2026-08-10T13:00:11.863;68.220;236;1;LOCK;1252.3977;912.9810;0.9997;0;1.000;56.00;203.80;Базовый
2026-08-10T13:00:11.863;68.220;236;2;LOCK;1309.3958;867.8945;0.9999;0;1.000;52.00;205.32;Базовый
2026-08-10T13:00:12.154;68.511;237;1;LOCK;1252.3836;912.9889;0.9997;0;1.000;56.00;203.80;Базовый
2026-08-10T13:00:12.154;68.511;237;2;LOCK;1309.4046;867.8999;0.9999;0;1.000;52.00;205.32;Базовый
2026-08-10T13:00:12.441;68.798;238;1;LOCK;1252.3716;912.9973;0.9997;0;1.000;56.00;203.80;Базовый
2026-08-10T13:00:12.441;68.798;238;2;LOCK;1309.4087;867.9029;0.9999;0;1.000;52.00;206.16;Базовый
2026-08-10T13:00:12.733;69.090;239;1;LOCK;1252.3699;913.0006;0.9997;0;1.000;56.00;203.80;Базовый
2026-08-10T13:00:12.733;69.090;239;2;LOCK;1309.4053;867.9009;0.9999;0;1.000;52.00;206.16;Базовый
2026-08-10T13:00:13.024;69.381;240;1;LOCK;1252.3741;912.9999;0.9997;0;1.000;56.00;203.80;Базовый
2026-08-10T13:00:13.024;69.381;240;2;LOCK;1309.3995;867.8973;0.9999;0;1.000;52.00;206.16;Базовый
2026-08-10T13:00:13.317;69.673;241;1;LOCK;1252.3991;912.9723;0.9997;0;1.000;55.00;203.80;Базовый
2026-08-10T13:00:13.317;69.673;241;2;LOCK;1309.3962;867.8942;0.9999;0;1.000;52.00;206.16;Базовый
2026-08-10T13:00:13.604;69.960;242;1;LOCK;1252.4417;912.9189;0.9995;0;1.000;53.00;204.12;Базовый
2026-08-10T13:00:13.604;69.960;242;2;LOCK;1309.3978;867.8933;0.9999;0;1.000;52.00;205.84;Базовый
2026-08-10T13:00:13.892;70.249;243;1;LOCK;1252.4926;912.8543;0.9995;0;1.000;53.00;203.96;Базовый
2026-08-10T13:00:13.892;70.249;243;2;LOCK;1309.4685;868.2430;0.9999;0;1.000;52.00;204.32;Базовый
2026-08-10T13:00:14.178;70.535;244;1;LOCK;1252.5111;912.8302;0.9995;0;1.000;53.00;203.96;Базовый
2026-08-10T13:00:14.178;70.535;244;2;LOCK;1309.5931;868.8817;0.9975;0;1.000;68.00;202.96;Базовый
2026-08-10T13:00:14.466;70.822;245;1;LOCK;1252.5175;912.8214;0.9995;0;1.000;53.00;203.96;Базовый
2026-08-10T13:00:14.466;70.822;245;2;LOCK;1309.5670;868.7385;0.9999;0;1.000;52.00;205.00;Базовый
2026-08-10T13:00:14.762;71.119;246;1;LOCK;1252.5114;912.8284;0.9995;0;1.000;53.00;203.96;Базовый
2026-08-10T13:00:14.762;71.119;246;2;LOCK;1309.6223;869.0265;0.9974;0;1.000;68.00;204.32;Базовый
2026-08-10T13:00:15.049;71.406;247;1;LOCK;1252.4975;912.8460;0.9995;0;1.000;53.00;204.28;Базовый
2026-08-10T13:00:15.049;71.406;247;2;LOCK;1309.7293;869.5851;0.9974;0;1.000;68.00;204.16;Базовый
2026-08-10T13:00:15.344;71.701;248;1;HOLD;1252.4890;912.8573;0.9845;1;1.034;53.00;204.28;Базовый
2026-08-10T13:00:15.344;71.701;248;2;LOCK;1309.7186;869.5565;0.9998;0;1.000;51.00;207.00;Базовый
2026-08-10T13:00:15.626;71.983;249;1;HOLD;1252.4890;912.8573;0.9552;3;1.102;53.00;204.28;Базовый
2026-08-10T13:00:15.626;71.983;249;2;LOCK;1309.5870;868.9255;0.9999;0;1.000;51.00;206.84;Базовый
2026-08-10T13:00:15.908;72.265;250;1;LOCK;1252.4952;912.8825;0.9995;0;1.000;52.00;203.16;Базовый
2026-08-10T13:00:15.908;72.265;250;2;LOCK;1309.4611;868.3163;0.9999;0;1.000;51.00;206.32;Базовый
2026-08-10T13:00:16.204;72.561;251;1;LOCK;1252.5067;912.9077;0.9995;0;1.000;52.00;203.16;Базовый
2026-08-10T13:00:16.204;72.561;251;2;LOCK;1309.3319;867.6879;1.0000;0;1.000;51.00;206.32;Базовый
2026-08-10T13:00:16.489;72.846;252;1;HOLD;1252.5102;912.9129;0.9697;2;1.068;52.00;203.32;Базовый
2026-08-10T13:00:16.489;72.846;252;2;LOCK;1309.2908;867.4799;0.9999;0;1.000;51.00;206.32;Базовый
2026-08-10T13:00:16.769;73.125;253;1;LOCK;1252.5081;912.9308;0.9995;0;1.000;53.00;210.52;Базовый
2026-08-10T13:00:16.769;73.125;253;2;LOCK;1309.3005;867.5208;0.9999;0;1.000;51.00;206.32;Базовый
2026-08-10T13:00:17.049;73.406;254;1;HOLD;1252.5081;912.9308;0.9697;2;1.068;53.00;210.52;Базовый
2026-08-10T13:00:17.049;73.406;254;2;LOCK;1309.3260;867.6401;0.9999;0;1.000;51.00;206.32;Базовый
2026-08-10T13:00:17.341;73.697;255;1;HOLD;1252.5053;912.9434;0.9845;1;1.034;53.00;210.52;Базовый
2026-08-10T13:00:17.341;73.697;255;2;LOCK;1309.3690;867.8561;1.0000;0;1.000;51.00;205.48;Базовый
2026-08-10T13:00:17.633;73.989;256;1;LOCK;1252.4817;912.9593;0.9993;0;1.000;56.00;209.20;Базовый
2026-08-10T13:00:17.633;73.989;256;2;LOCK;1309.3976;868.0192;1.0000;0;1.000;51.00;205.48;Базовый
2026-08-10T13:00:17.928;74.285;257;1;HOLD;1252.4817;912.9593;0.9550;3;1.102;56.00;209.20;Базовый
2026-08-10T13:00:17.928;74.285;257;2;LOCK;1309.4865;868.4211;1.0000;0;1.000;51.00;205.32;Базовый
2026-08-10T13:00:18.208;74.565;258;1;HOLD;1252.4594;912.9724;0.9843;1;1.034;56.00;209.20;Базовый
2026-08-10T13:00:18.208;74.565;258;2;LOCK;1309.4758;868.3302;0.9999;0;1.000;52.00;206.00;Базовый
2026-08-10T13:00:18.490;74.847;259;1;HOLD;1252.4594;912.9724;0.9695;2;1.068;56.00;209.20;Базовый
2026-08-10T13:00:18.490;74.847;259;2;LOCK;1309.4649;868.2532;0.9999;0;1.000;52.00;206.00;Базовый
2026-08-10T13:00:18.783;75.140;260;1;HOLD;1252.4405;912.9824;0.9843;1;1.034;56.00;209.20;Базовый
2026-08-10T13:00:18.783;75.140;260;2;LOCK;1309.4259;868.0100;0.9999;0;1.000;52.00;206.00;Базовый
2026-08-10T13:00:19.081;75.438;261;1;LOCK;1252.4252;912.9899;0.9993;0;1.000;56.00;209.20;Базовый
2026-08-10T13:00:19.081;75.438;261;2;LOCK;1309.3943;867.8368;0.9999;0;1.000;52.00;206.00;Базовый
2026-08-10T13:00:19.373;75.730;262;1;HOLD;1252.4252;912.9899;0.9550;3;1.102;56.00;209.20;Базовый
2026-08-10T13:00:19.373;75.730;262;2;LOCK;1309.3811;867.7718;0.9999;0;1.000;52.00;205.36;Базовый
2026-08-10T13:00:19.666;76.023;263;1;HOLD;1252.4478;912.9903;0.9693;2;1.068;54.00;209.52;Базовый
2026-08-10T13:00:19.666;76.023;263;2;LOCK;1309.3851;867.7886;0.9999;0;1.000;52.00;206.04;Базовый
2026-08-10T13:00:19.958;76.315;264;1;HOLD;1252.4717;912.9894;0.9840;1;1.034;54.00;209.52;Базовый
2026-08-10T13:00:19.958;76.315;264;2;LOCK;1309.3956;867.8405;0.9999;0;1.000;52.00;206.20;Базовый
2026-08-10T13:00:20.248;76.605;265;1;HOLD;1252.4717;912.9894;0.9547;3;1.102;54.00;209.52;Базовый
2026-08-10T13:00:20.248;76.605;265;2;LOCK;1309.4023;867.8747;0.9999;0;1.000;52.00;205.68;Базовый
2026-08-10T13:00:20.546;76.903;266;1;HOLD;1252.4933;912.9877;0.9693;2;1.068;54.00;209.52;Базовый
2026-08-10T13:00:20.546;76.903;266;2;LOCK;1309.4089;867.9092;0.9999;0;1.000;52.00;205.52;Базовый
2026-08-10T13:00:20.836;77.192;267;1;HOLD;1252.4933;912.9877;0.9547;3;1.102;54.00;209.52;Базовый
2026-08-10T13:00:20.836;77.192;267;2;LOCK;1309.4101;867.9151;0.9999;0;1.000;52.00;205.52;Базовый
2026-08-10T13:00:21.124;77.481;268;1;HOLD;1252.5114;912.9874;0.9693;2;1.068;54.00;210.04;Базовый
2026-08-10T13:00:21.124;77.481;268;2;LOCK;1309.4109;867.9190;0.9999;0;1.000;52.00;205.52;Базовый
2026-08-10T13:00:21.414;77.771;269;1;LOCK;1252.5267;912.9997;0.9995;0;1.000;55.00;203.96;Базовый
2026-08-10T13:00:21.414;77.771;269;2;LOCK;1309.4016;867.9431;0.9998;0;1.000;51.00;205.36;Базовый
2026-08-10T13:00:21.706;78.062;270;1;LOCK;1252.5395;913.0133;0.9995;0;1.000;55.00;202.80;Базовый
2026-08-10T13:00:21.706;78.062;270;2;LOCK;1309.3887;867.9760;1.0000;0;1.000;51.00;205.36;Базовый
2026-08-10T13:00:21.989;78.346;271;1;LOCK;1252.5416;913.0201;0.9995;0;1.000;55.00;203.16;Базовый
2026-08-10T13:00:21.989;78.346;271;2;LOCK;1309.3802;867.9928;1.0000;0;1.000;51.00;206.04;Базовый
2026-08-10T13:00:22.280;78.637;272;1;LOCK;1252.5376;913.0237;0.9995;0;1.000;55.00;203.80;Базовый
2026-08-10T13:00:22.280;78.637;272;2;LOCK;1309.3779;867.9940;1.0000;0;1.000;51.00;206.04;Базовый
2026-08-10T13:00:22.573;78.929;273;1;HOLD;1252.5356;913.0236;0.9697;2;1.068;55.00;203.28;Базовый
2026-08-10T13:00:22.573;78.929;273;2;LOCK;1309.3799;867.9872;0.9998;0;1.000;51.00;205.88;Базовый
2026-08-10T13:00:22.866;79.223;274;1;LOCK;1252.5317;913.0275;0.9995;0;1.000;55.00;202.16;Базовый
2026-08-10T13:00:22.866;79.223;274;2;LOCK;1309.5216;868.6941;0.9998;0;1.000;51.00;203.84;Базовый
2026-08-10T13:00:23.159;79.516;275;1;LOCK;1252.4891;913.0200;0.9995;0;1.000;54.00;201.80;Базовый
2026-08-10T13:00:23.159;79.516;275;2;LOCK;1309.6849;869.4965;0.9976;0;1.000;68.00;203.84;Базовый
2026-08-10T13:00:23.445;79.802;276;1;LOCK;1252.4728;913.0436;0.9995;0;1.000;47.00;202.64;Базовый
2026-08-10T13:00:23.445;79.802;276;2;LOCK;1309.6305;869.1390;0.9998;0;1.000;52.00;205.36;Базовый
2026-08-10T13:00:23.735;80.091;277;1;LOCK;1252.5066;913.0759;0.9995;0;1.000;48.00;202.64;Базовый
2026-08-10T13:00:23.735;80.091;277;2;LOCK;1309.5040;868.3951;0.9999;0;1.000;52.00;205.52;Базовый
2026-08-10T13:00:24.031;80.387;278;1;LOCK;1252.4669;913.0506;0.9995;0;1.000;53.00;202.48;Базовый
2026-08-10T13:00:24.031;80.387;278;2;LOCK;1309.4270;867.9651;0.9999;0;1.000;52.00;205.68;Базовый
2026-08-10T13:00:24.324;80.680;279;1;HOLD;1252.2669;912.8900;0.9825;1;1.034;53.00;202.64;Базовый
2026-08-10T13:00:24.324;80.680;279;2;LOCK;1309.3553;867.5839;0.9999;0;1.000;52.00;205.68;Базовый
2026-08-10T13:00:24.609;80.966;280;1;LOCK;1252.0151;912.3468;0.9761;0;1.000;48.00;199.88;Базовый
2026-08-10T13:00:24.609;80.966;280;2;LOCK;1309.3443;867.5308;0.9999;0;1.000;52.00;205.68;Базовый
2026-08-10T13:00:24.895;81.252;281;1;LOCK;1251.7089;911.6262;0.9671;0;1.000;47.00;202.12;Базовый
2026-08-10T13:00:24.895;81.252;281;2;LOCK;1309.3389;867.5096;0.9999;0;1.000;52.00;205.68;Базовый
2026-08-10T13:00:25.182;81.539;282;1;LOCK;1251.3500;910.0935;0.9221;0;1.000;50.00;202.80;Базовый
2026-08-10T13:00:25.182;81.539;282;2;LOCK;1309.3385;867.5151;0.9999;0;1.000;52.00;205.36;Базовый
2026-08-10T13:00:25.470;81.827;283;1;LOCK;1250.4067;906.3316;0.9328;0;1.000;47.00;201.64;Базовый
2026-08-10T13:00:25.470;81.827;283;2;LOCK;1309.3588;867.6845;0.9999;0;1.000;51.00;205.36;Базовый
2026-08-10T13:00:25.760;82.117;284;1;LOCK;1249.1692;906.3741;0.9561;0;1.000;46.00;202.12;Базовый
2026-08-10T13:00:25.760;82.117;284;2;LOCK;1309.3879;867.8903;1.0000;0;1.000;51.00;206.20;Базовый
2026-08-10T13:00:26.048;82.405;285;1;LOCK;1248.1080;907.6388;0.9502;0;1.000;54.00;202.12;Базовый
2026-08-10T13:00:26.048;82.405;285;2;LOCK;1309.4039;867.9923;1.0000;0;1.000;51.00;205.36;Базовый
2026-08-10T13:00:26.329;82.686;286;1;LOCK;1245.9658;910.0395;0.9276;0;1.000;67.00;202.48;Базовый
2026-08-10T13:00:26.329;82.686;286;2;LOCK;1309.4142;868.0523;1.0000;0;1.000;51.00;204.68;Базовый
2026-08-10T13:00:26.618;82.975;287;1;LOCK;1244.4259;911.9314;0.9300;0;1.000;67.00;202.80;Базовый
2026-08-10T13:00:26.618;82.975;287;2;LOCK;1309.4184;868.0725;1.0000;0;1.000;51.00;204.68;Базовый
2026-08-10T13:00:26.904;83.261;288;1;LOCK;1245.6643;912.2287;0.9664;0;1.000;53.00;203.12;Базовый
2026-08-10T13:00:26.904;83.261;288;2;LOCK;1309.4175;868.0626;1.0000;0;1.000;51.00;204.68;Базовый
2026-08-10T13:00:27.195;83.551;289;1;LOCK;1246.7876;912.0530;0.9681;0;1.000;52.00;202.44;Базовый
2026-08-10T13:00:27.195;83.551;289;2;LOCK;1309.4159;868.0505;1.0000;0;1.000;51.00;204.68;Базовый
2026-08-10T13:00:27.485;83.842;290;1;LOCK;1251.3648;910.5783;0.9598;0;1.000;49.00;202.68;Базовый
2026-08-10T13:00:27.485;83.842;290;2;LOCK;1309.3952;867.9648;1.0000;0;1.000;50.00;206.36;Базовый
2026-08-10T13:00:27.774;84.131;291;1;HOLD;1251.3648;910.5783;0.9312;2;1.068;49.00;202.68;Базовый
2026-08-10T13:00:27.774;84.131;291;2;LOCK;1309.3831;867.9140;1.0000;0;1.000;50.00;205.68;Базовый
2026-08-10T13:00:28.066;84.423;292;1;LOCK;1252.8319;910.1022;0.9768;0;1.000;50.00;201.48;Базовый
2026-08-10T13:00:28.066;84.423;292;2;LOCK;1309.3722;867.8679;1.0000;0;1.000;50.00;205.68;Базовый
2026-08-10T13:00:28.357;84.714;293;1;LOCK;1252.4616;910.2329;0.9786;0;1.000;50.00;202.16;Базовый
2026-08-10T13:00:28.357;84.714;293;2;LOCK;1309.3930;867.8163;0.9999;0;1.000;53.00;204.32;Базовый
2026-08-10T13:00:28.643;85.000;294;1;LOCK;1251.5027;911.1805;0.9878;0;1.000;45.00;202.16;Базовый
2026-08-10T13:00:28.643;85.000;294;2;LOCK;1309.4131;867.7946;0.9999;0;1.000;53.00;205.68;Базовый
2026-08-10T13:00:28.927;85.284;295;1;LOCK;1251.0252;912.0499;0.9955;0;1.000;50.00;201.48;Базовый
2026-08-10T13:00:28.927;85.284;295;2;LOCK;1309.5543;868.5030;0.9976;0;1.000;69.00;203.48;Базовый
2026-08-10T13:00:29.211;85.568;296;1;LOCK;1251.0250;912.4578;0.9982;0;1.000;51.00;200.88;Базовый
2026-08-10T13:00:29.211;85.568;296;2;LOCK;1309.5514;868.4731;0.9999;0;1.000;53.00;204.84;Базовый
2026-08-10T13:00:29.517;85.874;297;1;LOCK;1251.5707;913.3339;0.9991;0;1.000;56.00;203.00;Базовый
2026-08-10T13:00:29.517;85.874;297;2;LOCK;1309.4819;868.3007;0.9999;0;1.000;51.00;205.68;Базовый
2026-08-10T13:00:29.810;86.167;298;1;LOCK;1251.7868;913.4898;0.9991;0;1.000;56.00;203.00;Базовый
2026-08-10T13:00:29.810;86.167;298;2;LOCK;1309.4549;868.2226;0.9999;0;1.000;51.00;206.36;Базовый
2026-08-10T13:00:30.113;86.470;299;1;HOLD;1251.7868;913.4898;0.9548;3;1.102;56.00;203.00;Базовый
2026-08-10T13:00:30.113;86.470;299;2;LOCK;1309.3858;868.0068;1.0000;0;1.000;51.00;206.36;Базовый
2026-08-10T13:00:30.411;86.768;300;1;HOLD;1251.9808;913.5235;0.9694;2;1.068;51.00;210.36;Базовый
2026-08-10T13:00:30.411;86.768;300;2;LOCK;1309.3494;867.8792;1.0000;0;1.000;51.00;206.52;Базовый
2026-08-10T13:00:30.698;87.054;301;1;HOLD;1251.9808;913.5235;0.9548;3;1.102;51.00;210.36;Базовый
2026-08-10T13:00:30.698;87.054;301;2;LOCK;1309.3450;867.8598;1.0000;0;1.000;51.00;206.52;Базовый
2026-08-10T13:00:30.980;87.337;302;1;LOCK;1252.2701;913.4137;0.9993;0;1.000;52.00;204.40;Базовый
2026-08-10T13:00:30.980;87.337;302;2;LOCK;1309.3453;867.8503;1.0000;0;1.000;51.00;206.52;Базовый
2026-08-10T13:00:31.283;87.640;303;1;LOCK;1252.5759;913.1581;0.9995;0;1.000;52.00;203.80;Базовый
2026-08-10T13:00:31.283;87.640;303;2;LOCK;1309.3594;867.8841;1.0000;0;1.000;51.00;206.52;Базовый
2026-08-10T13:00:31.565;87.922;304;1;LOCK;1252.8727;913.1403;0.9994;0;1.000;44.00;203.76;Базовый
2026-08-10T13:00:31.565;87.922;304;2;LOCK;1309.5878;868.9981;0.9972;0;1.000;67.00;205.32;Базовый
2026-08-10T13:00:31.855;88.212;305;1;LOCK;1252.9267;913.3212;0.9999;0;1.000;39.00;201.76;Базовый
2026-08-10T13:00:31.855;88.212;305;2;LOCK;1309.7641;869.8666;0.9972;0;1.000;67.00;205.32;Базовый
2026-08-10T13:00:32.150;88.507;306;1;LOCK;1252.7256;913.3026;0.9992;0;1.000;45.00;205.40;Базовый
2026-08-10T13:00:32.150;88.507;306;2;LOCK;1309.6324;869.1791;0.9998;0;1.000;51.00;209.04;Базовый
2026-08-10T13:00:32.438;88.795;307;1;LOCK;1252.5604;913.2238;0.9993;0;1.000;52.00;202.72;Базовый
2026-08-10T13:00:32.438;88.795;307;2;LOCK;1309.5158;868.5879;0.9999;0;1.000;51.00;208.88;Базовый
2026-08-10T13:00:32.727;89.084;308;1;LOCK;1252.4952;913.1743;0.9991;0;1.000;53.00;202.44;Базовый
2026-08-10T13:00:32.727;89.084;308;2;LOCK;1309.4617;868.3157;0.9999;0;1.000;51.00;207.92;Базовый
2026-08-10T13:00:33.009;89.366;309;1;HOLD;1252.4952;913.1743;0.9841;1;1.034;53.00;202.44;Базовый
2026-08-10T13:00:33.009;89.366;309;2;LOCK;1309.4148;868.0711;0.9999;0;1.000;52.00;207.48;Базовый
2026-08-10T13:00:33.294;89.651;310;1;LOCK;1252.4699;913.1279;0.9991;0;1.000;55.00;208.36;Базовый
2026-08-10T13:00:33.294;89.651;310;2;LOCK;1309.0814;867.6398;0.9999;0;1.000;60.00;206.64;Базовый
2026-08-10T13:00:33.589;89.946;311;1;LOCK;1255.5752;915.8531;0.8433;0;1.000;178.00;202.80;Базовый
2026-08-10T13:00:33.589;89.946;311;2;LOCK;1309.1207;867.5329;0.9997;0;1.000;52.00;209.00;Базовый
2026-08-10T13:00:33.876;90.233;312;1;LOCK;1255.5769;915.8286;0.9985;0;1.000;54.00;202.80;Базовый
2026-08-10T13:00:33.876;90.233;312;2;LOCK;1309.1541;867.5190;0.9995;0;1.000;55.00;211.00;Базовый
2026-08-10T13:00:34.165;90.522;313;1;LOCK;1255.0665;915.3325;0.9988;0;1.000;54.00;202.80;Базовый
2026-08-10T13:00:34.165;90.522;313;2;LOCK;1309.2359;867.5394;0.9995;0;1.000;55.00;210.04;Базовый
2026-08-10T13:00:34.455;90.812;314;1;LOCK;1253.7423;914.0968;0.9993;0;1.000;54.00;202.84;Базовый
2026-08-10T13:00:34.455;90.812;314;2;LOCK;1309.3674;867.7422;0.9999;0;1.000;51.00;206.28;Базовый
2026-08-10T13:00:34.743;91.099;315;1;LOCK;1252.5480;913.0063;0.9995;0;1.000;56.00;202.16;Базовый
2026-08-10T13:00:34.743;91.099;315;2;LOCK;1309.4450;867.8712;0.9998;0;1.000;51.00;204.68;Базовый
2026-08-10T13:00:35.040;91.397;316;1;LOCK;1251.8583;912.4746;0.9996;0;1.000;55.00;202.52;Базовый
2026-08-10T13:00:35.040;91.397;316;2;LOCK;1309.4684;867.9507;0.9997;0;1.000;50.00;205.84;Базовый
2026-08-10T13:00:35.323;91.680;317;1;HOLD;1251.8583;912.4746;0.9698;2;1.068;55.00;202.52;Базовый
2026-08-10T13:00:35.323;91.680;317;2;LOCK;1309.4602;867.9516;0.9998;0;1.000;52.00;205.68;Базовый
2026-08-10T13:00:35.615;91.972;318;1;HOLD;1251.8329;912.4715;0.9841;1;1.034;51.00;210.32;Базовый
2026-08-10T13:00:35.615;91.972;318;2;LOCK;1309.5664;868.6504;0.9999;0;1.000;68.00;205.68;Базовый
2026-08-10T13:00:35.908;92.265;319;1;LOCK;1251.8853;912.5345;0.9991;0;1.000;53.00;210.64;Базовый
2026-08-10T13:00:35.908;92.265;319;2;LOCK;1309.5169;868.5125;0.9998;0;1.000;52.00;205.68;Базовый
2026-08-10T13:00:36.196;92.553;320;1;HOLD;1251.8853;912.5345;0.9548;3;1.102;53.00;210.64;Базовый
2026-08-10T13:00:36.196;92.553;320;2;LOCK;1309.5100;868.5293;0.9999;0;1.000;68.00;205.52;Базовый
2026-08-10T13:00:36.489;92.846;321;1;HOLD;1251.9595;912.6259;0.9697;2;1.068;56.00;211.32;Базовый
2026-08-10T13:00:36.489;92.846;321;2;LOCK;1309.4484;868.2099;0.9998;0;1.000;52.00;208.60;Базовый
2026-08-10T13:00:36.774;93.130;322;1;HOLD;1252.0473;912.7105;0.9841;1;1.034;55.00;210.64;Базовый
2026-08-10T13:00:36.774;93.130;322;2;LOCK;1309.3952;867.9114;0.9998;0;1.000;52.00;209.56;Базовый
2026-08-10T13:00:37.069;93.426;323;1;LOCK;1252.1360;912.7935;0.9995;0;1.000;55.00;211.00;Базовый
2026-08-10T13:00:37.069;93.426;323;2;LOCK;1309.3684;867.7470;0.9998;0;1.000;52.00;206.88;Базовый
2026-08-10T13:00:37.365;93.722;324;1;HOLD;1252.1360;912.7935;0.9552;3;1.102;55.00;211.00;Базовый
2026-08-10T13:00:37.365;93.722;324;2;LOCK;1309.3629;867.7221;0.9998;0;1.000;52.00;207.44;Базовый
2026-08-10T13:00:37.646;94.003;325;1;HOLD;1252.2023;912.8720;0.9843;1;1.034;55.00;211.32;Базовый
2026-08-10T13:00:37.646;94.003;325;2;LOCK;1309.3627;867.7563;0.9999;0;1.000;52.00;207.12;Базовый
2026-08-10T13:00:37.937;94.294;326;1;LOCK;1252.2557;912.9209;0.9990;0;1.000;56.00;210.64;Базовый
2026-08-10T13:00:37.937;94.294;326;2;LOCK;1309.3685;867.8324;0.9999;0;1.000;52.00;207.60;Базовый
2026-08-10T13:00:38.238;94.595;327;1;HOLD;1252.2557;912.9209;0.9547;3;1.102;56.00;210.64;Базовый
2026-08-10T13:00:38.238;94.595;327;2;LOCK;1309.3762;867.8954;0.9999;0;1.000;52.00;207.60;Базовый
2026-08-10T13:00:38.515;94.872;328;1;HOLD;1252.2961;912.9559;0.9827;1;1.034;56.00;209.96;Базовый
2026-08-10T13:00:38.515;94.872;328;2;LOCK;1309.3802;867.9481;0.9999;0;1.000;51.00;205.64;Базовый
2026-08-10T13:00:38.803;95.160;329;1;LOCK;1252.3318;912.9851;0.9990;0;1.000;55.00;209.64;Базовый
2026-08-10T13:00:38.803;95.160;329;2;LOCK;1309.3817;867.9950;0.9999;0;1.000;51.00;206.32;Базовый
2026-08-10T13:00:39.109;95.466;330;1;HOLD;1252.3318;912.9851;0.9547;3;1.102;55.00;209.64;Базовый
2026-08-10T13:00:39.109;95.466;330;2;LOCK;1309.3817;868.0035;0.9999;0;1.000;51.00;207.28;Базовый
2026-08-10T13:00:39.398;95.755;331;1;HOLD;1252.3684;912.9988;0.9841;1;1.034;54.00;210.16;Базовый
2026-08-10T13:00:39.398;95.755;331;2;LOCK;1309.3887;867.9683;0.9999;0;1.000;52.00;208.60;Базовый
2026-08-10T13:00:39.690;96.047;332;1;HOLD;1252.3985;913.0073;0.9845;1;1.034;54.00;203.12;Базовый
2026-08-10T13:00:39.690;96.047;332;2;LOCK;1309.3987;867.9120;0.9999;0;1.000;52.00;208.72;Базовый
2026-08-10T13:00:39.984;96.341;333;1;HOLD;1252.4125;913.0178;0.9845;1;1.034;55.00;203.12;Базовый
2026-08-10T13:00:39.984;96.341;333;2;LOCK;1309.4043;867.8740;0.9999;0;1.000;52.00;208.24;Базовый
2026-08-10T13:00:40.268;96.625;334;1;LOCK;1252.4303;913.0179;0.9995;0;1.000;54.00;202.48;Базовый
2026-08-10T13:00:40.268;96.625;334;2;LOCK;1309.4090;867.8616;0.9999;0;1.000;52.00;208.24;Базовый
2026-08-10T13:00:40.549;96.906;335;1;HOLD;1252.4303;913.0179;0.9697;2;1.068;54.00;202.48;Базовый
2026-08-10T13:00:40.549;96.906;335;2;LOCK;1309.4101;867.8571;0.9998;0;1.000;52.00;208.76;Базовый
2026-08-10T13:00:40.841;97.197;336;1;HOLD;1252.4437;913.0157;0.9697;2;1.068;54.00;202.48;Базовый
2026-08-10T13:00:40.841;97.197;336;2;LOCK;1309.4069;867.9113;0.9999;0;1.000;51.00;207.92;Базовый
2026-08-10T13:00:41.125;97.482;337;1;LOCK;1252.4531;913.0123;0.9995;0;1.000;54.00;202.16;Базовый
2026-08-10T13:00:41.125;97.482;337;2;LOCK;1309.4225;867.9344;0.9999;0;1.000;50.00;208.60;Базовый
2026-08-10T13:00:41.412;97.769;338;1;HOLD;1252.4531;913.0123;0.9552;3;1.102;54.00;202.16;Базовый
2026-08-10T13:00:41.412;97.769;338;2;LOCK;1309.3591;868.8280;0.9879;0;1.000;42.00;197.24;Базовый
2026-08-10T13:00:41.703;98.060;339;1;HOLD;1252.4667;913.0072;0.9491;2;1.068;53.00;213.36;Базовый
2026-08-10T13:00:41.703;98.060;339;2;LOCK;1308.8770;869.7852;0.9983;0;1.000;35.00;205.56;Базовый
2026-08-10T13:00:42.003;98.359;340;1;HOLD;1252.4621;913.0130;0.9674;1;1.034;55.00;213.88;Базовый
2026-08-10T13:00:42.003;98.359;340;2;LOCK;1306.9681;868.6785;0.9736;0;1.000;51.00;207.60;Базовый
2026-08-10T13:00:42.295;98.651;341;1;LOCK;1252.4619;913.0126;0.9835;0;1.000;54.00;213.72;Базовый
2026-08-10T13:00:42.295;98.651;341;2;LOCK;1303.4088;867.4218;0.9381;0;1.000;58.00;207.56;Базовый
2026-08-10T13:00:42.584;98.940;342;1;HOLD;1252.4619;913.0126;0.9542;2;1.068;54.00;213.72;Базовый
2026-08-10T13:00:42.584;98.940;342;2;LOCK;1301.4259;866.7938;0.9329;0;1.000;58.00;208.24;Базовый
2026-08-10T13:00:42.867;99.224;343;1;LOCK;1252.4708;913.0050;0.9809;0;1.000;53.00;212.04;Базовый
2026-08-10T13:00:42.867;99.224;343;2;LOCK;1300.1253;866.3885;0.9310;0;1.000;53.00;208.08;Базовый
2026-08-10T13:00:43.152;99.509;344;1;HOLD;1252.4708;913.0050;0.9517;2;1.068;53.00;212.04;Базовый
2026-08-10T13:00:43.152;99.509;344;2;LOCK;1300.9205;865.9750;0.9648;0;1.000;49.00;207.56;Базовый
2026-08-10T13:00:43.437;99.794;345;1;HOLD;1252.4828;912.9827;0.9845;1;1.034;52.00;203.96;Базовый
2026-08-10T13:00:43.437;99.794;345;2;LOCK;1303.4946;865.1328;0.9763;0;1.000;44.00;207.40;Базовый
2026-08-10T13:00:43.730;100.086;346;1;LOCK;1252.5042;912.9408;0.9995;0;1.000;52.00;202.16;Базовый
2026-08-10T13:00:43.730;100.086;346;2;LOCK;1308.5331;863.4422;0.9592;0;1.000;52.00;207.92;Базовый
2026-08-10T13:00:44.024;100.381;347;1;LOCK;1252.5076;912.9367;0.9995;0;1.000;53.00;202.96;Базовый
2026-08-10T13:00:44.024;100.381;347;2;LOCK;1312.3216;861.8016;0.9466;0;1.000;58.00;207.24;Базовый
2026-08-10T13:00:44.317;100.674;348;1;LOCK;1252.5143;912.9224;0.9995;0;1.000;52.00;202.16;Базовый
2026-08-10T13:00:44.317;100.674;348;2;LOCK;1312.9901;861.3659;0.9430;0;1.000;63.00;207.24;Базовый
2026-08-10T13:00:44.606;100.963;349;1;LOCK;1252.5201;912.9098;0.9995;0;1.000;52.00;202.16;Базовый
2026-08-10T13:00:44.606;100.963;349;2;LOCK;1313.1972;860.9206;0.9396;0;1.000;65.00;207.76;Базовый
2026-08-10T13:00:44.880;101.237;350;1;LOCK;1252.5249;912.8991;0.9995;0;1.000;52.00;202.32;Базовый
2026-08-10T13:00:44.880;101.237;350;2;LOCK;1312.5761;860.8190;0.9456;0;1.000;56.00;207.08;Базовый
2026-08-10T13:00:45.162;101.519;351;1;LOCK;1252.5286;912.8903;0.9995;0;1.000;52.00;202.16;Базовый
2026-08-10T13:00:45.162;101.519;351;2;LOCK;1311.5416;860.9660;0.9475;0;1.000;54.00;207.08;Базовый
2026-08-10T13:00:45.445;101.802;352;1;HOLD;1252.5312;912.8839;0.9845;1;1.034;52.00;202.16;Базовый
2026-08-10T13:00:45.445;101.802;352;2;LOCK;1309.4078;862.6318;0.9834;0;1.000;51.00;207.60;Базовый
2026-08-10T13:00:45.742;102.098;353;1;LOCK;1252.5093;912.9284;0.9813;0;1.000;54.00;214.04;Базовый
2026-08-10T13:00:45.742;102.098;353;2;LOCK;1307.7985;865.3508;0.9916;0;1.000;49.00;207.76;Базовый
2026-08-10T13:00:46.034;102.390;354;1;HOLD;1252.5093;912.9284;0.9666;1;1.034;54.00;214.04;Базовый
2026-08-10T13:00:46.034;102.390;354;2;LOCK;1307.5611;866.1566;0.9952;0;1.000;50.00;207.60;Базовый
2026-08-10T13:00:46.326;102.682;355;1;LOCK;1252.4876;912.9733;0.9800;0;1.000;54.00;213.20;Базовый
2026-08-10T13:00:46.326;102.682;355;2;LOCK;1307.4577;867.8677;0.9957;0;1.000;54.00;207.60;Базовый
2026-08-10T13:00:46.615;102.971;356;1;HOLD;1252.4876;912.9733;0.9653;1;1.034;54.00;213.20;Базовый
2026-08-10T13:00:46.615;102.971;356;2;LOCK;1307.5756;868.1458;0.9959;0;1.000;54.00;208.28;Базовый
2026-08-10T13:00:46.901;103.258;357;1;HOLD;1252.4876;912.9733;0.9509;2;1.068;54.00;213.20;Базовый
2026-08-10T13:00:46.901;103.258;357;2;LOCK;1307.8096;868.3056;0.9965;0;1.000;57.00;206.92;Базовый
2026-08-10T13:00:47.185;103.541;358;1;LOCK;1252.4486;913.0169;0.9997;0;1.000;55.00;202.84;Базовый
2026-08-10T13:00:47.185;103.541;358;2;LOCK;1308.5281;868.6260;0.9993;0;1.000;53.00;207.28;Базовый
2026-08-10T13:00:47.479;103.836;359;1;HOLD;1252.4312;913.0349;0.9699;2;1.068;55.00;203.16;Базовый
2026-08-10T13:00:47.479;103.836;359;2;LOCK;1309.1788;868.6243;0.9998;0;1.000;54.00;206.96;Базовый
2026-08-10T13:00:47.770;104.127;360;1;HOLD;1252.4305;913.0590;0.9688;1;1.034;53.00;212.72;Базовый
2026-08-10T13:00:47.770;104.127;360;2;LOCK;1309.8521;868.3428;0.9998;0;1.000;54.00;206.96;Базовый
2026-08-10T13:00:48.057;104.414;361;1;HOLD;1252.4305;913.0590;0.9400;3;1.102;53.00;212.72;Базовый
2026-08-10T13:00:48.057;104.414;361;2;LOCK;1310.0147;868.1159;0.9998;0;1.000;54.00;206.28;Базовый
2026-08-10T13:00:48.342;104.698;362;1;HOLD;1253.0527;913.3213;0.9705;1;1.034;79.00;213.56;Базовый
2026-08-10T13:00:48.342;104.698;362;2;LOCK;1309.9947;867.9950;0.9999;0;1.000;52.00;207.28;Базовый
2026-08-10T13:00:48.624;104.981;363;1;HOLD;1253.0527;913.3213;0.9416;3;1.102;79.00;213.56;Базовый
2026-08-10T13:00:48.624;104.981;363;2;LOCK;1309.8638;867.9372;1.0000;0;1.000;52.00;207.76;Базовый
2026-08-10T13:00:48.919;105.276;364;1;HOLD;1253.6547;913.5628;0.9517;2;1.068;78.00;214.04;Базовый
2026-08-10T13:00:48.919;105.276;364;2;LOCK;1309.6225;867.8715;1.0000;0;1.000;51.00;208.56;Базовый
2026-08-10T13:00:49.212;105.568;365;1;HOLD;1254.1628;913.7708;0.9692;1;1.034;79.00;213.72;Базовый
2026-08-10T13:00:49.212;105.568;365;2;LOCK;1309.4489;867.8554;1.0000;0;1.000;51.00;208.56;Базовый
2026-08-10T13:00:49.500;105.857;366;1;LOCK;1253.5036;913.5129;0.9996;0;1.000;55.00;204.12;Базовый
2026-08-10T13:00:49.500;105.857;366;2;LOCK;1309.3840;867.9218;0.9997;0;1.000;50.00;209.20;Базовый
2026-08-10T13:00:49.785;106.142;367;1;LOCK;1252.9639;913.2959;0.9996;0;1.000;55.00;203.80;Базовый
2026-08-10T13:00:49.785;106.142;367;2;LOCK;1309.3887;867.9688;0.9997;0;1.000;50.00;209.36;Базовый
2026-08-10T13:00:50.075;106.432;368;1;LOCK;1252.5063;913.1100;0.9997;0;1.000;55.00;203.64;Базовый
2026-08-10T13:00:50.075;106.432;368;2;LOCK;1309.4147;867.9768;0.9997;0;1.000;51.00;208.84;Базовый
2026-08-10T13:00:50.363;106.720;369;1;LOCK;1252.1271;912.9344;0.9996;0;1.000;56.00;203.80;Базовый
2026-08-10T13:00:50.363;106.720;369;2;LOCK;1309.4663;867.9672;0.9997;0;1.000;51.00;208.84;Базовый
2026-08-10T13:00:50.651;107.008;370;1;LOCK;1252.0796;912.9091;0.9996;0;1.000;56.00;203.80;Базовый
2026-08-10T13:00:50.651;107.008;370;2;LOCK;1309.4819;867.9609;0.9997;0;1.000;51.00;208.68;Базовый
2026-08-10T13:00:50.939;107.296;371;1;LOCK;1252.0933;912.9119;0.9996;0;1.000;55.00;201.44;Базовый
2026-08-10T13:00:50.939;107.296;371;2;LOCK;1309.4898;867.9346;0.9999;0;1.000;52.00;206.20;Базовый
2026-08-10T13:00:51.230;107.587;372;1;LOCK;1252.1923;912.9593;0.9998;0;1.000;52.00;202.80;Базовый
2026-08-10T13:00:51.230;107.587;372;2;LOCK;1309.4870;867.9221;0.9997;0;1.000;51.00;208.60;Базовый
2026-08-10T13:00:51.521;107.877;373;1;LOCK;1252.3909;913.0022;0.9996;0;1.000;55.00;202.80;Базовый
2026-08-10T13:00:51.521;107.877;373;2;LOCK;1309.4418;867.9461;0.9999;0;1.000;54.00;207.28;Базовый
2026-08-10T13:00:51.800;108.157;374;1;LOCK;1252.5061;913.0244;0.9997;0;1.000;55.00;202.80;Базовый
2026-08-10T13:00:51.800;108.157;374;2;LOCK;1309.4164;867.9643;0.9999;0;1.000;54.00;205.76;Базовый
2026-08-10T13:00:52.092;108.449;375;1;LOCK;1252.6025;913.0406;0.9997;0;1.000;55.00;202.96;Базовый
2026-08-10T13:00:52.092;108.449;375;2;LOCK;1309.3953;867.9865;0.9999;0;1.000;54.00;208.28;Базовый
2026-08-10T13:00:52.377;108.734;376;1;HOLD;1252.6025;913.0406;0.9553;3;1.102;55.00;202.96;Базовый
2026-08-10T13:00:52.377;108.734;376;2;LOCK;1309.3925;867.9956;0.9999;0;1.000;54.00;207.44;Базовый
2026-08-10T13:00:52.667;109.024;377;1;LOCK;1252.5968;913.0565;0.9997;0;1.000;55.00;204.12;Базовый
2026-08-10T13:00:52.667;109.024;377;2;LOCK;1309.3948;868.0102;1.0000;0;1.000;53.00;210.16;Базовый
2026-08-10T13:00:52.949;109.306;378;1;LOCK;1252.5128;913.0463;0.9994;0;1.000;52.00;203.40;Базовый
2026-08-10T13:00:52.949;109.306;378;2;LOCK;1309.3968;868.0225;0.9909;0;1.000;54.00;212.92;Базовый
2026-08-10T13:00:53.244;109.601;379;1;LOCK;1252.3671;913.0291;0.9994;0;1.000;52.00;203.88;Базовый
2026-08-10T13:00:53.244;109.601;379;2;LOCK;1309.3965;868.0212;0.9948;0;1.000;53.00;211.44;Базовый
2026-08-10T13:00:53.538;109.895;380;1;LOCK;1252.3752;912.9642;0.9996;0;1.000;53.00;204.44;Базовый
2026-08-10T13:00:53.538;109.895;380;2;LOCK;1309.4465;868.0159;0.9999;0;1.000;50.00;210.48;Базовый
2026-08-10T13:00:53.833;110.189;381;1;LOCK;1252.3951;913.0000;0.9997;0;1.000;56.00;203.12;Базовый
2026-08-10T13:00:53.833;110.189;381;2;LOCK;1309.5006;868.0121;0.9998;0;1.000;50.00;210.48;Базовый
2026-08-10T13:00:54.120;110.477;382;1;LOCK;1252.4359;912.9914;0.9997;0;1.000;54.00;203.76;Базовый
2026-08-10T13:00:54.120;110.477;382;2;LOCK;1309.5315;868.0069;0.9998;0;1.000;50.00;209.56;Базовый
2026-08-10T13:00:54.402;110.759;383;1;LOCK;1252.4613;913.0013;0.9997;0;1.000;55.00;205.04;Базовый
2026-08-10T13:00:54.402;110.759;383;2;LOCK;1309.5284;868.0105;0.9999;0;1.000;52.00;211.48;Базовый
2026-08-10T13:00:54.689;111.046;384;1;LOCK;1252.4814;913.0152;0.9997;0;1.000;54.00;204.08;Базовый
2026-08-10T13:00:54.689;111.046;384;2;LOCK;1309.5109;868.0056;0.9997;0;1.000;53.00;211.48;Базовый
2026-08-10T13:00:54.980;111.337;385;1;HOLD;1252.4901;913.0264;0.9847;1;1.034;54.00;203.88;Базовый
2026-08-10T13:00:54.980;111.337;385;2;LOCK;1309.4527;867.9908;0.9999;0;1.000;51.00;210.84;Базовый
2026-08-10T13:00:55.269;111.626;386;1;LOCK;1252.4648;913.0190;0.9996;0;1.000;53.00;203.48;Базовый
2026-08-10T13:00:55.269;111.626;386;2;LOCK;1309.4365;868.0020;0.9999;0;1.000;52.00;205.36;Базовый
2026-08-10T13:00:55.555;111.911;387;1;LOCK;1252.4902;913.1259;0.9998;0;1.000;39.00;194.56;Базовый
2026-08-10T13:00:55.555;111.911;387;2;LOCK;1309.4009;868.0227;1.0000;0;1.000;53.00;205.72;Базовый
2026-08-10T13:00:55.837;112.194;388;1;LOCK;1252.4424;913.4230;0.9996;0;1.000;46.00;204.24;Базовый
2026-08-10T13:00:55.837;112.194;388;2;LOCK;1309.3744;868.0422;1.0000;0;1.000;53.00;205.88;Базовый
2026-08-10T13:00:56.129;112.486;389;1;LOCK;1252.4336;913.4920;0.9993;0;1.000;45.00;203.12;Базовый
2026-08-10T13:00:56.129;112.486;389;2;LOCK;1309.3571;868.0606;1.0000;0;1.000;53.00;205.20;Базовый
2026-08-10T13:00:56.419;112.776;390;1;HOLD;1252.4336;913.4920;0.9550;3;1.102;45.00;203.12;Базовый
2026-08-10T13:00:56.419;112.776;390;2;LOCK;1309.4262;868.0621;0.9999;0;1.000;51.00;205.04;Базовый
2026-08-10T13:00:56.715;113.072;391;1;HOLD;1253.1028;913.6802;0.9694;2;1.068;74.00;209.52;Базовый
2026-08-10T13:00:56.715;113.072;391;2;LOCK;1309.4593;868.0583;0.9999;0;1.000;53.00;204.00;Базовый
2026-08-10T13:00:56.995;113.352;392;1;LOCK;1253.0764;913.5893;0.9991;0;1.000;49.00;210.04;Базовый
2026-08-10T13:00:56.995;113.352;392;2;LOCK;1309.4566;868.0248;0.9999;0;1.000;54.00;205.36;Базовый
2026-08-10T13:00:57.277;113.633;393;1;HOLD;1253.0180;913.4643;0.9841;1;1.034;50.00;203.16;Базовый
2026-08-10T13:00:57.277;113.633;393;2;LOCK;1309.4599;867.9897;0.9999;0;1.000;53.00;205.36;Базовый
2026-08-10T13:00:57.569;113.926;394;1;LOCK;1252.9346;913.3380;0.9988;0;1.000;52.00;210.32;Базовый
2026-08-10T13:00:57.569;113.926;394;2;LOCK;1309.4300;867.9570;0.9999;0;1.000;54.00;206.16;Базовый
2026-08-10T13:00:57.860;114.217;395;1;LOCK;1252.8425;913.2082;0.9995;0;1.000;52.00;202.16;Базовый
2026-08-10T13:00:57.860;114.217;395;2;LOCK;1309.4196;867.9514;0.9999;0;1.000;54.00;206.16;Базовый
2026-08-10T13:00:58.161;114.518;396;1;LOCK;1252.7445;913.0979;0.9995;0;1.000;53.00;202.84;Базовый
2026-08-10T13:00:58.161;114.518;396;2;LOCK;1309.4102;867.9484;0.9999;0;1.000;54.00;206.00;Базовый
2026-08-10T13:00:58.461;114.818;397;1;HOLD;1252.7445;913.0979;0.9552;3;1.102;53.00;202.84;Базовый
2026-08-10T13:00:58.461;114.818;397;2;LOCK;1309.3922;867.9522;0.9999;0;1.000;54.00;206.32;Базовый
2026-08-10T13:00:58.753;115.110;398;1;HOLD;1252.6606;913.0407;0.9691;2;1.068;54.00;211.16;Базовый
2026-08-10T13:00:58.753;115.110;398;2;LOCK;1309.4783;867.9755;0.9998;0;1.000;49.00;206.32;Базовый
2026-08-10T13:00:59.036;115.392;399;1;LOCK;1252.5960;913.0102;0.9988;0;1.000;54.00;210.48;Базовый
2026-08-10T13:00:59.036;115.392;399;2;LOCK;1309.5017;868.0054;0.9997;0;1.000;52.00;205.64;Базовый
2026-08-10T13:00:59.323;115.680;400;1;HOLD;1252.5960;913.0102;0.9839;1;1.034;54.00;210.48;Базовый
2026-08-10T13:00:59.323;115.680;400;2;LOCK;1309.5208;868.0213;0.9999;0;1.000;51.00;204.28;Базовый
2026-08-10T13:00:59.621;115.977;401;1;LOCK;1252.5435;912.9880;0.9988;0;1.000;47.00;210.32;Базовый
2026-08-10T13:00:59.621;115.977;401;2;LOCK;1309.5595;868.0600;0.9996;0;1.000;51.00;206.68;Базовый
2026-08-10T13:00:59.909;116.265;402;1;HOLD;1252.5435;912.9880;0.9691;2;1.068;47.00;210.32;Базовый
2026-08-10T13:00:59.909;116.265;402;2;LOCK;1309.5415;868.0669;0.9998;0;1.000;52.00;206.68;Базовый
2026-08-10T13:01:00.208;116.565;403;1;HOLD;1252.4892;912.9971;0.9841;1;1.034;47.00;211.16;Базовый
2026-08-10T13:01:00.208;116.565;403;2;LOCK;1309.4975;868.0611;0.9999;0;1.000;52.00;206.68;Базовый
2026-08-10T13:01:00.505;116.862;404;1;LOCK;1252.4489;912.9987;0.9993;0;1.000;48.00;211.00;Базовый
2026-08-10T13:01:00.505;116.862;404;2;LOCK;1309.4609;868.0472;0.9999;0;1.000;52.00;206.68;Базовый
2026-08-10T13:01:00.801;117.158;405;1;HOLD;1252.4489;912.9987;0.9550;3;1.102;48.00;211.00;Базовый
2026-08-10T13:01:00.801;117.158;405;2;LOCK;1309.4434;868.0350;0.9999;0;1.000;52.00;206.68;Базовый
2026-08-10T13:01:01.088;117.445;406;1;HOLD;1252.4310;913.0158;0.9845;1;1.034;50.00;210.84;Базовый
2026-08-10T13:01:01.088;117.445;406;2;LOCK;1309.4423;868.0311;0.9999;0;1.000;52.00;206.68;Базовый
2026-08-10T13:01:01.370;117.727;407;1;HOLD;1252.4310;913.0158;0.9552;3;1.102;50.00;210.84;Базовый
2026-08-10T13:01:01.370;117.727;407;2;LOCK;1309.4805;868.0102;0.9997;0;1.000;52.00;205.84;Базовый
2026-08-10T13:01:01.662;118.019;408;1;HOLD;1252.4196;913.0232;0.9691;2;1.068;55.00;209.68;Базовый
2026-08-10T13:01:01.662;118.019;408;2;LOCK;1309.5362;867.9843;0.9997;0;1.000;52.00;205.16;Базовый
2026-08-10T13:01:01.960;118.316;409;1;LOCK;1252.4054;913.0124;0.9997;0;1.000;53.00;203.80;Базовый
2026-08-10T13:01:01.960;118.316;409;2;LOCK;1309.5689;867.9718;0.9997;0;1.000;52.00;205.16;Базовый
2026-08-10T13:01:02.260;118.617;410;1;LOCK;1252.3759;912.9942;0.9997;0;1.000;53.00;203.80;Базовый
2026-08-10T13:01:02.260;118.617;410;2;LOCK;1309.5759;867.9717;0.9997;0;1.000;52.00;205.16;Базовый
2026-08-10T13:01:02.554;118.910;411;1;LOCK;1252.3692;912.9892;0.9997;0;1.000;53.00;203.80;Базовый
2026-08-10T13:01:02.554;118.910;411;2;LOCK;1309.5741;867.9734;0.9997;0;1.000;52.00;205.16;Базовый
2026-08-10T13:01:02.841;119.198;412;1;LOCK;1252.3644;912.9850;0.9997;0;1.000;53.00;203.80;Базовый
2026-08-10T13:01:02.841;119.198;412;2;LOCK;1309.5709;867.9755;0.9997;0;1.000;52.00;205.16;Базовый
2026-08-10T13:01:03.141;119.498;413;1;LOCK;1252.3644;912.9850;0.9997;0;1.000;53.00;203.80;Базовый
2026-08-10T13:01:03.141;119.498;413;2;LOCK;1309.5709;867.9755;0.9997;0;1.000;52.00;205.16;Базовый
2026-08-10T13:01:03.433;119.790;414;1;LOCK;1252.3644;912.9850;0.9997;0;1.000;53.00;203.80;Базовый
2026-08-10T13:01:03.433;119.790;414;2;LOCK;1309.5709;867.9755;0.9997;0;1.000;52.00;205.16;Базовый
2026-08-10T13:01:03.734;120.091;415;1;LOCK;1252.3644;912.9850;0.9997;0;1.000;53.00;203.80;Базовый
2026-08-10T13:01:03.734;120.091;415;2;LOCK;1309.5709;867.9755;0.9997;0;1.000;52.00;205.16;Базовый
2026-08-10T13:01:04.025;120.382;416;1;HOLD;1252.3644;912.9850;0.9553;3;1.102;53.00;203.80;Базовый
2026-08-10T13:01:04.025;120.382;416;2;LOCK;1309.5265;867.9335;0.9999;0;1.000;54.00;204.68;Базовый
2026-08-10T13:01:04.321;120.678;417;1;HOLD;1252.3816;912.9727;0.9696;2;1.068;51.00;208.20;Базовый
2026-08-10T13:01:04.321;120.678;417;2;LOCK;1309.4895;867.9008;0.9999;0;1.000;54.00;204.68;Базовый
2026-08-10T13:01:04.615;120.971;418;1;HOLD;1252.3816;912.9727;0.9550;3;1.102;51.00;208.20;Базовый
2026-08-10T13:01:04.615;120.971;418;2;LOCK;1309.4814;867.8940;0.9999;0;1.000;54.00;204.68;Базовый
2026-08-10T13:01:04.911;121.268;419;1;HOLD;1252.3955;912.9789;0.9697;2;1.068;54.00;209.72;Базовый
2026-08-10T13:01:04.911;121.268;419;2;LOCK;1309.4699;867.8864;0.9999;0;1.000;54.00;204.68;Базовый
2026-08-10T13:01:05.197;121.554;420;1;LOCK;1252.4086;912.9816;0.9993;0;1.000;52.00;208.20;Базовый
2026-08-10T13:01:05.197;121.554;420;2;LOCK;1309.4711;867.8889;0.9999;0;1.000;54.00;204.68;Базовый
2026-08-10T13:01:05.486;121.843;421;1;LOCK;1252.4551;912.9433;0.9995;0;1.000;51.00;203.80;Базовый
2026-08-10T13:01:05.486;121.843;421;2;LOCK;1309.4231;867.9427;0.9999;0;1.000;54.00;205.32;Базовый
2026-08-10T13:01:05.774;122.131;422;1;LOCK;1252.4672;912.9315;0.9995;0;1.000;51.00;203.80;Базовый
2026-08-10T13:01:05.774;122.131;422;2;LOCK;1309.4093;867.9595;0.9999;0;1.000;54.00;205.32;Базовый
2026-08-10T13:01:06.072;122.428;423;1;LOCK;1252.4930;912.9277;0.9995;0;1.000;53.00;203.80;Базовый
2026-08-10T13:01:06.072;122.428;423;2;LOCK;1309.3883;867.9864;0.9999;0;1.000;54.00;205.32;Базовый
2026-08-10T13:01:06.378;122.735;424;1;LOCK;1252.5496;912.9633;0.9995;0;1.000;54.00;203.12;Базовый
2026-08-10T13:01:06.378;122.735;424;2;LOCK;1309.4129;868.0423;0.9999;0;1.000;52.00;206.32;Базовый
2026-08-10T13:01:06.663;123.020;425;1;LOCK;1252.5777;912.9805;0.9995;0;1.000;54.00;203.12;Базовый
2026-08-10T13:01:06.663;123.020;425;2;LOCK;1309.4354;868.0642;0.9999;0;1.000;52.00;206.32;Базовый
2026-08-10T13:01:06.958;123.315;426;1;LOCK;1252.5372;912.9839;0.9997;0;1.000;54.00;203.80;Базовый
2026-08-10T13:01:06.958;123.315;426;2;LOCK;1309.4648;868.0585;0.9999;0;1.000;53.00;204.96;Базовый
2026-08-10T13:01:07.246;123.603;427;1;LOCK;1252.5053;913.0082;0.9997;0;1.000;54.00;203.80;Базовый
2026-08-10T13:01:07.246;123.603;427;2;LOCK;1309.4771;868.0545;0.9999;0;1.000;52.00;206.32;Базовый
2026-08-10T13:01:07.541;123.898;428;1;HOLD;1252.5053;913.0082;0.9553;3;1.102;54.00;203.80;Базовый
2026-08-10T13:01:07.541;123.898;428;2;LOCK;1309.4874;867.9962;0.9999;0;1.000;53.00;206.00;Базовый
2026-08-10T13:01:07.846;124.203;429;1;HOLD;1252.4951;913.0229;0.9697;2;1.068;56.00;206.80;Базовый
2026-08-10T13:01:07.846;124.203;429;2;LOCK;1309.4861;867.9507;0.9999;0;1.000;53.00;206.00;Базовый
2026-08-10T13:01:08.144;124.501;430;1;HOLD;1252.4881;913.0341;0.9845;1;1.034;56.00;207.48;Базовый
2026-08-10T13:01:08.144;124.501;430;2;LOCK;1309.4793;867.9310;0.9999;0;1.000;53.00;206.00;Базовый
2026-08-10T13:01:08.446;124.802;431;1;LOCK;1252.4892;913.0355;0.9993;0;1.000;55.00;209.52;Базовый
2026-08-10T13:01:08.446;124.802;431;2;LOCK;1309.4725;867.9331;0.9999;0;1.000;53.00;206.00;Базовый
2026-08-10T13:01:08.742;125.099;432;1;HOLD;1252.4892;913.0355;0.9550;3;1.102;55.00;209.52;Базовый
2026-08-10T13:01:08.742;125.099;432;2;LOCK;1309.4681;867.9453;0.9999;0;1.000;53.00;205.32;Базовый
2026-08-10T13:01:09.027;125.383;433;1;HOLD;1252.4999;913.0311;0.9696;2;1.068;54.00;210.20;Базовый
2026-08-10T13:01:09.027;125.383;433;2;LOCK;1309.4537;867.9408;0.9999;0;1.000;55.00;203.28;Базовый
2026-08-10T13:01:09.313;125.670;434;1;LOCK;1252.4851;913.0312;0.9993;0;1.000;49.00;210.20;Базовый
2026-08-10T13:01:09.313;125.670;434;2;LOCK;1309.4336;867.9413;0.9999;0;1.000;55.00;206.32;Базовый
2026-08-10T13:01:09.600;125.957;435;1;HOLD;1252.4851;913.0312;0.9695;2;1.068;49.00;210.20;Базовый
2026-08-10T13:01:09.600;125.957;435;2;LOCK;1309.4228;867.9327;0.9999;0;1.000;55.00;206.32;Базовый
2026-08-10T13:01:09.892;126.249;436;1;HOLD;1252.4698;913.0324;0.9845;1;1.034;49.00;209.88;Базовый
2026-08-10T13:01:09.892;126.249;436;2;LOCK;1309.4165;867.9219;0.9999;0;1.000;55.00;206.32;Базовый
2026-08-10T13:01:10.185;126.542;437;1;LOCK;1252.4645;913.0107;0.9995;0;1.000;54.00;209.88;Базовый
2026-08-10T13:01:10.185;126.542;437;2;LOCK;1309.4122;867.9179;1.0000;0;1.000;55.00;206.32;Базовый
2026-08-10T13:01:10.479;126.836;438;1;HOLD;1252.4645;913.0107;0.9552;3;1.102;54.00;209.88;Базовый
2026-08-10T13:01:10.479;126.836;438;2;LOCK;1309.4113;867.9321;0.9999;0;1.000;54.00;207.00;Базовый
2026-08-10T13:01:10.764;127.121;439;1;HOLD;1252.4480;913.0075;0.9845;1;1.034;53.00;209.88;Базовый
2026-08-10T13:01:10.764;127.121;439;2;LOCK;1309.4352;867.9677;0.9999;0;1.000;52.00;206.32;Базовый
2026-08-10T13:01:11.045;127.402;440;1;HOLD;1252.4480;913.0075;0.9552;3;1.102;53.00;209.88;Базовый
2026-08-10T13:01:11.045;127.402;440;2;LOCK;1309.4575;868.0151;0.9999;0;1.000;52.00;206.32;Базовый
2026-08-10T13:01:11.342;127.699;441;1;HOLD;1252.4135;913.0010;0.9697;2;1.068;53.00;208.00;Базовый
2026-08-10T13:01:11.342;127.699;441;2;LOCK;1309.4593;868.0250;0.9999;0;1.000;54.00;206.36;Базовый
2026-08-10T13:01:11.628;127.985;442;1;LOCK;1252.4122;913.0027;0.9995;0;1.000;54.00;210.20;Базовый
2026-08-10T13:01:11.628;127.985;442;2;LOCK;1309.4439;868.0192;0.9999;0;1.000;54.00;205.00;Базовый
2026-08-10T13:01:11.927;128.283;443;1;HOLD;1252.4122;913.0027;0.9552;3;1.102;54.00;210.20;Базовый
2026-08-10T13:01:11.927;128.283;443;2;LOCK;1309.4510;868.0473;1.0000;0;1.000;52.00;206.00;Базовый
2026-08-10T13:01:12.223;128.580;444;1;HOLD;1252.4150;913.0048;0.9697;2;1.068;54.00;210.20;Базовый
2026-08-10T13:01:12.223;128.580;444;2;LOCK;1309.4602;868.0660;1.0000;0;1.000;52.00;206.00;Базовый
2026-08-10T13:01:12.510;128.867;445;1;LOCK;1252.4193;913.0072;0.9995;0;1.000;54.00;209.52;Базовый
2026-08-10T13:01:12.510;128.867;445;2;LOCK;1309.4447;868.0456;0.9999;0;1.000;54.00;206.68;Базовый
2026-08-10T13:01:12.796;129.153;446;1;HOLD;1252.4193;913.0072;0.9697;2;1.068;54.00;209.52;Базовый
2026-08-10T13:01:12.796;129.153;446;2;LOCK;1309.4284;868.0218;0.9999;0;1.000;54.00;206.68;Базовый
2026-08-10T13:01:13.085;129.441;447;1;HOLD;1252.3979;913.0126;0.9845;1;1.034;57.00;210.20;Базовый
2026-08-10T13:01:13.085;129.441;447;2;LOCK;1309.4209;868.0083;0.9999;0;1.000;54.00;205.32;Базовый
2026-08-10T13:01:13.378;129.735;448;1;LOCK;1252.4141;913.0333;0.9995;0;1.000;47.00;208.48;Базовый
2026-08-10T13:01:13.378;129.735;448;2;LOCK;1309.4903;867.9721;0.9997;0;1.000;52.00;206.68;Базовый
2026-08-10T13:01:13.667;130.024;449;1;HOLD;1252.4141;913.0333;0.9698;2;1.068;47.00;208.48;Базовый
2026-08-10T13:01:13.667;130.024;449;2;LOCK;1309.5325;867.9586;0.9997;0;1.000;52.00;206.68;Базовый
2026-08-10T13:01:13.957;130.314;450;1;HOLD;1252.4165;913.0622;0.9845;1;1.034;49.00;210.52;Базовый
2026-08-10T13:01:13.957;130.314;450;2;LOCK;1309.5277;867.9541;0.9999;0;1.000;53.00;206.00;Базовый
2026-08-10T13:01:14.252;130.609;451;1;LOCK;1252.4083;913.0930;0.9995;0;1.000;50.00;210.68;Базовый
2026-08-10T13:01:14.252;130.609;451;2;LOCK;1309.5026;867.9612;0.9999;0;1.000;53.00;206.00;Базовый
2026-08-10T13:01:14.542;130.899;452;1;HOLD;1252.4083;913.0930;0.9698;2;1.068;50.00;210.68;Базовый
2026-08-10T13:01:14.542;130.899;452;2;LOCK;1309.4578;867.9727;0.9999;0;1.000;54.00;206.68;Базовый
2026-08-10T13:01:14.824;131.181;453;1;LOCK;1252.3775;913.0878;0.9995;0;1.000;56.00;210.00;Базовый
2026-08-10T13:01:14.824;131.181;453;2;LOCK;1309.3942;867.9492;0.9999;0;1.000;54.00;203.96;Базовый
2026-08-10T13:01:15.106;131.463;454;1;HOLD;1252.3775;913.0878;0.9697;2;1.068;56.00;210.00;Базовый
2026-08-10T13:01:15.106;131.463;454;2;LOCK;1309.3513;867.9686;1.0000;0;1.000;52.00;206.32;Базовый
2026-08-10T13:01:15.396;131.752;455;1;LOCK;1252.4036;913.0673;0.9988;0;1.000;51.00;209.84;Базовый
2026-08-10T13:01:15.396;131.752;455;2;LOCK;1309.3543;867.9540;0.9999;0;1.000;55.00;206.00;Базовый
2026-08-10T13:01:15.696;132.052;456;1;HOLD;1252.4036;913.0673;0.9546;3;1.102;51.00;209.84;Базовый
2026-08-10T13:01:15.696;132.052;456;2;LOCK;1309.4073;867.9591;1.0000;0;1.000;53.00;206.16;Базовый
2026-08-10T13:01:15.984;132.341;457;1;HOLD;1252.4311;913.0463;0.9839;1;1.034;51.00;209.00;Базовый
2026-08-10T13:01:15.984;132.341;457;2;LOCK;1309.4445;867.9627;1.0000;0;1.000;53.00;206.32;Базовый
2026-08-10T13:01:16.287;132.644;458;1;HOLD;1252.4311;913.0463;0.9691;2;1.068;51.00;209.00;Базовый
2026-08-10T13:01:16.287;132.644;458;2;LOCK;1309.4604;867.9646;1.0000;0;1.000;53.00;206.32;Базовый
2026-08-10T13:01:16.581;132.938;459;1;HOLD;1252.4311;913.0463;0.9546;3;1.102;51.00;209.00;Базовый
2026-08-10T13:01:16.581;132.938;459;2;LOCK;1309.4740;867.9662;1.0000;0;1.000;53.00;205.64;Базовый
2026-08-10T13:01:16.863;133.220;460;1;HOLD;1252.4325;913.0265;0.9840;1;1.034;52.00;210.00;Базовый
2026-08-10T13:01:16.863;133.220;460;2;LOCK;1309.4691;867.9602;1.0000;0;1.000;54.00;206.32;Базовый
2026-08-10T13:01:17.158;133.515;461;1;LOCK;1252.4230;913.0210;0.9995;0;1.000;55.00;210.68;Базовый
2026-08-10T13:01:17.158;133.515;461;2;LOCK;1309.4788;867.9618;1.0000;0;1.000;53.00;206.16;Базовый
2026-08-10T13:01:17.469;133.826;462;1;HOLD;1252.4230;913.0210;0.9552;3;1.102;55.00;210.68;Базовый
2026-08-10T13:01:17.469;133.826;462;2;LOCK;1309.4684;867.9680;0.9999;0;1.000;51.00;206.16;Базовый
2026-08-10T13:01:17.768;134.125;463;1;HOLD;1252.4397;913.0143;0.9841;1;1.034;55.00;208.20;Базовый
2026-08-10T13:01:17.768;134.125;463;2;LOCK;1309.4452;867.9808;0.9999;0;1.000;51.00;205.68;Базовый
2026-08-10T13:01:18.063;134.420;464;1;LOCK;1252.4557;913.0129;0.9995;0;1.000;55.00;209.88;Базовый
2026-08-10T13:01:18.063;134.420;464;2;LOCK;1309.4158;867.9956;0.9999;0;1.000;51.00;205.68;Базовый
2026-08-10T13:01:18.363;134.720;465;1;HOLD;1252.4557;913.0129;0.9552;3;1.102;55.00;209.88;Базовый
2026-08-10T13:01:18.363;134.720;465;2;LOCK;1309.4064;867.9568;0.9999;0;1.000;52.00;205.68;Базовый
2026-08-10T13:01:18.655;135.012;466;1;HOLD;1252.4695;913.0128;0.9697;2;1.068;55.00;209.72;Базовый
2026-08-10T13:01:18.655;135.012;466;2;HOLD;1309.4064;867.9568;0.9556;3;1.102;52.00;205.68;Базовый
2026-08-10T13:01:18.950;135.306;467;1;HOLD;1252.4617;913.0225;0.9845;1;1.034;57.00;209.88;Базовый
2026-08-10T13:01:18.950;135.306;467;2;HOLD;1309.4064;867.9605;0.9701;2;1.068;51.00;207.44;Базовый
2026-08-10T13:01:19.228;135.585;468;1;HOLD;1252.4617;913.0225;0.9552;3;1.102;57.00;209.88;Базовый
2026-08-10T13:01:19.228;135.585;468;2;HOLD;1309.4064;867.9605;0.9412;4;1.136;51.00;207.44;Базовый
2026-08-10T13:01:19.522;135.879;469;1;HOLD;1253.0828;913.2811;0.9433;1;1.049;77.00;214.92;Базовый
2026-08-10T13:01:19.522;135.879;469;2;LOCK;1309.4059;867.9683;0.9999;0;1.000;54.00;206.36;Базовый
2026-08-10T13:01:19.812;136.168;470;1;LOCK;1253.0690;913.2844;0.9995;0;1.000;56.00;209.36;Базовый
2026-08-10T13:01:19.812;136.168;470;2;LOCK;1309.4061;867.9731;0.9999;0;1.000;54.00;205.16;Базовый
2026-08-10T13:01:20.111;136.468;471;1;HOLD;1253.0690;913.2844;0.9552;3;1.102;56.00;209.36;Базовый
2026-08-10T13:01:20.111;136.468;471;2;LOCK;1309.4074;867.9783;1.0000;0;1.000;54.00;204.48;Базовый
2026-08-10T13:01:20.408;136.765;472;1;HOLD;1252.9943;913.2623;0.9697;2;1.068;56.00;209.68;Базовый
2026-08-10T13:01:20.408;136.765;472;2;LOCK;1309.4055;867.9782;1.0000;0;1.000;54.00;204.48;Базовый
2026-08-10T13:01:20.691;137.048;473;1;LOCK;1252.9115;913.2114;0.9993;0;1.000;54.00;209.68;Базовый
2026-08-10T13:01:20.691;137.048;473;2;LOCK;1309.4043;867.9770;1.0000;0;1.000;54.00;205.16;Базовый
2026-08-10T13:01:20.979;137.336;474;1;HOLD;1252.9115;913.2114;0.9695;2;1.068;54.00;209.68;Базовый
2026-08-10T13:01:20.979;137.336;474;2;LOCK;1309.4044;867.9773;0.9999;0;1.000;54.00;204.48;Базовый
2026-08-10T13:01:21.285;137.642;475;1;LOCK;1252.6831;913.1508;0.9997;0;1.000;59.00;202.12;Базовый
2026-08-10T13:01:21.285;137.642;475;2;LOCK;1309.4069;867.9797;0.9999;0;1.000;54.00;206.00;Базовый
2026-08-10T13:01:21.573;137.930;476;1;HOLD;1252.6831;913.1508;0.9553;3;1.102;59.00;202.12;Базовый
2026-08-10T13:01:21.573;137.930;476;2;LOCK;1309.4128;867.9860;0.9999;0;1.000;54.00;205.32;Базовый
2026-08-10T13:01:21.868;138.225;477;1;LOCK;1252.5948;913.1252;0.9993;0;1.000;57.00;209.16;Базовый
2026-08-10T13:01:21.868;138.225;477;2;LOCK;1309.4145;867.9876;0.9999;0;1.000;54.00;206.52;Базовый
2026-08-10T13:01:22.159;138.515;478;1;HOLD;1252.5948;913.1252;0.9550;3;1.102;57.00;209.16;Базовый
2026-08-10T13:01:22.159;138.515;478;2;LOCK;1309.4179;867.9906;0.9999;0;1.000;54.00;206.52;Базовый
2026-08-10T13:01:22.444;138.801;479;1;HOLD;1252.5619;913.1253;0.9847;1;1.034;51.00;208.48;Базовый
2026-08-10T13:01:22.444;138.801;479;2;LOCK;1309.4183;867.9913;0.9999;0;1.000;54.00;205.84;Базовый
2026-08-10T13:01:22.741;139.098;480;1;HOLD;1252.5619;913.1253;0.9699;2;1.068;51.00;208.48;Базовый
2026-08-10T13:01:22.741;139.098;480;2;LOCK;1309.4182;867.9913;0.9999;0;1.000;54.00;205.84;Базовый
2026-08-10T13:01:23.037;139.394;481;1;HOLD;1252.5376;913.1393;0.9847;1;1.034;52.00;210.00;Базовый
2026-08-10T13:01:23.037;139.394;481;2;LOCK;1309.4169;867.9903;0.9999;0;1.000;54.00;206.00;Базовый
2026-08-10T13:01:23.339;139.696;482;1;LOCK;1252.5111;913.1139;0.9993;0;1.000;50.00;210.52;Базовый
2026-08-10T13:01:23.339;139.696;482;2;LOCK;1309.4122;867.9855;0.9999;0;1.000;54.00;206.64;Базовый
2026-08-10T13:01:23.637;139.994;483;1;HOLD;1252.5111;913.1139;0.9550;3;1.102;50.00;210.52;Базовый
2026-08-10T13:01:23.637;139.994;483;2;LOCK;1309.4068;867.9798;0.9999;0;1.000;54.00;206.64;Базовый
2026-08-10T13:01:23.932;140.289;484;1;LOCK;1252.4154;913.0673;0.9995;0;1.000;53.00;203.32;Базовый
2026-08-10T13:01:23.932;140.289;484;2;LOCK;1309.4049;867.9765;0.9999;0;1.000;54.00;205.96;Базовый
2026-08-10T13:01:24.234;140.591;485;1;LOCK;1252.3550;913.0166;0.9995;0;1.000;53.00;203.32;Базовый
2026-08-10T13:01:24.234;140.591;485;2;LOCK;1309.3879;867.9607;1.0000;0;1.000;51.00;206.64;Базовый
2026-08-10T13:01:24.514;140.871;486;1;HOLD;1252.3550;913.0166;0.9697;2;1.068;53.00;203.32;Базовый
2026-08-10T13:01:24.514;140.871;486;2;LOCK;1309.4002;867.9561;1.0000;0;1.000;52.00;207.00;Базовый
2026-08-10T13:01:24.812;141.169;487;1;HOLD;1252.3639;913.0061;0.9843;1;1.034;50.00;209.00;Базовый
2026-08-10T13:01:24.812;141.169;487;2;LOCK;1309.4484;868.0009;0.9999;0;1.000;52.00;207.16;Базовый
2026-08-10T13:01:25.096;141.453;488;1;HOLD;1252.3639;913.0061;0.9550;3;1.102;50.00;209.00;Базовый
2026-08-10T13:01:25.096;141.453;488;2;LOCK;1309.4752;868.0301;0.9999;0;1.000;52.00;207.16;Базовый
2026-08-10T13:01:25.381;141.738;489;1;HOLD;1252.3769;913.0159;0.9847;1;1.034;51.00;209.84;Базовый
2026-08-10T13:01:25.381;141.738;489;2;LOCK;1309.4603;868.0247;0.9999;0;1.000;54.00;205.04;Базовый
2026-08-10T13:01:25.681;142.038;490;1;LOCK;1252.3912;913.0278;0.9997;0;1.000;51.00;209.68;Базовый
2026-08-10T13:01:25.681;142.038;490;2;LOCK;1309.4257;868.0029;0.9999;0;1.000;54.00;205.04;Базовый
2026-08-10T13:01:25.976;142.332;491;1;HOLD;1252.3912;913.0278;0.9554;3;1.102;51.00;209.68;Базовый
2026-08-10T13:01:25.976;142.332;491;2;LOCK;1309.3974;867.9806;0.9999;0;1.000;54.00;205.04;Базовый
2026-08-10T13:01:26.275;142.632;492;1;HOLD;1252.4171;913.0461;0.9699;2;1.068;54.00;210.52;Базовый
2026-08-10T13:01:26.275;142.632;492;2;LOCK;1309.3837;867.9675;0.9999;0;1.000;54.00;205.04;Базовый
2026-08-10T13:01:26.564;142.921;493;1;HOLD;1252.4171;913.0461;0.9554;3;1.102;54.00;210.52;Базовый
2026-08-10T13:01:26.564;142.921;493;2;LOCK;1309.3822;867.9655;0.9999;0;1.000;54.00;205.04;Базовый
2026-08-10T13:01:26.855;143.212;494;1;HOLD;1252.4291;913.0412;0.9697;2;1.068;52.00;207.80;Базовый
2026-08-10T13:01:26.855;143.212;494;2;LOCK;1309.3850;867.9641;0.9999;0;1.000;54.00;204.36;Базовый
2026-08-10T13:01:27.161;143.518;495;1;HOLD;1252.4475;913.0322;0.9845;1;1.034;53.00;207.80;Базовый
2026-08-10T13:01:27.161;143.518;495;2;LOCK;1309.3925;867.9675;0.9999;0;1.000;54.00;204.36;Базовый
2026-08-10T13:01:27.462;143.819;496;1;HOLD;1252.4475;913.0322;0.9697;2;1.068;53.00;207.80;Базовый
2026-08-10T13:01:27.462;143.819;496;2;LOCK;1309.4079;867.9818;0.9999;0;1.000;52.00;205.16;Базовый
2026-08-10T13:01:27.757;144.113;497;1;LOCK;1252.4585;913.0365;0.9997;0;1.000;56.00;209.84;Базовый
2026-08-10T13:01:27.757;144.113;497;2;LOCK;1309.4382;868.0111;0.9999;0;1.000;52.00;205.84;Базовый
2026-08-10T13:01:28.050;144.406;498;1;HOLD;1252.4585;913.0365;0.9699;2;1.068;56.00;209.84;Базовый
2026-08-10T13:01:28.050;144.406;498;2;LOCK;1309.4630;868.0364;0.9999;0;1.000;52.00;204.48;Базовый
2026-08-10T13:01:28.347;144.704;499;1;HOLD;1252.4665;913.0411;0.9847;1;1.034;56.00;210.00;Базовый
2026-08-10T13:01:28.347;144.704;499;2;LOCK;1309.4833;868.0585;0.9999;0;1.000;52.00;204.48;Базовый
2026-08-10T13:01:28.636;144.993;500;1;HOLD;1252.4665;913.0411;0.9553;3;1.102;56.00;210.00;Базовый
2026-08-10T13:01:28.636;144.993;500;2;LOCK;1309.4865;868.0626;0.9999;0;1.000;52.00;204.48;Базовый
2026-08-10T13:01:28.931;145.288;501;1;LOCK;1252.4720;913.0453;0.9997;0;1.000;56.00;210.00;Базовый
2026-08-10T13:01:28.931;145.288;501;2;LOCK;1309.4858;868.0621;0.9999;0;1.000;52.00;204.48;Базовый
2026-08-10T13:01:29.229;145.586;502;1;HOLD;1252.4720;913.0453;0.9553;3;1.102;56.00;210.00;Базовый
2026-08-10T13:01:29.229;145.586;502;2;LOCK;1309.4776;868.0545;0.9999;0;1.000;52.00;204.48;Базовый
2026-08-10T13:01:29.530;145.887;503;1;LOCK;1252.4958;912.9809;0.9995;0;1.000;52.00;203.16;Базовый
2026-08-10T13:01:29.530;145.887;503;2;LOCK;1309.4453;867.9673;0.9999;0;1.000;52.00;205.32;Базовый
2026-08-10T13:01:29.822;146.178;504;1;LOCK;1252.4993;912.9487;0.9995;0;1.000;53.00;203.16;Базовый
2026-08-10T13:01:29.822;146.178;504;2;LOCK;1309.4219;867.8995;0.9999;0;1.000;52.00;205.48;Базовый
2026-08-10T13:01:30.115;146.471;505;1;LOCK;1252.4947;912.9419;0.9995;0;1.000;53.00;203.16;Базовый
2026-08-10T13:01:30.115;146.471;505;2;LOCK;1309.4133;867.8701;0.9999;0;1.000;52.00;205.64;Базовый
2026-08-10T13:01:30.404;146.761;506;1;LOCK;1252.4684;912.9639;0.9995;0;1.000;54.00;203.16;Базовый
2026-08-10T13:01:30.404;146.761;506;2;LOCK;1309.4143;867.8687;0.9999;0;1.000;52.00;204.28;Базовый
2026-08-10T13:01:30.685;147.042;507;1;LOCK;1252.4436;912.9881;0.9995;0;1.000;54.00;202.48;Базовый
2026-08-10T13:01:30.685;147.042;507;2;LOCK;1309.4181;867.8763;0.9999;0;1.000;52.00;204.28;Базовый
2026-08-10T13:01:30.986;147.343;508;1;LOCK;1252.4191;913.0170;0.9995;0;1.000;54.00;202.48;Базовый
2026-08-10T13:01:30.986;147.343;508;2;LOCK;1309.4257;867.8941;0.9999;0;1.000;52.00;206.32;Базовый
2026-08-10T13:01:31.286;147.643;509;1;HOLD;1252.4119;913.0237;0.9845;1;1.034;54.00;202.84;Базовый
2026-08-10T13:01:31.286;147.643;509;2;LOCK;1309.4303;867.9270;0.9999;0;1.000;51.00;207.00;Базовый
2026-08-10T13:01:31.583;147.939;510;1;LOCK;1252.4047;913.0407;0.9991;0;1.000;50.00;209.84;Базовый
2026-08-10T13:01:31.583;147.939;510;2;LOCK;1309.4316;867.9656;0.9997;0;1.000;51.00;207.32;Базовый
2026-08-10T13:01:31.877;148.233;511;1;HOLD;1252.4047;913.0407;0.9548;3;1.102;50.00;209.84;Базовый
2026-08-10T13:01:31.877;148.233;511;2;LOCK;1309.4293;868.0028;0.9997;0;1.000;51.00;207.32;Базовый
2026-08-10T13:01:32.169;148.525;512;1;HOLD;1252.3992;913.0565;0.9698;2;1.068;50.00;210.52;Базовый
2026-08-10T13:01:32.169;148.525;512;2;LOCK;1309.4268;868.0166;0.9997;0;1.000;51.00;207.32;Базовый
2026-08-10T13:01:32.464;148.821;513;1;HOLD;1252.3957;913.0689;0.9847;1;1.034;50.00;210.52;Базовый
2026-08-10T13:01:32.464;148.821;513;2;LOCK;1309.4252;868.0126;0.9997;0;1.000;51.00;207.32;Базовый
2026-08-10T13:01:32.755;149.112;514;1;LOCK;1252.3933;913.0781;0.9991;0;1.000;50.00;210.36;Базовый
2026-08-10T13:01:32.755;149.112;514;2;LOCK;1309.4241;868.0009;0.9997;0;1.000;51.00;207.32;Базовый
2026-08-10T13:01:33.043;149.399;515;1;HOLD;1252.3933;913.0781;0.9694;2;1.068;50.00;210.36;Базовый
2026-08-10T13:01:33.043;149.399;515;2;LOCK;1309.4239;867.9934;0.9997;0;1.000;51.00;207.32;Базовый
2026-08-10T13:01:33.328;149.685;516;1;LOCK;1252.3831;913.0728;0.9991;0;1.000;52.00;210.32;Базовый
2026-08-10T13:01:33.328;149.685;516;2;LOCK;1309.3959;867.9953;0.9999;0;1.000;52.00;206.32;Базовый
2026-08-10T13:01:33.627;149.984;517;1;HOLD;1252.3831;913.0728;0.9548;3;1.102;52.00;210.32;Базовый
2026-08-10T13:01:33.627;149.984;517;2;LOCK;1309.3597;868.0029;0.9999;0;1.000;52.00;207.00;Базовый
2026-08-10T13:01:33.920;150.277;518;1;HOLD;1252.3739;913.0664;0.9841;1;1.034;52.00;211.16;Базовый
2026-08-10T13:01:33.920;150.277;518;2;LOCK;1309.3449;868.0079;0.9999;0;1.000;52.00;206.32;Базовый
2026-08-10T13:01:34.228;150.585;519;1;LOCK;1252.3663;913.0602;0.9991;0;1.000;52.00;210.32;Базовый
2026-08-10T13:01:34.228;150.585;519;2;LOCK;1309.3426;868.0150;0.9999;0;1.000;52.00;203.96;Базовый
2026-08-10T13:01:34.519;150.876;520;1;HOLD;1252.3663;913.0602;0.9841;1;1.034;52.00;210.32;Базовый
2026-08-10T13:01:34.519;150.876;520;2;LOCK;1309.3574;867.9976;0.9999;0;1.000;52.00;206.68;Базовый
2026-08-10T13:01:34.822;151.179;521;1;HOLD;1252.3663;913.0602;0.9694;2;1.068;52.00;210.32;Базовый
2026-08-10T13:01:34.822;151.179;521;2;LOCK;1309.3754;867.9786;0.9999;0;1.000;52.00;204.32;Базовый
2026-08-10T13:01:35.119;151.476;522;1;LOCK;1252.3311;913.0760;0.9997;0;1.000;53.00;202.68;Базовый
2026-08-10T13:01:35.119;151.476;522;2;LOCK;1309.4176;867.9756;1.0000;0;1.000;51.00;205.68;Базовый
2026-08-10T13:01:35.421;151.778;523;1;LOCK;1252.3740;913.0896;0.9995;0;1.000;54.00;202.16;Базовый
2026-08-10T13:01:35.421;151.778;523;2;LOCK;1309.4014;867.9500;0.9999;0;1.000;53.00;205.84;Базовый
2026-08-10T13:01:35.718;152.075;524;1;LOCK;1252.4011;913.0842;0.9993;0;1.000;53.00;201.48;Базовый
2026-08-10T13:01:35.718;152.075;524;2;LOCK;1309.4234;867.9246;0.9999;0;1.000;52.00;205.16;Базовый
2026-08-10T13:01:36.014;152.371;525;1;LOCK;1252.4758;913.0653;0.9993;0;1.000;53.00;202.16;Базовый
2026-08-10T13:01:36.014;152.371;525;2;LOCK;1309.4710;867.9335;0.9999;0;1.000;53.00;205.16;Базовый
2026-08-10T13:01:36.302;152.659;526;1;LOCK;1252.5078;913.0573;0.9995;0;1.000;53.00;202.84;Базовый
2026-08-10T13:01:36.302;152.659;526;2;LOCK;1309.4885;867.9493;0.9999;0;1.000;53.00;205.84;Базовый
2026-08-10T13:01:36.591;152.948;527;1;LOCK;1252.5177;913.0545;0.9995;0;1.000;53.00;202.84;Базовый
2026-08-10T13:01:36.591;152.948;527;2;LOCK;1309.4934;867.9571;0.9999;0;1.000;53.00;205.84;Базовый
2026-08-10T13:01:36.885;153.241;528;1;LOCK;1252.5261;913.0517;0.9995;0;1.000;53.00;202.84;Базовый
2026-08-10T13:01:36.885;153.241;528;2;LOCK;1309.4831;867.9526;0.9999;0;1.000;52.00;205.84;Базовый
2026-08-10T13:01:37.182;153.538;529;1;LOCK;1252.5229;913.0517;0.9995;0;1.000;53.00;202.84;Базовый
2026-08-10T13:01:37.182;153.538;529;2;LOCK;1309.4796;867.9623;0.9999;0;1.000;53.00;205.84;Базовый
2026-08-10T13:01:37.476;153.833;530;1;LOCK;1252.5268;912.9928;0.9995;0;1.000;52.00;202.16;Базовый
2026-08-10T13:01:37.476;153.833;530;2;LOCK;1309.4505;867.9739;0.9999;0;1.000;54.00;205.52;Базовый
2026-08-10T13:01:37.763;154.120;531;1;HOLD;1252.5268;912.9928;0.9697;2;1.068;52.00;202.16;Базовый
2026-08-10T13:01:37.763;154.120;531;2;LOCK;1309.4242;867.9839;0.9999;0;1.000;54.00;205.52;Базовый
2026-08-10T13:01:38.060;154.416;532;1;HOLD;1252.5268;912.9723;0.9845;1;1.034;52.00;209.36;Базовый
2026-08-10T13:01:38.060;154.416;532;2;LOCK;1309.3981;867.9917;0.9999;0;1.000;54.00;205.36;Базовый
2026-08-10T13:01:38.357;154.714;533;1;LOCK;1252.5260;912.9570;0.9995;0;1.000;52.00;209.36;Базовый
2026-08-10T13:01:38.357;154.714;533;2;LOCK;1309.4049;867.9561;1.0000;0;1.000;52.00;205.36;Базовый
2026-08-10T13:01:38.651;155.008;534;1;HOLD;1252.5260;912.9570;0.9552;3;1.102;52.00;209.36;Базовый
2026-08-10T13:01:38.651;155.008;534;2;LOCK;1309.4202;867.9245;0.9999;0;1.000;52.00;205.52;Базовый
2026-08-10T13:01:38.955;155.312;535;1;LOCK;1252.5227;912.9207;0.9995;0;1.000;52.00;202.16;Базовый
2026-08-10T13:01:38.955;155.312;535;2;LOCK;1309.4337;867.9084;0.9999;0;1.000;52.00;205.36;Базовый
2026-08-10T13:01:39.252;155.609;536;1;LOCK;1252.5221;912.9105;0.9995;0;1.000;52.00;202.52;Базовый
2026-08-10T13:01:39.252;155.609;536;2;LOCK;1309.4454;867.9314;0.9999;0;1.000;52.00;205.68;Базовый
2026-08-10T13:01:39.551;155.907;537;1;LOCK;1252.5214;912.8895;0.9995;0;1.000;52.00;202.52;Базовый
2026-08-10T13:01:39.551;155.907;537;2;LOCK;1309.4608;868.0110;0.9999;0;1.000;52.00;205.68;Базовый
2026-08-10T13:01:39.836;156.193;538;1;LOCK;1252.4620;912.9269;0.9997;0;1.000;55.00;202.52;Базовый
2026-08-10T13:01:39.836;156.193;538;2;LOCK;1309.4676;868.0666;0.9999;0;1.000;52.00;205.52;Базовый
2026-08-10T13:01:40.123;156.480;539;1;LOCK;1252.4660;912.9302;0.9995;0;1.000;52.00;202.52;Базовый
2026-08-10T13:01:40.123;156.480;539;2;LOCK;1309.4680;868.0835;0.9999;0;1.000;52.00;204.84;Базовый
2026-08-10T13:01:40.420;156.777;540;1;HOLD;1252.4660;912.9302;0.9552;3;1.102;52.00;202.52;Базовый
2026-08-10T13:01:40.420;156.777;540;2;LOCK;1309.4653;868.0842;0.9999;0;1.000;52.00;205.00;Базовый
2026-08-10T13:01:40.714;157.071;541;1;LOCK;1252.4939;912.9192;0.9995;0;1.000;52.00;202.52;Базовый
2026-08-10T13:01:40.714;157.071;541;2;LOCK;1309.4579;868.0680;1.0000;0;1.000;52.00;206.36;Базовый
2026-08-10T13:01:41.002;157.359;542;1;LOCK;1252.5037;912.9136;0.9995;0;1.000;52.00;202.52;Базовый
2026-08-10T13:01:41.002;157.359;542;2;LOCK;1309.4558;868.0617;1.0000;0;1.000;52.00;206.36;Базовый
2026-08-10T13:01:41.295;157.652;543;1;HOLD;1252.5121;912.9100;0.9845;1;1.034;52.00;202.52;Базовый
2026-08-10T13:01:41.295;157.652;543;2;LOCK;1309.4272;868.0397;0.9999;0;1.000;54.00;207.00;Базовый
2026-08-10T13:01:41.578;157.935;544;1;HOLD;1252.5121;912.9100;0.9552;3;1.102;52.00;202.52;Базовый
2026-08-10T13:01:41.578;157.935;544;2;LOCK;1309.4046;868.0072;0.9999;0;1.000;54.00;206.48;Базовый
2026-08-10T13:01:41.867;158.224;545;1;LOCK;1252.5085;912.9379;0.9995;0;1.000;56.00;209.20;Базовый
2026-08-10T13:01:41.867;158.224;545;2;LOCK;1309.3958;867.9934;0.9999;0;1.000;54.00;206.48;Базовый
2026-08-10T13:01:42.159;158.516;546;1;HOLD;1252.5085;912.9379;0.9845;1;1.034;56.00;209.20;Базовый
2026-08-10T13:01:42.159;158.516;546;2;LOCK;1309.3891;867.9821;0.9999;0;1.000;54.00;206.48;Базовый
2026-08-10T13:01:42.456;158.812;547;1;LOCK;1252.5076;912.9542;0.9995;0;1.000;50.00;207.84;Базовый
2026-08-10T13:01:42.456;158.812;547;2;LOCK;1309.3798;867.9636;0.9999;0;1.000;54.00;206.48;Базовый
2026-08-10T13:01:42.744;159.101;548;1;HOLD;1252.5076;912.9542;0.9552;3;1.102;50.00;207.84;Базовый
2026-08-10T13:01:42.744;159.101;548;2;LOCK;1309.3829;867.9645;0.9999;0;1.000;54.00;206.64;Базовый
2026-08-10T13:01:43.039;159.396;549;1;HOLD;1252.5052;912.9819;0.9694;2;1.068;49.00;209.20;Базовый
2026-08-10T13:01:43.039;159.396;549;2;LOCK;1309.3911;867.9748;0.9999;0;1.000;54.00;206.64;Базовый
2026-08-10T13:01:43.330;159.687;550;1;LOCK;1252.4802;912.9551;0.9993;0;1.000;51.00;202.84;Базовый
2026-08-10T13:01:43.330;159.687;550;2;LOCK;1309.4111;867.9627;0.9999;0;1.000;52.00;206.52;Базовый
2026-08-10T13:01:43.613;159.970;551;1;LOCK;1252.4558;912.9251;0.9995;0;1.000;51.00;203.00;Базовый
2026-08-10T13:01:43.613;159.970;551;2;LOCK;1309.4260;867.9461;0.9999;0;1.000;52.00;206.52;Базовый
2026-08-10T13:01:43.901;160.258;552;1;LOCK;1252.4368;912.9032;0.9995;0;1.000;51.00;202.84;Базовый
2026-08-10T13:01:43.901;160.258;552;2;LOCK;1309.4360;867.9314;0.9999;0;1.000;52.00;205.84;Базовый
2026-08-10T13:01:44.197;160.554;553;1;LOCK;1252.4227;912.8846;0.9995;0;1.000;51.00;202.84;Базовый
2026-08-10T13:01:44.197;160.554;553;2;LOCK;1309.4412;867.9185;0.9999;0;1.000;52.00;205.84;Базовый
2026-08-10T13:01:44.480;160.837;554;1;HOLD;1252.4227;912.8846;0.9697;2;1.068;51.00;202.84;Базовый
2026-08-10T13:01:44.480;160.837;554;2;LOCK;1309.4399;867.9162;0.9999;0;1.000;52.00;206.00;Базовый
2026-08-10T13:01:44.772;161.128;555;1;HOLD;1252.4242;912.8863;0.9840;1;1.034;51.00;207.84;Базовый
2026-08-10T13:01:44.772;161.128;555;2;LOCK;1309.4349;867.9194;0.9999;0;1.000;52.00;205.84;Базовый
2026-08-10T13:01:45.059;161.416;556;1;LOCK;1252.4268;912.8867;0.9995;0;1.000;51.00;201.16;Базовый
2026-08-10T13:01:45.059;161.416;556;2;LOCK;1309.4313;867.9234;0.9999;0;1.000;52.00;205.68;Базовый
2026-08-10T13:01:45.347;161.704;557;1;LOCK;1252.4186;912.9422;0.9997;0;1.000;55.00;202.32;Базовый
2026-08-10T13:01:45.347;161.704;557;2;LOCK;1309.4460;867.9452;0.9999;0;1.000;53.00;205.36;Базовый
2026-08-10T13:01:45.648;162.005;558;1;LOCK;1252.4075;913.0185;0.9997;0;1.000;55.00;202.48;Базовый
2026-08-10T13:01:45.648;162.005;558;2;LOCK;1309.4669;867.9731;0.9999;0;1.000;53.00;205.68;Базовый
2026-08-10T13:01:45.931;162.288;559;1;LOCK;1252.4037;913.0584;0.9997;0;1.000;55.00;201.80;Базовый
2026-08-10T13:01:45.931;162.288;559;2;LOCK;1309.4765;867.9842;0.9999;0;1.000;53.00;205.68;Базовый
2026-08-10T13:01:46.217;162.574;560;1;LOCK;1252.4024;913.0862;0.9997;0;1.000;55.00;201.80;Базовый
2026-08-10T13:01:46.217;162.574;560;2;LOCK;1309.4756;867.9807;0.9999;0;1.000;52.00;205.68;Базовый
2026-08-10T13:01:46.509;162.866;561;1;LOCK;1252.4036;913.0866;0.9997;0;1.000;55.00;201.80;Базовый
2026-08-10T13:01:46.509;162.866;561;2;LOCK;1309.4676;867.9694;0.9999;0;1.000;53.00;205.68;Базовый
2026-08-10T13:01:46.800;163.157;562;1;LOCK;1252.4054;913.0779;0.9997;0;1.000;55.00;201.80;Базовый
2026-08-10T13:01:46.800;163.157;562;2;LOCK;1309.4669;867.9682;0.9999;0;1.000;53.00;205.68;Базовый
2026-08-10T13:01:47.100;163.457;563;1;LOCK;1252.4072;913.0652;0.9997;0;1.000;55.00;202.48;Базовый
2026-08-10T13:01:47.100;163.457;563;2;LOCK;1309.4419;867.9744;0.9999;0;1.000;54.00;205.68;Базовый
2026-08-10T13:01:47.384;163.741;564;1;LOCK;1252.4315;913.0052;0.9997;0;1.000;53.00;201.84;Базовый
2026-08-10T13:01:47.384;163.741;564;2;LOCK;1309.3946;867.9865;0.9999;0;1.000;52.00;206.68;Базовый
2026-08-10T13:01:47.668;164.025;565;1;LOCK;1252.4541;912.9506;0.9997;0;1.000;53.00;202.00;Базовый
2026-08-10T13:01:47.668;164.025;565;2;LOCK;1309.3547;867.9975;0.9999;0;1.000;52.00;206.68;Базовый
2026-08-10T13:01:47.961;164.318;566;1;LOCK;1252.4963;912.9250;0.9995;0;1.000;50.00;202.00;Базовый
2026-08-10T13:01:47.961;164.318;566;2;LOCK;1309.3199;868.0081;0.9999;0;1.000;52.00;206.68;Базовый
2026-08-10T13:01:48.261;164.618;567;1;LOCK;1252.5361;912.9034;0.9995;0;1.000;52.00;201.84;Базовый
2026-08-10T13:01:48.261;164.618;567;2;LOCK;1309.3145;868.0107;0.9999;0;1.000;52.00;206.68;Базовый
2026-08-10T13:01:48.562;164.918;568;1;LOCK;1252.4994;912.9576;0.9997;0;1.000;52.00;201.52;Базовый
2026-08-10T13:01:48.562;164.918;568;2;LOCK;1309.3256;868.0079;0.9999;0;1.000;52.00;206.00;Базовый
2026-08-10T13:01:48.846;165.203;569;1;LOCK;1252.4719;913.0027;0.9997;0;1.000;51.00;201.52;Базовый
2026-08-10T13:01:48.846;165.203;569;2;LOCK;1309.3359;868.0050;0.9999;0;1.000;52.00;206.00;Базовый
2026-08-10T13:01:49.143;165.500;570;1;LOCK;1252.4762;913.0221;0.9995;0;1.000;50.00;201.52;Базовый
2026-08-10T13:01:49.143;165.500;570;2;LOCK;1309.3604;868.0195;0.9999;0;1.000;53.00;206.00;Базовый
2026-08-10T13:01:49.437;165.793;571;1;HOLD;1252.4762;913.0221;0.9552;3;1.102;50.00;201.52;Базовый
2026-08-10T13:01:49.437;165.793;571;2;LOCK;1309.4194;867.9634;0.9998;0;1.000;52.00;205.68;Базовый
2026-08-10T13:01:49.724;166.081;572;1;HOLD;1252.4535;913.0246;0.9845;1;1.034;53.00;210.36;Базовый
2026-08-10T13:01:49.724;166.081;572;2;LOCK;1309.4460;867.9286;0.9998;0;1.000;52.00;205.00;Базовый
2026-08-10T13:01:50.019;166.376;573;1;LOCK;1252.4458;913.0190;0.9982;0;1.000;52.00;206.96;Базовый
2026-08-10T13:01:50.019;166.376;573;2;LOCK;1309.4777;867.9134;0.9998;0;1.000;53.00;205.00;Базовый
2026-08-10T13:01:50.321;166.677;574;1;HOLD;1252.4458;913.0190;0.9540;3;1.102;52.00;206.96;Базовый
2026-08-10T13:01:50.321;166.677;574;2;LOCK;1309.4929;867.9289;0.9998;0;1.000;53.00;205.00;Базовый
2026-08-10T13:01:50.617;166.974;575;1;HOLD;1252.4411;913.0106;0.9694;2;1.068;52.00;208.32;Базовый
2026-08-10T13:01:50.617;166.974;575;2;LOCK;1309.4901;867.9495;0.9998;0;1.000;53.00;205.00;Базовый
2026-08-10T13:01:50.910;167.267;576;1;HOLD;1252.4383;913.0022;0.9841;1;1.034;52.00;208.16;Базовый
2026-08-10T13:01:50.910;167.267;576;2;LOCK;1309.4782;867.9631;0.9998;0;1.000;53.00;205.68;Базовый
2026-08-10T13:01:51.204;167.561;577;1;LOCK;1252.4418;912.9828;0.9988;0;1.000;51.00;209.68;Базовый
2026-08-10T13:01:51.204;167.561;577;2;LOCK;1309.4669;867.9677;0.9998;0;1.000;53.00;205.68;Базовый
2026-08-10T13:01:51.492;167.848;578;1;HOLD;1252.4645;912.9704;0.9845;1;1.034;49.00;202.16;Базовый
2026-08-10T13:01:51.492;167.848;578;2;LOCK;1309.4637;867.9663;0.9999;0;1.000;53.00;205.84;Базовый
2026-08-10T13:01:51.773;168.130;579;1;HOLD;1252.4645;912.9704;0.9552;3;1.102;49.00;202.16;Базовый
2026-08-10T13:01:51.773;168.130;579;2;LOCK;1309.4555;867.9548;0.9999;0;1.000;52.00;205.84;Базовый
2026-08-10T13:01:52.071;168.428;580;1;HOLD;1252.4959;912.9635;0.9696;2;1.068;50.00;210.20;Базовый
2026-08-10T13:01:52.071;168.428;580;2;LOCK;1309.4357;867.9243;0.9999;0;1.000;52.00;206.00;Базовый
2026-08-10T13:01:52.367;168.724;581;1;HOLD;1252.5251;912.9606;0.9843;1;1.034;50.00;210.04;Базовый
2026-08-10T13:01:52.367;168.724;581;2;LOCK;1309.4246;867.9040;0.9999;0;1.000;52.00;206.00;Базовый
2026-08-10T13:01:52.663;169.020;582;1;LOCK;1252.5448;912.9443;0.9993;0;1.000;51.00;210.20;Базовый
2026-08-10T13:01:52.663;169.020;582;2;LOCK;1309.4444;867.9259;0.9999;0;1.000;53.00;206.00;Базовый
2026-08-10T13:01:52.966;169.322;583;1;LOCK;1252.6055;912.9153;0.9995;0;1.000;50.00;202.00;Базовый
2026-08-10T13:01:52.966;169.322;583;2;LOCK;1309.4650;867.9512;0.9999;0;1.000;53.00;206.00;Базовый
2026-08-10T13:01:53.267;169.624;584;1;HOLD;1252.6346;912.9144;0.9845;1;1.034;50.00;202.00;Базовый
2026-08-10T13:01:53.267;169.624;584;2;LOCK;1309.4687;867.9601;0.9999;0;1.000;52.00;205.72;Базовый
2026-08-10T13:01:53.569;169.926;585;1;LOCK;1252.6034;912.9262;0.9988;0;1.000;52.00;210.16;Базовый
2026-08-10T13:01:53.569;169.926;585;2;LOCK;1309.4460;867.9423;0.9999;0;1.000;52.00;205.72;Базовый
2026-08-10T13:01:53.863;170.220;586;1;HOLD;1252.6034;912.9262;0.9546;3;1.102;52.00;210.16;Базовый
2026-08-10T13:01:53.863;170.220;586;2;LOCK;1309.4257;867.9235;0.9999;0;1.000;52.00;205.72;Базовый
2026-08-10T13:01:54.161;170.518;587;1;HOLD;1252.5735;912.9488;0.9697;2;1.068;54.00;210.84;Базовый
2026-08-10T13:01:54.161;170.518;587;2;LOCK;1309.4152;867.9124;0.9999;0;1.000;52.00;205.04;Базовый
2026-08-10T13:01:54.450;170.807;588;1;HOLD;1252.5529;912.9597;0.9820;1;1.034;53.00;208.12;Базовый
2026-08-10T13:01:54.450;170.807;588;2;LOCK;1309.4024;867.9460;0.9999;0;1.000;54.00;203.68;Базовый
2026-08-10T13:01:54.736;171.093;589;1;LOCK;1252.5351;912.9651;0.9995;0;1.000;53.00;200.16;Базовый
2026-08-10T13:01:54.736;171.093;589;2;LOCK;1309.3990;867.9678;0.9999;0;1.000;54.00;203.68;Базовый
2026-08-10T13:01:55.031;171.388;590;1;LOCK;1252.5022;912.9338;0.9995;0;1.000;52.00;202.68;Базовый
2026-08-10T13:01:55.031;171.388;590;2;LOCK;1309.4126;867.9502;0.9999;0;1.000;52.00;203.68;Базовый
2026-08-10T13:01:55.322;171.678;591;1;LOCK;1252.5038;912.9327;0.9995;0;1.000;51.00;202.16;Базовый
2026-08-10T13:01:55.322;171.678;591;2;LOCK;1309.4252;867.9321;0.9999;0;1.000;52.00;206.00;Базовый
2026-08-10T13:01:55.622;171.979;592;1;LOCK;1252.4607;912.9842;0.9997;0;1.000;53.00;202.84;Базовый
2026-08-10T13:01:55.622;171.979;592;2;LOCK;1309.4400;867.9094;1.0000;0;1.000;52.00;205.48;Базовый
2026-08-10T13:01:55.915;172.272;593;1;LOCK;1252.4458;912.9854;0.9995;0;1.000;52.00;202.84;Базовый
2026-08-10T13:01:55.915;172.272;593;2;LOCK;1309.4459;867.8978;0.9999;0;1.000;52.00;205.64;Базовый
2026-08-10T13:01:56.222;172.579;594;1;LOCK;1252.4726;912.9738;0.9995;0;1.000;51.00;202.16;Базовый
2026-08-10T13:01:56.222;172.579;594;2;LOCK;1309.4459;867.8963;0.9999;0;1.000;52.00;205.64;Базовый
2026-08-10T13:01:56.519;172.876;595;1;LOCK;1252.4879;912.9670;0.9995;0;1.000;51.00;201.48;Базовый
2026-08-10T13:01:56.519;172.876;595;2;LOCK;1309.4447;867.8973;0.9998;0;1.000;52.00;206.84;Базовый
2026-08-10T13:01:56.813;173.170;596;1;LOCK;1252.5170;912.9540;0.9995;0;1.000;51.00;201.48;Базовый
2026-08-10T13:01:56.813;173.170;596;2;LOCK;1309.4415;867.9010;0.9998;0;1.000;52.00;206.00;Базовый
2026-08-10T13:01:57.111;173.468;597;1;LOCK;1252.5468;912.9401;0.9995;0;1.000;51.00;201.16;Базовый
2026-08-10T13:01:57.111;173.468;597;2;LOCK;1309.4367;867.9072;0.9999;0;1.000;52.00;206.00;Базовый
2026-08-10T13:01:57.406;173.763;598;1;HOLD;1252.5314;912.9418;0.9694;2;1.068;47.00;201.84;Базовый
2026-08-10T13:01:57.406;173.763;598;2;LOCK;1309.4306;867.9105;0.9998;0;1.000;52.00;204.68;Базовый
2026-08-10T13:01:57.702;174.059;599;1;HOLD;1252.5344;912.9438;0.9839;1;1.034;49.00;210.68;Базовый
2026-08-10T13:01:57.702;174.059;599;2;LOCK;1309.4356;867.9204;0.9999;0;1.000;52.00;205.36;Базовый
2026-08-10T13:01:58.007;174.364;600;1;LOCK;1252.5619;912.9381;0.9993;0;1.000;50.00;202.52;Базовый
2026-08-10T13:01:58.007;174.364;600;2;LOCK;1309.4208;867.9538;0.9998;0;1.000;54.00;204.00;Базовый
2026-08-10T13:01:58.303;174.660;601;1;LOCK;1252.5971;912.9311;0.9993;0;1.000;50.00;202.52;Базовый
2026-08-10T13:01:58.303;174.660;601;2;LOCK;1309.4075;867.9777;0.9998;0;1.000;54.00;205.36;Базовый
2026-08-10T13:01:58.605;174.961;602;1;LOCK;1252.5418;912.9289;0.9993;0;1.000;48.00;201.84;Базовый
2026-08-10T13:01:58.605;174.961;602;2;LOCK;1309.4087;867.9816;0.9998;0;1.000;53.00;204.84;Базовый
2026-08-10T13:01:58.904;175.261;603;1;HOLD;1252.5418;912.9289;0.9550;3;1.102;48.00;201.84;Базовый
2026-08-10T13:01:58.904;175.261;603;2;LOCK;1309.4036;867.9788;0.9998;0;1.000;54.00;205.52;Базовый
2026-08-10T13:01:59.202;175.559;604;1;HOLD;1252.5348;912.9307;0.9839;1;1.034;49.00;210.36;Базовый
2026-08-10T13:01:59.202;175.559;604;2;LOCK;1309.4007;867.9749;0.9998;0;1.000;54.00;205.52;Базовый
2026-08-10T13:01:59.494;175.851;605;1;LOCK;1252.5273;912.9271;0.9993;0;1.000;52.00;209.00;Базовый
2026-08-10T13:01:59.494;175.851;605;2;LOCK;1309.3933;868.0184;1.0000;0;1.000;53.00;205.16;Базовый
2026-08-10T13:01:59.783;176.140;606;1;HOLD;1252.5273;912.9271;0.9696;2;1.068;52.00;209.00;Базовый
2026-08-10T13:01:59.783;176.140;606;2;LOCK;1309.3920;868.0291;1.0000;0;1.000;54.00;205.00;Базовый
2026-08-10T13:02:00.079;176.435;607;1;LOCK;1252.5162;912.9159;0.9995;0;1.000;52.00;202.52;Базовый
2026-08-10T13:02:00.079;176.435;607;2;LOCK;1309.3941;868.0156;1.0000;0;1.000;54.00;203.64;Базовый
2026-08-10T13:02:00.363;176.719;608;1;LOCK;1252.5082;912.9057;0.9995;0;1.000;52.00;202.52;Базовый
2026-08-10T13:02:00.363;176.719;608;2;LOCK;1309.3971;867.9982;1.0000;0;1.000;54.00;205.00;Базовый
2026-08-10T13:02:00.659;177.016;609;1;LOCK;1252.5056;912.9017;0.9995;0;1.000;52.00;202.52;Базовый
2026-08-10T13:02:00.659;177.016;609;2;LOCK;1309.3988;867.9893;1.0000;0;1.000;54.00;203.12;Базовый
2026-08-10T13:02:00.950;177.307;610;1;LOCK;1252.5030;912.8941;0.9995;0;1.000;52.00;202.52;Базовый
2026-08-10T13:02:00.950;177.307;610;2;LOCK;1309.4388;867.9230;0.9999;0;1.000;54.00;205.68;Базовый
2026-08-10T13:02:01.232;177.589;611;1;LOCK;1252.5044;912.8928;0.9995;0;1.000;52.00;202.52;Базовый
2026-08-10T13:02:01.232;177.589;611;2;LOCK;1309.4693;867.8879;0.9999;0;1.000;54.00;205.68;Базовый
2026-08-10T13:02:01.529;177.886;612;1;HOLD;1252.5044;912.8928;0.9845;1;1.034;52.00;202.52;Базовый
2026-08-10T13:02:01.529;177.886;612;2;LOCK;1309.4765;867.8878;0.9999;0;1.000;53.00;205.84;Базовый
2026-08-10T13:02:01.824;178.181;613;1;HOLD;1252.5044;912.8928;0.9697;2;1.068;52.00;202.52;Базовый
2026-08-10T13:02:01.824;178.181;613;2;LOCK;1309.4814;867.8920;1.0000;0;1.000;53.00;205.84;Базовый
2026-08-10T13:02:02.119;178.476;614;1;LOCK;1252.4792;912.8944;0.9995;0;1.000;51.00;203.00;Базовый
2026-08-10T13:02:02.119;178.476;614;2;LOCK;1309.4827;867.9184;1.0000;0;1.000;53.00;206.00;Базовый
2026-08-10T13:02:02.413;178.770;615;1;LOCK;1252.4444;912.9011;0.9995;0;1.000;51.00;203.00;Базовый
2026-08-10T13:02:02.413;178.770;615;2;LOCK;1309.4718;867.9475;0.9999;0;1.000;53.00;206.00;Базовый
2026-08-10T13:02:02.703;179.059;616;1;LOCK;1252.4361;912.9030;0.9995;0;1.000;51.00;203.00;Базовый
2026-08-10T13:02:02.703;179.059;616;2;LOCK;1309.4673;867.9551;0.9999;0;1.000;53.00;206.00;Базовый
2026-08-10T13:02:03.000;179.357;617;1;LOCK;1252.4647;912.8957;0.9995;0;1.000;50.00;203.00;Базовый
2026-08-10T13:02:03.000;179.357;617;2;LOCK;1309.4561;867.9699;0.9999;0;1.000;53.00;205.84;Базовый
2026-08-10T13:02:03.288;179.645;618;1;LOCK;1252.4603;912.9285;0.9993;0;1.000;47.00;201.80;Базовый
2026-08-10T13:02:03.288;179.645;618;2;LOCK;1309.4176;867.9640;0.9999;0;1.000;53.00;205.68;Базовый
2026-08-10T13:02:03.585;179.942;619;1;LOCK;1252.4505;912.9743;0.9993;0;1.000;47.00;201.80;Базовый
2026-08-10T13:02:03.585;179.942;619;2;LOCK;1309.3699;867.9491;0.9999;0;1.000;53.00;205.00;Базовый
2026-08-10T13:02:03.873;180.230;620;1;LOCK;1252.4199;913.0074;0.9995;0;1.000;51.00;202.48;Базовый
2026-08-10T13:02:03.873;180.230;620;2;LOCK;1309.3521;867.9399;0.9999;0;1.000;53.00;205.32;Базовый
2026-08-10T13:02:04.160;180.517;621;1;LOCK;1252.4009;913.0266;0.9995;0;1.000;53.00;203.16;Базовый
2026-08-10T13:02:04.160;180.517;621;2;LOCK;1309.3457;867.9331;0.9999;0;1.000;53.00;205.32;Базовый
2026-08-10T13:02:04.453;180.810;622;1;LOCK;1252.4340;913.0291;0.9995;0;1.000;52.00;201.48;Базовый
2026-08-10T13:02:04.453;180.810;622;2;LOCK;1309.3477;867.9294;0.9999;0;1.000;53.00;205.32;Базовый
2026-08-10T13:02:04.748;181.105;623;1;LOCK;1252.4954;913.0412;0.9995;0;1.000;52.00;201.48;Базовый
2026-08-10T13:02:04.748;181.105;623;2;LOCK;1309.3592;867.9288;0.9999;0;1.000;53.00;205.32;Базовый
2026-08-10T13:02:05.042;181.399;624;1;LOCK;1252.5284;913.0114;0.9995;0;1.000;53.00;201.80;Базовый
2026-08-10T13:02:05.042;181.399;624;2;LOCK;1309.3719;867.9317;0.9999;0;1.000;53.00;205.32;Базовый
2026-08-10T13:02:05.339;181.696;625;1;LOCK;1252.5988;912.9581;0.9995;0;1.000;50.00;201.84;Базовый
2026-08-10T13:02:05.339;181.696;625;2;LOCK;1309.4260;867.9273;0.9996;0;1.000;52.00;206.68;Базовый
2026-08-10T13:02:05.627;181.983;626;1;HOLD;1252.5988;912.9581;0.9845;1;1.034;50.00;201.84;Базовый
2026-08-10T13:02:05.627;181.983;626;2;LOCK;1309.4412;867.9259;0.9996;0;1.000;52.00;206.16;Базовый
2026-08-10T13:02:05.942;182.298;627;1;LOCK;1252.6100;912.9522;0.9993;0;1.000;50.00;209.56;Базовый
2026-08-10T13:02:05.942;182.298;627;2;LOCK;1309.4708;867.9223;0.9998;0;1.000;52.00;206.84;Базовый
2026-08-10T13:02:06.231;182.588;628;1;HOLD;1252.6100;912.9522;0.9696;2;1.068;50.00;209.56;Базовый
2026-08-10T13:02:06.231;182.588;628;2;LOCK;1309.4755;867.9208;0.9999;0;1.000;52.00;206.84;Базовый
2026-08-10T13:02:06.537;182.894;629;1;LOCK;1252.6036;912.9449;0.9995;0;1.000;49.00;202.36;Базовый
2026-08-10T13:02:06.537;182.894;629;2;LOCK;1309.4754;867.9205;0.9998;0;1.000;52.00;205.48;Базовый
2026-08-10T13:02:06.832;183.188;630;1;LOCK;1252.5848;912.9335;0.9995;0;1.000;49.00;202.36;Базовый
2026-08-10T13:02:06.832;183.188;630;2;LOCK;1309.4708;867.9197;0.9998;0;1.000;52.00;205.48;Базовый
2026-08-10T13:02:07.132;183.489;631;1;LOCK;1252.5549;912.9255;0.9995;0;1.000;49.00;202.36;Базовый
2026-08-10T13:02:07.132;183.489;631;2;LOCK;1309.4595;867.9196;0.9998;0;1.000;52.00;205.48;Базовый
2026-08-10T13:02:07.436;183.792;632;1;LOCK;1252.4826;912.9573;0.9993;0;1.000;49.00;201.48;Базовый
2026-08-10T13:02:07.436;183.792;632;2;LOCK;1309.4452;867.9174;0.9998;0;1.000;52.00;206.32;Базовый
2026-08-10T13:02:07.718;184.075;633;1;LOCK;1252.4261;912.9725;0.9993;0;1.000;49.00;202.16;Базовый
2026-08-10T13:02:07.718;184.075;633;2;LOCK;1309.4363;867.9164;0.9998;0;1.000;52.00;205.64;Базовый
2026-08-10T13:02:08.013;184.370;634;1;LOCK;1252.4041;912.9781;0.9993;0;1.000;49.00;202.16;Базовый
2026-08-10T13:02:08.013;184.370;634;2;LOCK;1309.4330;867.9159;0.9998;0;1.000;52.00;205.64;Базовый
2026-08-10T13:02:08.300;184.657;635;1;HOLD;1252.4041;912.9781;0.9695;2;1.068;49.00;202.16;Базовый
2026-08-10T13:02:08.300;184.657;635;2;LOCK;1309.4297;867.9141;0.9998;0;1.000;52.00;205.96;Базовый
2026-08-10T13:02:08.591;184.948;636;1;HOLD;1252.4041;912.9781;0.9550;3;1.102;49.00;202.16;Базовый
2026-08-10T13:02:08.591;184.948;636;2;LOCK;1309.4285;867.9137;0.9998;0;1.000;52.00;205.80;Базовый
2026-08-10T13:02:08.889;185.246;637;1;HOLD;1253.0234;913.2418;0.9693;2;1.068;72.00;209.84;Базовый
2026-08-10T13:02:08.889;185.246;637;2;LOCK;1309.4238;867.9121;0.9999;0;1.000;52.00;206.64;Базовый
2026-08-10T13:02:09.184;185.540;638;1;HOLD;1253.6031;913.4953;0.9840;1;1.034;73.00;210.36;Базовый
2026-08-10T13:02:09.184;185.540;638;2;LOCK;1309.4228;867.9116;0.9999;0;1.000;52.00;206.48;Базовый
2026-08-10T13:02:09.470;185.827;639;1;HOLD;1253.6031;913.4953;0.9547;3;1.102;73.00;210.36;Базовый
2026-08-10T13:02:09.470;185.827;639;2;LOCK;1309.4212;867.9440;0.9999;0;1.000;51.00;206.04;Базовый
2026-08-10T13:02:09.763;186.119;640;1;LOCK;1254.1342;913.6983;0.9993;0;1.000;77.00;209.20;Базовый
2026-08-10T13:02:09.763;186.119;640;2;LOCK;1309.4207;867.9600;0.9999;0;1.000;51.00;206.04;Базовый
2026-08-10T13:02:10.061;186.418;641;1;HOLD;1254.1342;913.6983;0.9550;3;1.102;77.00;209.20;Базовый
2026-08-10T13:02:10.061;186.418;641;2;LOCK;1309.4224;867.9992;0.9999;0;1.000;51.00;206.04;Базовый
2026-08-10T13:02:10.359;186.716;642;1;HOLD;1254.5699;913.8580;0.9694;2;1.068;78.00;209.20;Базовый
2026-08-10T13:02:10.359;186.716;642;2;LOCK;1309.4531;868.0017;0.9999;0;1.000;53.00;204.68;Базовый
2026-08-10T13:02:10.654;187.011;643;1;HOLD;1254.5699;913.8580;0.9549;3;1.102;78.00;209.20;Базовый
2026-08-10T13:02:10.654;187.011;643;2;LOCK;1309.4624;867.9984;0.9999;0;1.000;53.00;204.84;Базовый
2026-08-10T13:02:10.936;187.293;644;1;HOLD;1254.9079;913.9788;0.9841;1;1.034;78.00;209.20;Базовый
2026-08-10T13:02:10.936;187.293;644;2;LOCK;1309.4765;867.9890;0.9999;0;1.000;53.00;204.68;Базовый
2026-08-10T13:02:11.235;187.592;645;1;LOCK;1254.5394;913.8291;0.9994;0;1.000;54.00;202.20;Базовый
2026-08-10T13:02:11.235;187.592;645;2;LOCK;1309.4765;867.9690;0.9999;0;1.000;52.00;206.00;Базовый
2026-08-10T13:02:11.529;187.886;646;1;LOCK;1253.2660;913.3189;0.9996;0;1.000;54.00;202.16;Базовый
2026-08-10T13:02:11.529;187.886;646;2;LOCK;1309.4560;867.9289;0.9999;0;1.000;52.00;206.00;Базовый
2026-08-10T13:02:11.824;188.181;647;1;LOCK;1252.2775;912.9279;0.9996;0;1.000;54.00;202.00;Базовый
2026-08-10T13:02:11.824;188.181;647;2;LOCK;1309.4367;867.9052;0.9999;0;1.000;52.00;206.00;Базовый
2026-08-10T13:02:12.122;188.479;648;1;HOLD;1252.2775;912.9279;0.9553;3;1.102;54.00;202.00;Базовый
2026-08-10T13:02:12.122;188.479;648;2;LOCK;1309.4259;867.8997;0.9999;0;1.000;52.00;206.00;Базовый
2026-08-10T13:02:12.405;188.762;649;1;LOCK;1252.6997;913.1138;0.9997;0;1.000;56.00;202.68;Базовый
2026-08-10T13:02:12.405;188.762;649;2;LOCK;1309.4239;867.9027;0.9999;0;1.000;52.00;206.00;Базовый
2026-08-10T13:02:12.704;189.061;650;1;LOCK;1252.4868;913.0616;0.9997;0;1.000;56.00;202.68;Базовый
2026-08-10T13:02:12.704;189.061;650;2;LOCK;1309.4275;867.9123;0.9996;0;1.000;52.00;206.00;Базовый
2026-08-10T13:02:12.996;189.353;651;1;LOCK;1252.3730;913.0310;0.9997;0;1.000;56.00;202.68;Базовый
2026-08-10T13:02:12.996;189.353;651;2;HOLD;1309.4275;867.9123;0.9698;2;1.068;52.00;206.00;Базовый
2026-08-10T13:02:13.289;189.646;652;1;LOCK;1252.3030;913.0127;0.9995;0;1.000;55.00;203.16;Базовый
2026-08-10T13:02:13.289;189.646;652;2;LOCK;1309.4522;867.9409;0.9999;0;1.000;53.00;205.68;Базовый
2026-08-10T13:02:13.574;189.930;653;1;LOCK;1252.3035;913.0120;0.9995;0;1.000;55.00;203.16;Базовый
2026-08-10T13:02:13.574;189.930;653;2;LOCK;1309.4666;867.9563;0.9999;0;1.000;53.00;205.84;Базовый
2026-08-10T13:02:13.868;190.225;654;1;LOCK;1252.3435;913.0209;0.9995;0;1.000;55.00;203.16;Базовый
2026-08-10T13:02:13.868;190.225;654;2;LOCK;1309.4793;867.9680;0.9999;0;1.000;53.00;205.84;Базовый
2026-08-10T13:02:14.159;190.516;655;1;LOCK;1252.3776;913.0290;0.9995;0;1.000;55.00;203.16;Базовый
2026-08-10T13:02:14.159;190.516;655;2;LOCK;1309.4813;867.9694;0.9999;0;1.000;53.00;205.16;Базовый
2026-08-10T13:02:14.443;190.800;656;1;LOCK;1252.4154;913.0625;0.9995;0;1.000;54.00;201.80;Базовый
2026-08-10T13:02:14.443;190.800;656;2;LOCK;1309.4796;867.9671;0.9999;0;1.000;53.00;205.84;Базовый
2026-08-10T13:02:14.742;191.099;657;1;LOCK;1252.4529;913.1044;0.9995;0;1.000;54.00;201.80;Базовый
2026-08-10T13:02:14.742;191.099;657;2;LOCK;1309.4738;867.9607;0.9999;0;1.000;53.00;205.68;Базовый
2026-08-10T13:02:15.030;191.386;658;1;LOCK;1252.5071;913.0546;0.9995;0;1.000;52.00;203.16;Базовый
2026-08-10T13:02:15.030;191.386;658;2;LOCK;1309.4702;867.9559;0.9999;0;1.000;53.00;205.00;Базовый
2026-08-10T13:02:15.323;191.679;659;1;LOCK;1252.4959;913.0343;0.9995;0;1.000;51.00;203.16;Базовый
2026-08-10T13:02:15.323;191.679;659;2;LOCK;1309.4700;867.9545;0.9998;0;1.000;53.00;205.36;Базовый
2026-08-10T13:02:15.626;191.983;660;1;LOCK;1252.4925;913.0117;0.9995;0;1.000;50.00;202.48;Базовый
2026-08-10T13:02:15.626;191.983;660;2;LOCK;1309.4705;867.9532;0.9998;0;1.000;53.00;205.36;Базовый
2026-08-10T13:02:15.943;192.300;661;1;LOCK;1252.4734;912.9941;0.9995;0;1.000;51.00;202.48;Базовый
2026-08-10T13:02:15.943;192.300;661;2;LOCK;1309.4713;867.9522;0.9998;0;1.000;53.00;205.36;Базовый
2026-08-10T13:02:16.246;192.603;662;1;LOCK;1252.4511;912.9513;0.9995;0;1.000;52.00;203.16;Базовый
2026-08-10T13:02:16.246;192.603;662;2;LOCK;1309.4741;867.9514;0.9998;0;1.000;53.00;205.36;Базовый
2026-08-10T13:02:16.540;192.897;663;1;LOCK;1252.4447;912.9434;0.9995;0;1.000;52.00;203.16;Базовый
2026-08-10T13:02:16.540;192.897;663;2;LOCK;1309.4749;867.9516;0.9998;0;1.000;53.00;205.36;Базовый
2026-08-10T13:02:16.829;193.185;664;1;LOCK;1252.4352;912.9365;0.9995;0;1.000;52.00;203.16;Базовый
2026-08-10T13:02:16.829;193.185;664;2;LOCK;1309.4756;867.9523;0.9998;0;1.000;53.00;205.36;Базовый
2026-08-10T13:02:17.120;193.476;665;1;LOCK;1252.4300;912.9391;0.9995;0;1.000;52.00;203.32;Базовый
2026-08-10T13:02:17.120;193.476;665;2;LOCK;1309.4454;867.9586;0.9998;0;1.000;54.00;205.36;Базовый
2026-08-10T13:02:17.420;193.777;666;1;LOCK;1252.4387;912.9309;0.9995;0;1.000;51.00;202.52;Базовый
2026-08-10T13:02:17.420;193.777;666;2;LOCK;1309.4422;867.9600;0.9999;0;1.000;53.00;205.68;Базовый
2026-08-10T13:02:17.707;194.064;667;1;LOCK;1252.4493;912.9254;0.9995;0;1.000;51.00;202.52;Базовый
2026-08-10T13:02:17.707;194.064;667;2;LOCK;1309.4458;867.9597;0.9999;0;1.000;53.00;205.68;Базовый
2026-08-10T13:02:18.004;194.361;668;1;LOCK;1252.4318;912.9308;0.9995;0;1.000;52.00;202.52;Базовый
2026-08-10T13:02:18.004;194.361;668;2;LOCK;1309.4552;867.9565;0.9999;0;1.000;53.00;205.68;Базовый
2026-08-10T13:02:18.299;194.656;669;1;LOCK;1252.3793;913.0097;0.9997;0;1.000;54.00;202.52;Базовый
2026-08-10T13:02:18.299;194.656;669;2;LOCK;1309.4600;867.9996;0.9999;0;1.000;52.00;206.36;Базовый
2026-08-10T13:02:18.589;194.946;670;1;LOCK;1252.3706;913.0246;0.9997;0;1.000;53.00;202.52;Базовый
2026-08-10T13:02:18.589;194.946;670;2;LOCK;1309.4609;868.0129;0.9999;0;1.000;52.00;206.36;Базовый
2026-08-10T13:02:18.877;195.234;671;1;LOCK;1252.3692;913.0100;0.9995;0;1.000;52.00;202.52;Базовый
2026-08-10T13:02:18.877;195.234;671;2;LOCK;1309.4617;868.0040;0.9999;0;1.000;53.00;206.36;Базовый
2026-08-10T13:02:19.167;195.524;672;1;LOCK;1252.3648;913.0155;0.9997;0;1.000;54.00;201.16;Базовый
2026-08-10T13:02:19.167;195.524;672;2;LOCK;1309.4615;867.9880;0.9999;0;1.000;53.00;206.36;Базовый
2026-08-10T13:02:19.461;195.818;673;1;HOLD;1252.3648;913.0155;0.9699;2;1.068;54.00;201.16;Базовый
2026-08-10T13:02:19.461;195.818;673;2;LOCK;1309.4486;867.9566;0.9999;0;1.000;52.00;206.16;Базовый
2026-08-10T13:02:19.760;196.117;674;1;HOLD;1252.3840;913.0254;0.9843;1;1.034;53.00;209.32;Базовый
2026-08-10T13:02:19.760;196.117;674;2;LOCK;1309.4309;867.9165;0.9999;0;1.000;52.00;206.16;Базовый
2026-08-10T13:02:20.066;196.423;675;1;HOLD;1252.3840;913.0254;0.9550;3;1.102;53.00;209.32;Базовый
2026-08-10T13:02:20.066;196.423;675;2;LOCK;1309.4232;867.9013;0.9999;0;1.000;52.00;205.48;Базовый
2026-08-10T13:02:20.387;196.744;676;1;HOLD;1252.3838;913.0454;0.9697;2;1.068;55.00;210.68;Базовый
2026-08-10T13:02:20.387;196.744;676;2;LOCK;1309.4192;867.8951;1.0000;0;1.000;52.00;206.16;Базовый
2026-08-10T13:02:20.698;197.055;677;1;HOLD;1252.3838;913.0454;0.9552;3;1.102;55.00;210.68;Базовый
2026-08-10T13:02:20.698;197.055;677;2;LOCK;1309.4194;867.8964;1.0000;0;1.000;52.00;206.16;Базовый
2026-08-10T13:02:21.013;197.370;678;1;HOLD;1252.3838;913.0454;0.9552;3;1.102;55.00;210.68;Базовый
2026-08-10T13:02:21.013;197.370;678;2;LOCK;1309.4194;867.8964;1.0000;0;1.000;52.00;206.16;Базовый
2026-08-10T13:02:21.324;197.681;679;1;HOLD;1252.4187;913.0324;0.9696;2;1.068;52.00;209.16;Базовый
2026-08-10T13:02:21.324;197.681;679;2;LOCK;1309.4269;867.9027;0.9999;0;1.000;52.00;205.68;Базовый
2026-08-10T13:02:21.636;197.992;680;1;LOCK;1252.4514;913.0178;0.9993;0;1.000;52.00;209.16;Базовый
2026-08-10T13:02:21.636;197.992;680;2;LOCK;1309.4325;867.9084;0.9999;0;1.000;52.00;204.84;Базовый
2026-08-10T13:02:21.942;198.299;681;1;HOLD;1252.4514;913.0178;0.9843;1;1.034;52.00;209.16;Базовый
2026-08-10T13:02:21.942;198.299;681;2;LOCK;1309.4349;867.9110;0.9999;0;1.000;52.00;204.84;Базовый
2026-08-10T13:02:22.233;198.589;682;1;HOLD;1252.4514;913.0178;0.9550;3;1.102;52.00;209.16;Базовый
2026-08-10T13:02:22.233;198.589;682;2;LOCK;1309.4454;867.9249;0.9999;0;1.000;52.00;206.20;Базовый
2026-08-10T13:02:22.532;198.889;683;1;LOCK;1252.4790;913.0039;0.9993;0;1.000;52.00;209.16;Базовый
2026-08-10T13:02:22.532;198.889;683;2;LOCK;1309.4528;867.9351;0.9999;0;1.000;53.00;206.20;Базовый
2026-08-10T13:02:22.841;199.198;684;1;LOCK;1252.4790;913.0039;0.9993;0;1.000;52.00;209.16;Базовый
2026-08-10T13:02:22.841;199.198;684;2;LOCK;1309.4528;867.9351;0.9999;0;1.000;53.00;206.20;Базовый
2026-08-10T13:02:23.166;199.522;685;1;LOCK;1252.4790;913.0039;0.9993;0;1.000;52.00;209.16;Базовый
2026-08-10T13:02:23.166;199.522;685;2;LOCK;1309.4528;867.9351;0.9999;0;1.000;53.00;206.20;Базовый
2026-08-10T13:02:23.478;199.835;686;1;LOCK;1252.5172;913.0585;0.9997;0;1.000;55.00;202.16;Базовый
2026-08-10T13:02:23.478;199.835;686;2;LOCK;1309.4523;867.9350;0.9999;0;1.000;52.00;206.00;Базовый
2026-08-10T13:02:23.783;200.140;687;1;LOCK;1252.5238;913.0773;0.9997;0;1.000;55.00;202.16;Базовый
2026-08-10T13:02:23.783;200.140;687;2;LOCK;1309.4575;867.9417;0.9999;0;1.000;53.00;206.00;Базовый
2026-08-10T13:02:24.102;200.459;688;1;LOCK;1252.5413;913.0800;0.9995;0;1.000;54.00;202.84;Базовый
2026-08-10T13:02:24.102;200.459;688;2;LOCK;1309.4494;867.9327;0.9999;0;1.000;52.00;206.00;Базовый
2026-08-10T13:02:24.396;200.753;689;1;LOCK;1252.5418;913.0664;0.9995;0;1.000;54.00;202.16;Базовый
2026-08-10T13:02:24.396;200.753;689;2;LOCK;1309.4399;867.9216;0.9999;0;1.000;52.00;206.00;Базовый
2026-08-10T13:02:24.692;201.049;690;1;LOCK;1252.5418;913.0664;0.9995;0;1.000;54.00;202.16;Базовый
2026-08-10T13:02:24.692;201.049;690;2;LOCK;1309.4399;867.9216;0.9999;0;1.000;52.00;206.00;Базовый
2026-08-10T13:02:24.987;201.343;691;1;LOCK;1252.6090;913.0380;0.9993;0;1.000;49.00;202.16;Базовый
2026-08-10T13:02:24.987;201.343;691;2;LOCK;1309.4353;867.9147;0.9999;0;1.000;52.00;205.32;Базовый
2026-08-10T13:02:25.305;201.662;692;1;LOCK;1252.5062;913.0105;0.9997;0;1.000;53.00;202.48;Базовый
2026-08-10T13:02:25.305;201.662;692;2;LOCK;1309.3911;867.9228;0.9999;0;1.000;53.00;205.84;Базовый
2026-08-10T13:02:25.618;201.975;693;1;LOCK;1252.4037;912.9997;0.9995;0;1.000;53.00;202.48;Базовый
2026-08-10T13:02:25.618;201.975;693;2;LOCK;1309.3581;867.9322;0.9999;0;1.000;53.00;205.52;Базовый
2026-08-10T13:02:25.917;202.274;694;1;LOCK;1252.3922;912.9544;0.9993;0;1.000;51.00;203.16;Базовый
2026-08-10T13:02:25.917;202.274;694;2;LOCK;1309.3473;867.9375;0.9999;0;1.000;53.00;205.68;Базовый
2026-08-10T13:02:26.232;202.589;695;1;LOCK;1252.4422;912.8922;0.9993;0;1.000;52.00;203.16;Базовый
2026-08-10T13:02:26.232;202.589;695;2;LOCK;1309.3465;867.9430;0.9999;0;1.000;53.00;205.84;Базовый
2026-08-10T13:02:26.536;202.893;696;1;LOCK;1252.4628;912.8779;0.9993;0;1.000;52.00;203.16;Базовый
2026-08-10T13:02:26.536;202.893;696;2;LOCK;1309.3488;867.9438;0.9999;0;1.000;53.00;205.68;Базовый
2026-08-10T13:02:26.850;203.207;697;1;LOCK;1252.4628;912.8779;0.9993;0;1.000;52.00;203.16;Базовый
2026-08-10T13:02:26.850;203.207;697;2;LOCK;1309.3488;867.9438;0.9999;0;1.000;53.00;205.68;Базовый
2026-08-10T13:02:27.152;203.509;698;1;LOCK;1252.4746;912.8766;0.9995;0;1.000;53.00;203.16;Базовый
2026-08-10T13:02:27.152;203.509;698;2;LOCK;1309.3552;867.9450;0.9999;0;1.000;53.00;206.36;Базовый
2026-08-10T13:02:27.442;203.799;699;1;HOLD;1252.4746;912.8766;0.9697;2;1.068;53.00;203.16;Базовый
2026-08-10T13:02:27.442;203.799;699;2;LOCK;1309.4008;867.9874;0.9999;0;1.000;52.00;204.32;Базовый
2026-08-10T13:02:27.733;204.090;700;1;LOCK;1252.4663;912.9230;0.9995;0;1.000;54.00;210.20;Базовый
2026-08-10T13:02:27.733;204.090;700;2;LOCK;1309.4172;868.0322;0.9999;0;1.000;53.00;204.32;Базовый
2026-08-10T13:02:28.044;204.401;701;1;HOLD;1252.4663;912.9230;0.9552;3;1.102;54.00;210.20;Базовый
2026-08-10T13:02:28.044;204.401;701;2;LOCK;1309.4248;868.0793;0.9999;0;1.000;53.00;204.32;Базовый
2026-08-10T13:02:28.339;204.696;702;1;LOCK;1252.4563;912.9694;0.9995;0;1.000;54.00;210.36;Базовый
2026-08-10T13:02:28.339;204.696;702;2;LOCK;1309.4238;868.0881;0.9999;0;1.000;53.00;203.64;Базовый
2026-08-10T13:02:28.630;204.987;703;1;HOLD;1252.4563;912.9694;0.9845;1;1.034;54.00;210.36;Базовый
2026-08-10T13:02:28.630;204.987;703;2;LOCK;1309.4221;868.0931;0.9999;0;1.000;53.00;205.00;Базовый
2026-08-10T13:02:28.930;205.287;704;1;HOLD;1252.4563;912.9694;0.9845;1;1.034;54.00;210.36;Базовый
2026-08-10T13:02:28.930;205.287;704;2;LOCK;1309.4221;868.0931;0.9999;0;1.000;53.00;205.00;Базовый
2026-08-10T13:02:29.247;205.604;705;1;HOLD;1252.4563;912.9694;0.9845;1;1.034;54.00;210.36;Базовый
2026-08-10T13:02:29.247;205.604;705;2;LOCK;1309.4221;868.0931;0.9999;0;1.000;53.00;205.00;Базовый
2026-08-10T13:02:29.545;205.902;706;1;HOLD;1252.4563;912.9694;0.9845;1;1.034;54.00;210.36;Базовый
2026-08-10T13:02:29.545;205.902;706;2;LOCK;1309.4221;868.0931;0.9999;0;1.000;53.00;205.00;Базовый
2026-08-10T13:02:29.841;206.198;707;1;HOLD;1252.4563;912.9694;0.9845;1;1.034;54.00;210.36;Базовый
2026-08-10T13:02:29.841;206.198;707;2;LOCK;1309.4221;868.0931;0.9999;0;1.000;53.00;205.00;Базовый
2026-08-10T13:02:30.157;206.513;708;1;HOLD;1252.4563;912.9694;0.9845;1;1.034;54.00;210.36;Базовый
2026-08-10T13:02:30.157;206.513;708;2;LOCK;1309.4221;868.0931;0.9999;0;1.000;53.00;205.00;Базовый
2026-08-10T13:02:30.459;206.816;709;1;LOCK;1252.4642;912.9802;0.9993;0;1.000;53.00;209.52;Базовый
2026-08-10T13:02:30.459;206.816;709;2;LOCK;1309.4038;868.0494;0.9999;0;1.000;53.00;206.00;Базовый
2026-08-10T13:02:30.755;207.112;710;1;LOCK;1252.4642;912.9802;0.9993;0;1.000;53.00;209.52;Базовый
2026-08-10T13:02:30.755;207.112;710;2;LOCK;1309.4038;868.0494;0.9999;0;1.000;53.00;206.00;Базовый
2026-08-10T13:02:31.057;207.414;711;1;HOLD;1252.4642;912.9802;0.9550;3;1.102;53.00;209.52;Базовый
2026-08-10T13:02:31.057;207.414;711;2;LOCK;1309.3719;868.0100;0.9999;0;1.000;52.00;205.84;Базовый
2026-08-10T13:02:31.350;207.707;712;1;LOCK;1252.4628;912.9900;0.9993;0;1.000;54.00;210.36;Базовый
2026-08-10T13:02:31.350;207.707;712;2;LOCK;1309.3910;868.0006;0.9997;0;1.000;50.00;205.68;Базовый
2026-08-10T13:02:31.650;208.006;713;1;LOCK;1252.4605;912.9961;0.9995;0;1.000;54.00;203.00;Базовый
2026-08-10T13:02:31.650;208.006;713;2;LOCK;1309.4129;867.9934;0.9997;0;1.000;50.00;205.68;Базовый
2026-08-10T13:02:31.943;208.300;714;1;LOCK;1252.4605;912.9961;0.9995;0;1.000;54.00;203.00;Базовый
2026-08-10T13:02:31.943;208.300;714;2;LOCK;1309.4129;867.9934;0.9997;0;1.000;50.00;205.68;Базовый
2026-08-10T13:02:32.252;208.609;715;1;LOCK;1252.4605;912.9961;0.9995;0;1.000;54.00;203.00;Базовый
2026-08-10T13:02:32.252;208.609;715;2;LOCK;1309.4129;867.9934;0.9997;0;1.000;50.00;205.68;Базовый
2026-08-10T13:02:32.564;208.921;716;1;LOCK;1252.4580;913.0005;0.9995;0;1.000;54.00;203.00;Базовый
2026-08-10T13:02:32.564;208.921;716;2;LOCK;1309.4356;867.9885;0.9997;0;1.000;50.00;205.84;Базовый
2026-08-10T13:02:32.864;209.221;717;1;LOCK;1252.4580;913.0005;0.9995;0;1.000;54.00;203.00;Базовый
2026-08-10T13:02:32.864;209.221;717;2;LOCK;1309.4356;867.9885;0.9997;0;1.000;50.00;205.84;Базовый
2026-08-10T13:02:33.159;209.516;718;1;LOCK;1252.4580;913.0005;0.9995;0;1.000;54.00;203.00;Базовый
2026-08-10T13:02:33.159;209.516;718;2;LOCK;1309.4356;867.9885;0.9997;0;1.000;50.00;205.84;Базовый
2026-08-10T13:02:33.465;209.821;719;1;LOCK;1252.4580;913.0005;0.9995;0;1.000;54.00;203.00;Базовый
2026-08-10T13:02:33.465;209.821;719;2;LOCK;1309.4356;867.9885;0.9997;0;1.000;50.00;205.84;Базовый
2026-08-10T13:02:33.761;210.117;720;1;LOCK;1252.4580;913.0005;0.9995;0;1.000;54.00;203.00;Базовый
2026-08-10T13:02:33.761;210.117;720;2;LOCK;1309.4356;867.9885;0.9997;0;1.000;50.00;205.84;Базовый
2026-08-10T13:02:34.058;210.415;721;1;LOCK;1252.4555;913.0035;0.9995;0;1.000;54.00;203.00;Базовый
2026-08-10T13:02:34.058;210.415;721;2;LOCK;1309.4577;867.9856;0.9997;0;1.000;50.00;205.84;Базовый
2026-08-10T13:02:34.355;210.711;722;1;LOCK;1252.4533;913.0050;0.9995;0;1.000;54.00;203.00;Базовый
2026-08-10T13:02:34.355;210.711;722;2;LOCK;1309.4780;867.9846;0.9997;0;1.000;50.00;205.84;Базовый
2026-08-10T13:02:34.656;211.013;723;1;LOCK;1252.4533;913.0050;0.9995;0;1.000;54.00;203.00;Базовый
2026-08-10T13:02:34.656;211.013;723;2;LOCK;1309.4780;867.9846;0.9997;0;1.000;50.00;205.84;Базовый
2026-08-10T13:02:34.952;211.309;724;1;LOCK;1252.4533;913.0050;0.9995;0;1.000;54.00;203.00;Базовый
2026-08-10T13:02:34.952;211.309;724;2;LOCK;1309.4780;867.9846;0.9997;0;1.000;50.00;205.84;Базовый
2026-08-10T13:02:35.260;211.616;725;1;LOCK;1252.4533;913.0050;0.9995;0;1.000;54.00;203.00;Базовый
2026-08-10T13:02:35.260;211.616;725;2;LOCK;1309.4780;867.9846;0.9997;0;1.000;50.00;205.84;Базовый
2026-08-10T13:02:35.571;211.928;726;1;LOCK;1252.4533;913.0050;0.9995;0;1.000;54.00;203.00;Базовый
2026-08-10T13:02:35.571;211.928;726;2;LOCK;1309.4780;867.9846;0.9997;0;1.000;50.00;205.84;Базовый
2026-08-10T13:02:35.887;212.244;727;1;LOCK;1252.4502;913.0065;0.9995;0;1.000;54.00;203.16;Базовый
2026-08-10T13:02:35.887;212.244;727;2;LOCK;1309.4826;867.9827;0.9999;0;1.000;51.00;206.00;Базовый
2026-08-10T13:02:36.189;212.546;728;1;HOLD;1252.4502;913.0065;0.9552;3;1.102;54.00;203.16;Базовый
2026-08-10T13:02:36.189;212.546;728;2;LOCK;1309.4351;867.9796;0.9999;0;1.000;52.00;205.36;Базовый
2026-08-10T13:02:36.484;212.841;729;1;LOCK;1252.4511;913.0089;0.9995;0;1.000;52.00;209.40;Базовый
2026-08-10T13:02:36.484;212.841;729;2;LOCK;1309.4139;867.9879;0.9999;0;1.000;52.00;204.68;Базовый
2026-08-10T13:02:36.785;213.141;730;1;LOCK;1252.4511;913.0089;0.9995;0;1.000;52.00;209.40;Базовый
2026-08-10T13:02:36.785;213.141;730;2;LOCK;1309.4139;867.9879;0.9999;0;1.000;52.00;204.68;Базовый
2026-08-10T13:02:37.099;213.456;731;1;LOCK;1252.4511;913.0089;0.9995;0;1.000;52.00;209.40;Базовый
2026-08-10T13:02:37.099;213.456;731;2;LOCK;1309.4139;867.9879;0.9999;0;1.000;52.00;204.68;Базовый
2026-08-10T13:02:37.397;213.754;732;1;HOLD;1252.4511;913.0089;0.9552;3;1.102;52.00;209.40;Базовый
2026-08-10T13:02:37.397;213.754;732;2;LOCK;1309.3842;868.0053;0.9999;0;1.000;51.00;205.36;Базовый
2026-08-10T13:02:37.694;214.051;733;1;HOLD;1252.4557;913.0244;0.9845;1;1.034;56.00;209.68;Базовый
2026-08-10T13:02:37.694;214.051;733;2;LOCK;1309.3851;868.0097;0.9999;0;1.000;51.00;205.52;Базовый
2026-08-10T13:02:38.002;214.359;734;1;LOCK;1252.4603;913.0385;0.9995;0;1.000;56.00;209.68;Базовый
2026-08-10T13:02:38.002;214.359;734;2;LOCK;1309.3983;868.0085;0.9999;0;1.000;51.00;205.52;Базовый
2026-08-10T13:02:38.294;214.651;735;1;HOLD;1252.4603;913.0385;0.9697;2;1.068;56.00;209.68;Базовый
2026-08-10T13:02:38.294;214.651;735;2;LOCK;1309.4096;868.0065;0.9999;0;1.000;51.00;205.52;Базовый
2026-08-10T13:02:38.588;214.945;736;1;HOLD;1252.4603;913.0385;0.9552;3;1.102;56.00;209.68;Базовый
2026-08-10T13:02:38.588;214.945;736;2;LOCK;1309.4148;868.0052;0.9999;0;1.000;51.00;205.52;Базовый
2026-08-10T13:02:38.898;215.255;737;1;HOLD;1252.4603;913.0385;0.9552;3;1.102;56.00;209.68;Базовый
2026-08-10T13:02:38.898;215.255;737;2;LOCK;1309.4148;868.0052;0.9999;0;1.000;51.00;205.52;Базовый
2026-08-10T13:02:39.196;215.553;738;1;LOCK;1252.4533;913.0798;0.9997;0;1.000;52.00;201.08;Базовый
2026-08-10T13:02:39.196;215.553;738;2;LOCK;1309.4357;867.9947;0.9999;0;1.000;53.00;206.20;Базовый
2026-08-10T13:02:39.483;215.840;739;1;LOCK;1252.4225;913.0603;0.9997;0;1.000;53.00;202.68;Базовый
2026-08-10T13:02:39.483;215.840;739;2;LOCK;1309.4603;867.9794;0.9999;0;1.000;53.00;205.52;Базовый
2026-08-10T13:02:39.784;216.140;740;1;LOCK;1252.3843;913.0226;0.9997;0;1.000;53.00;202.52;Базовый
2026-08-10T13:02:39.784;216.140;740;2;LOCK;1309.4858;867.9632;0.9999;0;1.000;53.00;204.84;Базовый
2026-08-10T13:02:40.075;216.432;741;1;LOCK;1252.3697;913.0015;0.9997;0;1.000;53.00;202.68;Базовый
2026-08-10T13:02:40.075;216.432;741;2;LOCK;1309.4932;867.9584;0.9999;0;1.000;53.00;204.84;Базовый
2026-08-10T13:02:40.363;216.720;742;1;LOCK;1252.3637;912.9874;0.9997;0;1.000;53.00;202.52;Базовый
2026-08-10T13:02:40.363;216.720;742;2;LOCK;1309.4937;867.9581;0.9999;0;1.000;53.00;204.68;Базовый
2026-08-10T13:02:40.661;217.018;743;1;LOCK;1252.3666;912.9801;0.9997;0;1.000;53.00;202.52;Базовый
2026-08-10T13:02:40.661;217.018;743;2;LOCK;1309.4851;867.9581;0.9999;0;1.000;53.00;204.84;Базовый
2026-08-10T13:02:40.958;217.315;744;1;LOCK;1252.3760;912.9844;0.9997;0;1.000;53.00;201.84;Базовый
2026-08-10T13:02:40.958;217.315;744;2;LOCK;1309.4754;867.9621;0.9999;0;1.000;53.00;204.84;Базовый
2026-08-10T13:02:41.259;217.616;745;1;HOLD;1252.3760;912.9844;0.9553;3;1.102;53.00;201.84;Базовый
2026-08-10T13:02:41.259;217.616;745;2;LOCK;1309.3986;867.9928;0.9999;0;1.000;52.00;205.68;Базовый
2026-08-10T13:02:41.560;217.917;746;1;HOLD;1252.3794;912.9965;0.9693;2;1.068;49.00;209.20;Базовый
2026-08-10T13:02:41.560;217.917;746;2;LOCK;1309.3421;868.0170;0.9999;0;1.000;52.00;205.00;Базовый
2026-08-10T13:02:41.859;218.216;747;1;HOLD;1252.3745;913.0164;0.9843;1;1.034;52.00;209.88;Базовый
2026-08-10T13:02:41.859;218.216;747;2;LOCK;1309.3196;868.0275;1.0000;0;1.000;52.00;205.00;Базовый
2026-08-10T13:02:42.159;218.516;748;1;LOCK;1252.3674;913.0491;0.9995;0;1.000;51.00;210.04;Базовый
2026-08-10T13:02:42.159;218.516;748;2;LOCK;1309.3214;868.0265;1.0000;0;1.000;52.00;205.00;Базовый
2026-08-10T13:02:42.449;218.806;749;1;HOLD;1252.3674;913.0491;0.9845;1;1.034;51.00;210.04;Базовый
2026-08-10T13:02:42.449;218.806;749;2;LOCK;1309.3266;868.0245;0.9999;0;1.000;52.00;205.68;Базовый
2026-08-10T13:02:42.737;219.094;750;1;HOLD;1252.3674;913.0491;0.9552;3;1.102;51.00;210.04;Базовый
2026-08-10T13:02:42.737;219.094;750;2;LOCK;1309.3390;868.0196;0.9999;0;1.000;52.00;205.68;Базовый
2026-08-10T13:02:43.028;219.385;751;1;HOLD;1252.3608;913.0778;0.9845;1;1.034;51.00;210.04;Базовый
2026-08-10T13:02:43.028;219.385;751;2;LOCK;1309.3506;868.0142;0.9999;0;1.000;52.00;205.68;Базовый
2026-08-10T13:02:43.328;219.685;752;1;LOCK;1252.3814;913.0927;0.9997;0;1.000;54.00;209.52;Базовый
2026-08-10T13:02:43.328;219.685;752;2;LOCK;1309.3656;868.0143;0.9999;0;1.000;52.00;206.36;Базовый
2026-08-10T13:02:43.629;219.986;753;1;LOCK;1252.4439;913.1185;0.9997;0;1.000;54.00;203.16;Базовый
2026-08-10T13:02:43.629;219.986;753;2;LOCK;1309.3717;868.0169;0.9999;0;1.000;52.00;206.36;Базовый
2026-08-10T13:02:43.927;220.284;754;1;LOCK;1252.4867;913.1259;0.9997;0;1.000;54.00;203.16;Базовый
2026-08-10T13:02:43.927;220.284;754;2;LOCK;1309.3716;868.0209;0.9999;0;1.000;52.00;205.68;Базовый
2026-08-10T13:02:44.226;220.583;755;1;LOCK;1252.5013;913.1205;0.9997;0;1.000;54.00;202.48;Базовый
2026-08-10T13:02:44.226;220.583;755;2;LOCK;1309.3682;868.0235;0.9999;0;1.000;52.00;205.52;Базовый
2026-08-10T13:02:44.529;220.886;756;1;HOLD;1252.5010;913.1171;0.9699;2;1.068;54.00;202.32;Базовый
2026-08-10T13:02:44.529;220.886;756;2;LOCK;1309.3644;868.0241;0.9999;0;1.000;52.00;205.68;Базовый
2026-08-10T13:02:44.818;221.175;757;1;LOCK;1252.4975;913.1109;0.9997;0;1.000;56.00;209.36;Базовый
2026-08-10T13:02:44.818;221.175;757;2;LOCK;1309.3617;868.0242;0.9999;0;1.000;52.00;205.68;Базовый
2026-08-10T13:02:45.118;221.475;758;1;LOCK;1252.4925;913.1024;0.9997;0;1.000;56.00;203.16;Базовый
2026-08-10T13:02:45.118;221.475;758;2;LOCK;1309.3598;868.0241;0.9999;0;1.000;52.00;206.36;Базовый
2026-08-10T13:02:45.418;221.775;759;1;LOCK;1252.4651;913.1571;0.9997;0;1.000;52.00;201.84;Базовый
2026-08-10T13:02:45.418;221.775;759;2;LOCK;1309.3658;867.9828;0.9999;0;1.000;53.00;205.04;Базовый
2026-08-10T13:02:45.719;222.076;760;1;LOCK;1252.4447;913.2042;0.9997;0;1.000;52.00;201.84;Базовый
2026-08-10T13:02:45.719;222.076;760;2;LOCK;1309.3707;867.9498;0.9999;0;1.000;53.00;205.20;Базовый
2026-08-10T13:02:46.017;222.374;761;1;LOCK;1252.4375;913.2135;0.9997;0;1.000;52.00;202.52;Базовый
2026-08-10T13:02:46.017;222.374;761;2;LOCK;1309.3725;867.9331;0.9999;0;1.000;53.00;206.04;Базовый
2026-08-10T13:02:46.319;222.676;762;1;LOCK;1252.4398;913.2043;0.9997;0;1.000;52.00;201.84;Базовый
2026-08-10T13:02:46.319;222.676;762;2;LOCK;1309.3732;867.9315;0.9999;0;1.000;53.00;206.04;Базовый
2026-08-10T13:02:46.617;222.974;763;1;LOCK;1252.4460;913.1893;0.9997;0;1.000;52.00;201.84;Базовый
2026-08-10T13:02:46.617;222.974;763;2;LOCK;1309.3727;867.9386;0.9999;0;1.000;53.00;205.88;Базовый
2026-08-10T13:02:46.910;223.267;764;1;LOCK;1252.4516;913.1776;0.9997;0;1.000;52.00;201.84;Базовый
2026-08-10T13:02:46.910;223.267;764;2;LOCK;1309.3699;867.9618;0.9999;0;1.000;52.00;206.04;Базовый
2026-08-10T13:02:47.231;223.588;765;1;HOLD;1252.4538;913.1735;0.9847;1;1.034;52.00;201.84;Базовый
2026-08-10T13:02:47.231;223.588;765;2;LOCK;1309.4177;868.0431;0.9998;0;1.000;51.00;205.40;Базовый
2026-08-10T13:02:47.536;223.893;766;1;HOLD;1252.4538;913.1735;0.9553;3;1.102;52.00;201.84;Базовый
2026-08-10T13:02:47.536;223.893;766;2;LOCK;1309.4354;868.0557;0.9997;0;1.000;51.00;205.40;Базовый
2026-08-10T13:02:47.832;224.189;767;1;HOLD;1252.4560;913.1715;0.9843;1;1.034;52.00;209.00;Базовый
2026-08-10T13:02:47.832;224.189;767;2;LOCK;1309.4439;868.0709;0.9997;0;1.000;51.00;205.04;Базовый
2026-08-10T13:02:48.143;224.500;768;1;LOCK;1253.0483;913.4193;0.9997;0;1.000;75.00;210.36;Базовый
2026-08-10T13:02:48.143;224.500;768;2;LOCK;1309.4452;868.0745;0.9997;0;1.000;51.00;205.04;Базовый
2026-08-10T13:02:48.435;224.792;769;1;HOLD;1253.0483;913.4193;0.9847;1;1.034;75.00;210.36;Базовый
2026-08-10T13:02:48.435;224.792;769;2;LOCK;1309.4435;868.0723;0.9997;0;1.000;51.00;205.04;Базовый
2026-08-10T13:02:48.731;225.087;770;1;LOCK;1253.0151;913.4022;0.9996;0;1.000;54.00;210.36;Базовый
2026-08-10T13:02:48.731;225.087;770;2;LOCK;1309.4357;868.0607;0.9997;0;1.000;51.00;205.04;Базовый
2026-08-10T13:02:49.020;225.376;771;1;HOLD;1253.0151;913.4022;0.9699;2;1.068;54.00;210.36;Базовый
2026-08-10T13:02:49.020;225.376;771;2;LOCK;1309.4305;868.0525;0.9997;0;1.000;51.00;205.04;Базовый
2026-08-10T13:02:49.312;225.669;772;1;LOCK;1252.7819;913.2714;0.9997;0;1.000;55.00;202.20;Базовый
2026-08-10T13:02:49.312;225.669;772;2;LOCK;1309.3938;868.0339;0.9999;0;1.000;52.00;206.04;Базовый
2026-08-10T13:02:49.615;225.972;773;1;LOCK;1252.7819;913.2714;0.9997;0;1.000;55.00;202.20;Базовый
2026-08-10T13:02:49.615;225.972;773;2;LOCK;1309.3938;868.0339;0.9999;0;1.000;52.00;206.04;Базовый
2026-08-10T13:02:49.913;226.270;774;1;LOCK;1252.6949;913.2253;0.9997;0;1.000;55.00;202.20;Базовый
2026-08-10T13:02:49.913;226.270;774;2;LOCK;1309.3782;868.0279;0.9999;0;1.000;52.00;206.04;Базовый
2026-08-10T13:02:50.213;226.570;775;1;LOCK;1252.6949;913.2253;0.9997;0;1.000;55.00;202.20;Базовый
2026-08-10T13:02:50.213;226.570;775;2;LOCK;1309.3782;868.0279;0.9999;0;1.000;52.00;206.04;Базовый
2026-08-10T13:02:50.516;226.873;776;1;LOCK;1252.6949;913.2253;0.9997;0;1.000;55.00;202.20;Базовый
2026-08-10T13:02:50.516;226.873;776;2;LOCK;1309.3782;868.0279;0.9999;0;1.000;52.00;206.04;Базовый
2026-08-10T13:02:50.817;227.173;777;1;LOCK;1252.6949;913.2253;0.9997;0;1.000;55.00;202.20;Базовый
2026-08-10T13:02:50.817;227.173;777;2;LOCK;1309.3782;868.0279;0.9999;0;1.000;52.00;206.04;Базовый
2026-08-10T13:02:51.117;227.474;778;1;LOCK;1252.6949;913.2253;0.9997;0;1.000;55.00;202.20;Базовый
2026-08-10T13:02:51.117;227.474;778;2;LOCK;1309.3782;868.0279;0.9999;0;1.000;52.00;206.04;Базовый
2026-08-10T13:02:51.415;227.772;779;1;LOCK;1252.6248;913.1834;0.9997;0;1.000;54.00;202.52;Базовый
2026-08-10T13:02:51.415;227.772;779;2;LOCK;1309.3675;868.0091;0.9999;0;1.000;53.00;204.00;Базовый
2026-08-10T13:02:51.716;228.073;780;1;LOCK;1252.6248;913.1834;0.9997;0;1.000;54.00;202.52;Базовый
2026-08-10T13:02:51.716;228.073;780;2;LOCK;1309.3675;868.0091;0.9999;0;1.000;53.00;204.00;Базовый
2026-08-10T13:02:52.020;228.377;781;1;LOCK;1252.6248;913.1834;0.9997;0;1.000;54.00;202.52;Базовый
2026-08-10T13:02:52.020;228.377;781;2;LOCK;1309.3675;868.0091;0.9999;0;1.000;53.00;204.00;Базовый
2026-08-10T13:02:52.317;228.673;782;1;LOCK;1252.6248;913.1834;0.9997;0;1.000;54.00;202.52;Базовый
2026-08-10T13:02:52.317;228.673;782;2;LOCK;1309.3675;868.0091;0.9999;0;1.000;53.00;204.00;Базовый
2026-08-10T13:02:52.619;228.976;783;1;LOCK;1252.6248;913.1834;0.9997;0;1.000;54.00;202.52;Базовый
2026-08-10T13:02:52.619;228.976;783;2;LOCK;1309.3675;868.0091;0.9999;0;1.000;53.00;204.00;Базовый
2026-08-10T13:02:52.910;229.267;784;1;LOCK;1252.6248;913.1834;0.9997;0;1.000;54.00;202.52;Базовый
2026-08-10T13:02:52.910;229.267;784;2;LOCK;1309.3675;868.0091;0.9999;0;1.000;53.00;204.00;Базовый
2026-08-10T13:02:53.207;229.564;785;1;LOCK;1252.6248;913.1834;0.9997;0;1.000;54.00;202.52;Базовый
2026-08-10T13:02:53.207;229.564;785;2;LOCK;1309.3675;868.0091;0.9999;0;1.000;53.00;204.00;Базовый
2026-08-10T13:02:53.501;229.858;786;1;LOCK;1252.6248;913.1834;0.9997;0;1.000;54.00;202.52;Базовый
2026-08-10T13:02:53.501;229.858;786;2;LOCK;1309.3675;868.0091;0.9999;0;1.000;53.00;204.00;Базовый
2026-08-10T13:02:53.797;230.154;787;1;LOCK;1252.6248;913.1834;0.9997;0;1.000;54.00;202.52;Базовый
2026-08-10T13:02:53.797;230.154;787;2;LOCK;1309.3675;868.0091;0.9999;0;1.000;53.00;204.00;Базовый
2026-08-10T13:02:54.101;230.457;788;1;LOCK;1252.6248;913.1834;0.9997;0;1.000;54.00;202.52;Базовый
2026-08-10T13:02:54.101;230.457;788;2;LOCK;1309.3675;868.0091;0.9999;0;1.000;53.00;204.00;Базовый
2026-08-10T13:02:54.420;230.777;789;1;LOCK;1252.6248;913.1834;0.9997;0;1.000;54.00;202.52;Базовый
2026-08-10T13:02:54.420;230.777;789;2;LOCK;1309.3675;868.0091;0.9999;0;1.000;53.00;204.00;Базовый
2026-08-10T13:02:54.711;231.068;790;1;HOLD;1252.6248;913.1834;0.9699;2;1.068;54.00;202.52;Базовый
2026-08-10T13:02:54.711;231.068;790;2;LOCK;1309.3520;868.0058;0.9999;0;1.000;52.00;205.52;Базовый
